S02B0000433A2F55736572732F4B494954303030312F53696D706C696369747953747564696F2F76365F776F07
S31508000000C00A00207B7C02087F7C02087F7C0208ED
S3150800001089A602087F7C02087F7C02087F7C02088A
S315080000207F7C02087F7C02087F7C02087F7C0208AE
S315080000307F7C02087F7C0208AD6C02087F7C020880
S315080000407F7C02087F7C02087F7C02087F7C02088E
S315080000507F7C02087F7C02087F7C02087F7C02087E
S315080000607F7C02087F7C02087F7C02087F7C02086E
S315080000707F7C02087F7C02081DCD0008CDC80208D7
S315080000807F7C02087F7C02087F7C02087F7C02084E
S315080000907F7C02087F7C02087F7C02087F7C02083E
S315080000A07F7C02087F7C02087F7C02087F7C02082E
S315080000B0913700207F7C02087F7C02087F7C02083B
S315080000C07F7C02087F7C02087F7C0208FD78000896
S315080000D07F7C02087F7C02087F7C0208311F0008AB
S315080000E0111F00087F7C02087F7C02087F7C0208BB
S315080000F07F7C0208FD2D0208F9360208E17903081B
S31508000100DD790308452E0208F7790308E57903081F
S31508000110C9360208E97903085D4402083937020836
S315080001207F7C02087F7C02087F7C02087F7C0208AD
S315080001304B9D02087F7C02087F7C02087F7C0208B0
S315080001407F7C02087F7C02087F7C02087F7C02088D
S315080001507F7C02087F7C02087F7C02087F7C02087D
S315080001607F7C02087F7C02087F7C02087F7C02086D
S315080001707F7C02087F7C02087F7C02087F7C02085D
S315080001807F7C02087F7C02087F7C020885A2030820
S31508000190A11902087F7C0208CD1702080118020877
S315080001A07F7C02087F7C02087F7C02087F7C02082D
S309080001B07F7C020838
S315080001C0F0B5114A114C124E00F00105E3695F07BC
S315080001D013D40DB9334213D103EA00078F4207D16E
S315080001E00B4A1A40002A14BF6FF001000020F0BD28
S315080001F0013AEBD16FF00200F9E74FF0FF30F6E76E
S315080002006FF00100F3E700BF8096980000000350E6
S31508000210020001000B4B70B5D96911F480310DD17C
S3150800022001244FF48072084E084DF46020462C6471
S315080002301A61FFF7C5FF3464EC6070BD6FF001000A
S31508000240FBE700BF000003500010035000200350D6
S315080002504FF4803238B50E4B0E4C9A66E56941F676
S31508000260713315400122E3630B4B0021DA60022348
S31508000270606121202361FFF7A3FF10B92120FFF752
S315080002809FFF0122054BDA600DB10023E36338BDF9
S315080002900090005000000350001003500020035047
S315080002A070B5134C6061E3695B071ED40E4656F8B9
S315080002B0043B8D18A361AE420BD1042300212120F3
S315080002C02361FFF77DFF58B9BDE870402120FFF78D
S315080002D077BF08210846FFF773FF10B1042323618F
S315080002E070BD56F8043BA361E5E74FF0FF30F7E72A
S315080002F0000003502DE9F84316464FF48032184B98
S3150800030089469A6603F51C33DA69074602F480388B
S3150800031041F67132DA63012203F58053114DDA6032
S3150800032066B930460122104BDA60B8F1000F03D0E7
S315080003300022A3F50053DA63BDE8F88307F50054F5
S315080003402C40E41BB44228BF344649462246384668
S31508000350FFF7A6FF0028E5D12744A144361BDFE7AF
S315080003600090005000E0FFFF0020035010B582B057
S3150800037001A90DF1030000F0E7F8019A92F8403060
S315080003805BB2002B0FDD0949D36A496B19420AD0C3
S3150800039092F840100648074C013949B282F84010D5
S315080003A063634362836402B010BD00BF000004505B
S315080003B000100450002004502DE9F04F85B003A921
S315080003C00DF10B0000F0C0F8039C94F82950D4F8FE
S315080003D00C8004EB45039B8C94F82A60A068626B3A
S315080003E0216A08EB830306B1490803EB810C1168FF
S315080003F0494E21F07F4100EB810094F84210D778EE
S3150800040001EB410106EB0111168908615068013EAE
S3150800041020F07F4008EB800048614048009740EA9A
S315080004200610C860206B064601903D488662466203
S3150800043049696163E18C21B1013505F0010584F84C
S3150800044029501832944553D3A646364FDFF8DC9028
S315080004505EF8386B20E01AF0040F0CBF594694F882
S31508000460291002F10C021CBF04EB4101898C5D6165
S3150800047018BF08EB810121F00301C3F818E01AF050
S31508000480020FC3F81090D9611EBFD96941F0020165
S31508000490D96162455B462BD852F80C1C12F8050C3C
S315080004A021F07F41043006EB810154F820B012F8A0
S315080004B009AC32F8025C596052F8080C32F8041C90
S315080004C020F07F400BEB80000139986047EA011164
S315080004D003F11000196020F0030141F0020103F155
S315080004E0200BD960002DB6D10C3262450346D3D90C
S315080004F0009AD2070CD40C490C4A019858609960A6
S315080005001A6053F8041C43F00202D96043F8042C1D
S3150800051005B0BDE8F08F00BF5800045000003F0842
S3150800052000100450080020083C1004500A00300847
S315080005304FF0BA43196ADA6903F500530A40DA61DB
S31508000540704700BF000000005FF800F01D8C03082C
S31508000550000000000000000000000000000000008D
S31508000560013800D0FCE770472DE9F347D0F80CA016
S315080005701546504600220E462BF00BFC0446002872
S315080005806AD00022314650462BF018FC0746002850
S3150800059062D0227F037F93425ED1092B26D1C3689E
S315080005A0803359D1A0680CF0FDFF00223A4B0DF0BC
S315080005B051F841EC100B2846E36840F80C3B24F050
S315080005C005FE0022354B51EC100B0DF043F841ECBB
S315080005D0100B25F075F851EC100B0DF0D5FA1F220B
S315080005E0A860E96804202BF099FF6860237F072B31
S315080005F03ED1E36883BBFE6876BB684694ED020A83
S315080006000CF026FA009B0C33EB6003B9D0B9A0684E
S315080006100CF0C8FF0022224B0DF01CF80022214BDB
S315080006200DF018F81AA3D3E90023804689460DF081
S315080006308DFA08B11F2E13D1EE60404649460DF0DB
S31508000640A3FA064697ED020AAE6001A80CF000FA76
S3150800065010B1019B0F330BD0012002B0BDE8F08723
S3150800066042464B464046494601360CF03DFED9E720
S31508000670DAF80030214650469B699847DAF8003088
S31508000680504639469B6998470020E6E7AFF3008055
S3150800069000000000C0FFCF400000A0410000E0417C
S315080006A00000B0400000084051EC100BC1F30A539B
S315080006B02DE9F041A3F2FF350C460646132D22DC40
S315080006C0002D41DB384B0F4643FA05F801EA0803CB
S315080006D003431DD032A3D3E900230CF005FE002204
S315080006E000230DF047FA40B1002C03DA4FF48013CB
S315080006F02B411F4427EA080400262346324643ECCA
S31508000700102BBDE8F081332D06DDB5F5806F2BD0B3
S3150800071041EC100BBDE8F081A3F213434FF0FF370D
S31508000720DF403842F4D01EA3D3E900230CF0DCFDE9
S31508000730002200230DF01EFA0028DED0002C3346D6
S3150800074020DB23EA0706D8E715A3D3E900230CF034
S31508000750CBFD002200230DF00DFA0028CDD0002C89
S3150800076009DB00263446C8E702460B460CF0BCFDFA
S3150800077041EC100BCEE724F0004426430DD14FF090
S315080007800044BAE7142D06D0C5F134050122AA4063
S3150800079013449E42D5D90134D3E70026034CACE76F
S315080007A09C7500883CE4377EFFFF0F000000F0BF11
S315080007B00348044B834202D0034B03B118477047E2
S315080007C0B83A0020B83A002000000000064B074956
S315080007D0C91A891048BF0131491003D0044B0BB11F
S315080007E001481847704700BFB83A0020B83A0020B9
S315080007F00000000010B5064C237843B9FFF7D8FF70
S31508000800044B13B10448AFF300800123237010BDD5
S315080008107032002000000000802E040808B5054B41
S315080008201BB105490548AFF30080BDE80840FFF74E
S31508000830CDBF00BF00000000C80D0020802E0408B0
S31508000840A3F5803A704700BF174B002B08BF134B20
S315080008509D46FFF7F5FF00218B460F461348144ABD
S31508000860121A37F01AFD0E4B002B00D098470D4B85
S31508000870002B00D098470020002104000D000D48E9
S31508000880002802D00C48AFF3008025F0EDFE2000CA
S3150800089029002CF01DF825F055FD00BF00000800C2
S315080008A00000000000000000C00A0020C00A002066
S315080008B020340020000000000000000037B5044680
S315080008C010F00CFE002840D1214B20766361A36806
S315080008D043F48013A36029F03CFFA368A0801B03A0
S315080008E00CD4B0F5FA7F09D939F033F90121054658
S315080008F0084638F0E9FA284639F026F9204610F075
S3150800090015FE0546F0B9134813F0ACFB2DF052FD61
S315080009100FF04CFA2FF063F92DF0F4F92A4601216D
S3150800092004202DF01CFD01A88DF8045010F0B4FF2A
S315080009300321042013F05CF80A200FF007F820467C
S3150800094026F0AAF9284603B030BD0025FAE700BF0D
S3150800095005040300863A002008B5044904481CF03B
S3150800096071FCBDE808401CF09DBC00BF6CA30308E1
S3150800097054A403084FF08052014B5A60704700BFD9
S3150800098000ED00E0F8B50E460546D0B1C9B10E4BEC
S315080009900E4F1968386802F09BFC044678B906239E
S315080009A032460B49386802F05BFD044638B9012324
S315080009B02A460849386802F053FD00B12C702046D3
S315080009C0F8BD2124FBE700BFD4370020F437002008
S315080009D02C0004003C00040008B5044839F03FFA2E
S315080009E02BF026FFBDE8084000F06EB9B8C303082F
S315080009F0014839F034BA00BFB8C3030870B52A4EA7
S31508000A0092B0354605AC0FCD06F114050FC40FCDCF
S31508000A100AAC0FC495E80F0084E80F00234B24485E
S31508000A2007930AAB09934FF48073ADF82C3039F06D
S31508000A3016FA204839F013FA0421B38E0DEB01009B
S31508000A400022ADF8043027F0A7F9F38E002204211E
S31508000A5002A8ADF8083027F09FF9338F0022042149
S31508000A6003A8ADF80C3027F097F9022301220421D8
S31508000A7004A8ADF8103027F08FF90F4805A904F03F
S31508000A804FFB0E4B0E4A0020C3F8CC244FF002123F
S31508000A90C3F8C424A2F58032C3F8C8241C22C3F8BC
S31508000AA0B42412B070BD00BFE8A40308A05A3200EF
S31508000AB0BCC30308B8C3030800C0085000C00350ED
S31508000AC00200030010B50446012026F0F8F8762146
S31508000AD0054828F031F82146034828F02DF800206B
S31508000AE026F0EDF8002010BD00C0085070B5054688
S31508000AF0C0F3C7100E46144665F07F05FFF7E2FF00
S31508000B00012026F0DCF80948E9B228F015F8264451
S31508000B10B44204D1002026F0D2F8002070BD00218E
S31508000B20024828F009F804F8010BF1E700C008505C
S31508000B3038B504460D46C0F3C710FFF7C3FF0120BA
S31508000B4026F0BDF804F07F01054827F0F5FF294691
S31508000B50034827F0F1FF002026F0B1F8002038BD41
S31508000B6000C00850DFED497AB4EEE70AF1EE10FA54
S31508000B7010B52DED028B54DCDFED457AB4EEE70AAD
S31508000B80F1EE10FA52DCDFED437AB4EEE70AF1EE45
S31508000B9010FA50DCDFED407AB4EEE70AF1EE10FA0F
S31508000BA04EDCDFED3E7AB4EEE70AF1EE10FA4CDCE5
S31508000BB09FED3B8AB4EEC80AF1EE10FA4ADCDFED87
S31508000BC0397AB4EEE70AF1EE10FA48DCDFED367A48
S31508000BD0B4EEE70AF1EE10FA44DCF3EE027AB4EE6C
S31508000BE0E70AF1EE10FA42DCF2EE027AB4EEE70A10
S31508000BF0F1EE10FA40DCF1EE087AB4EEE70AF1EE0F
S31508000C0010FA4FF00B003CDD0C24B1EE098A26F0F1
S31508000C105CF9204626F06EF9B0EE480ABDEC028B68
S31508000C2010BD03209FED218A0446F0E704209FEDBE
S31508000C30208A0446EBE705209FED1E8A0446E6E770
S31508000C4006209FED1D8A0446E1E70F209FED1B8ACB
S31508000C500446DCE707209FED1A8A0446D7E70820F2
S31508000C600446D4E709209FED178A0446CFE70A20F1
S31508000C70B3EE098A0446CAE70B20B2EE098A04468F
S31508000C80C5E70D24B0EE098AC1E700BF0080BB4561
S31508000C9000803B450080BB4400803B440080BB434A
S31508000CA00000C84200009642000014420000FA45BF
S31508000CB000007A450000FA4400007A440000FA432E
S31508000CC000004843000048422DE9F0415E4C92B0CE
S31508000CD009AD94E80F0085E80F000DAA174604F140
S31508000CE0100304F1200C164618685968083303C621
S31508000CF063453246F7D11868544B08A9306018790D
S31508000D0039F0A8F8524839F0AAF8524839F0A7F845
S31508000D104FF4807308985049ADF83430814228BFA3
S31508000D2001460C9728F029F829464FF4E0650A9001
S31508000D304A4804F03FFD494827F0C7FF474827F0CF
S31508000D40EDFF464827F0D6FFB4F824800122042197
S31508000D506846ADF8008027F01FF8E78C00220121CD
S31508000D6001A8ADF8047027F017F8268D0122042192
S31508000D7002A8ADF8086027F00FF80122042103A89D
S31508000D80374CADF80C5027F007F8364B4FF448703F
S31508000D90C4F8C8344FF00213C4F8C43403F58033DA
S31508000DA0C4F8CC341C23C4F8B43408F06DF807A88A
S31508000DB0ADF81C5000F0FEFF142008F065F807A8EF
S31508000DC0ADF81C5000F0E6FF232008F05DF807A8F0
S31508000DD0ADF81C5000F0EEFFB921204827F0C3FFFC
S31508000DE007A8ADF81C5000F0D5FF002204A811464C
S31508000DF0ADF8108026F0D0FF002205A81146ADF800
S31508000E00147026F0C9FF0122002106A8ADF8186063
S31508000E1026F0C2FF0122002107A8ADF81C5026F0D3
S31508000E20BBFF0E4804F08CFC00230A48C4F8B4340F
S31508000E30C4F8C834C4F8C434C4F8CC3439F012F849
S31508000E4012B0BDE8F08100BF24A5030818C5030841
S31508000E50B8C30308BCC30308E070720000C008509A
S31508000E6000C003500200010010B50A46044619B135
S31508000E70024B00211B68984710BD00BF50A5030808
S31508000E800E4B0340B3F1607F06D1B1F5885F0CBF06
S31508000E9000206FF086007047B3F1707F0BD101F424
S31508000EA0E043B3F5005F06D111F4E06F14BF0020EC
S31508000EB06FF0860070476FF0860070470000C07FAD
S31508000EC08A42F8B506460D4600F0CD806A4B22F4F4
S31508000ED0FF7121F00101994210D0684922F0FF0301
S31508000EE08B420BD022F47F7020F00300A1F57061CD
S31508000EF0884203D001F5A0618B4227D15E4B25F4C9
S31508000F00FF7121F00101994210D05C4925F0FF03D9
S31508000F108B420BD025F47F7020F00300A1F5706199
S31508000F20884203D001F5A0618B420FD115F0FF006E
S31508000F300BD0534B40F00070984240F0968082EAFE
S31508000F400500FF288CBF00200120F8BD05F0FE43F0
S31508000F50B3F1A06F11D102F0FE43B3F1A06F72D1C5
S31508000F6082EA050333F47E136DD128046BD5C5F3E5
S31508000F700540C2F305429042E4E7B3F1407F62D1EF
S31508000F8002F0FE43B3F1407F5DD182EA050030F4FA
S31508000F907E1458D131462846FFF772FF002864D1DF
S31508000FA0384912F47C1701EA020116D0B1F1607FC4
S31508000FB0C2F3054336D1D1B241F0007101F17E4149
S31508000FC00339102901D83048445C15F47C1F2FD109
S31508000FD09C4214BF00200120B7E7B1F1607F0AD117
S31508000FE0D3B243F0007303F17E43033B102B40D882
S31508000FF02649CB5CDFE7B1F1707F17D106F4E043F1
S31508001000B3F5005F33D10123C6F302218B4006F402
S31508001010E041B1F5005FD8D10120C6F3022600FAF7
S3150800102006F4D2E7B1F1707FCFD1F0E73B46CCE7C3
S315080010301FB9C5F30541A14215D0290403D5C5F347
S31508001040054098427EE725F47F03B3F1106F0CD173
S3150800105002F0FE43B3F1106F07D10D48104040F07F
S315080010601060A842B5E701206FE700206DE73B4610
S31508001070CDE73B469FE700BF0002000600130006C7
S31508001080FF0000020000C07F54A5030854A503080A
S315080010900000FFF637B50D4D0C466B78022B12D1C2
S315080010A02B78072B0FD100230A460193014601AB83
S315080010B0281D28F047FA20B9019BA34218BF6FF0F4
S315080010C0930003B030BD6FF08800FAE7E00D00200A
S315080010D038B500F0FE43B3F1407F04460D4602D012
S315080010E06FF0860038BDFFF7CBFE0028F8D114F460
S315080010F07C1F18D0C4F30543032B137022D9224A48
S315080011002240B2F1607F31D1E4B244F0007404F1B8
S315080011107E44033C102CE3D81C4A125D9342DFD868
S31508001120142BDFD90EE0184B2340B3F1607F0FD1A3
S31508001130E3B243F0007303F17E43033B102B04D95B
S31508001140002313706FF08500CCE71149CB5CD3E719
S31508001150B3F1707FF4D101F4E043B3F5005FEFD14A
S315080011600123C1F302218B40DBB2C5E7B2F1707FE0
S31508001170B6D105F4E042B2F5005FB1D10122C5F35C
S315080011800225AA40CAE700BF0000C07F54A503088D
S3150800119054A503082DE9F843884617461C4600F06F
S315080011A0A1FB0546002844D1D8F80060B6F800909F
S315080011B009F4E043B3F5804FB36808BF27F0010789
S315080011C037EA03032DD1A4B3244B24F4FF7222F08B
S315080011D001029A4210D0224A24F0FF0393420BD010
S315080011E024F47F7121F00301A2F57062914203D0C5
S315080011F002F5A06293421FD114F0FF0304D0194AE6
S3150800120043F0007393421ED022464846F168FFF722
S3150800121057FE074668B9224648463169FFF750FE29
S31508001220D0B96FF0840500233046C8F8003026F0A0
S31508001230F3FB2846BDE8F88304F0FE43B3F1407F8C
S3150800124004D12304E0D56FF08605ECE7B3F1A06F6F
S31508001250F7D0044B9C42D6E73D46EAE70002000673
S3150800126000130006FF0000022DE9F04F9B460023FD
S3150800127089B08DF81B30159B9246DDE91289002B43
S315080012800E460B460CBF4FF400624FF4806207A966
S31508001290149FFFF77FFF044610BB079D3046298839
S315080012A00DF11B02FFF714FF0446C8B99DF81B0091
S315080012B0484531D8D5E908126B681B0A012B20D09E
S315080012C0184CA34200D053BBCDE903073346284642
S315080012D0CDE901B8CDF800A028F093FC044608B182
S315080012E0C7F800904A46214640463B6825F087FEE7
S315080012F0079826F091FB002C18BF204609B0BDE8D8
S31508001300F08FCDE9030733462846CDE901B8CDF875
S3150800131000A028F019FCE1E76FF08904E0E76FF018
S315080013208604DDE7020080002DE9F04F064600201E
S315080013308BB00F4614469946CDE906000992186007
S31508001340002A00F09880B2F1005F80F0978006AA24
S31508001350314607AB25F0F8FF024628BB069B5A6ABA
S315080013608AB1069DA8466A686B88120A012A0893FC
S3150800137058F824AF2B6A6DD042498A425FD01AB317
S315080013806FF0860210E073681B0A15D0012B04D093
S315080013903C498B420FD00992F2E7304609A90994D5
S315080013A026F01DFA024638B1DDE90601059226F057
S315080013B032F8059A3FE009940999069825F058FEEF
S315080013C002460028CDD0EFE70DF1200B224639461C
S315080013D02846CDE9018BCDF800A0059328F091FBAE
S315080013E010F1860F0246059B09D122463946284642
S315080013F0CDE9018BCDF800A025F05DFE02460698E2
S31508001400002AD1D14288089B7ABB43804FF6F872EE
S3150800141093422DD8338813B102889A42B0D1738883
S3150800142013B142889A42ABD14A46079925F0DAFFAA
S3150800143002460028B8D110460BB0BDE8F08F08AABE
S31508001440CDE90182394622462846CDF800A028F083
S3150800145058FBD3E708AACDE9018239462246284631
S31508001460CDF800A028F0FEF9C8E79A42CED087E763
S315080014706FF0850298E76FF08602DCE76FF0850269
S31508001480D9E700BF020080002DE9F0439946002302
S315080014900C46016885B005461746039300295BD1BB
S315080014A000F108089822404636F0F7FEB9F1000F19
S315080014B020463B460CBF4FF400624FF4806203A9F6
S315080014C0FFF768FE0446002848D1039C3846218861
S315080014D02A1DFFF7FDFD0646002844D16B7969F3FE
S315080014E000036B716168D4E90823090AB9F1000F92
S315080014F020D0012915D01E48814200D0A9BB21461B
S315080015004046009728F0B6FB044638BB04232B60F8
S31508001510039826F081FA002E18BF304605B0BDE8BC
S31508001520F08321464046009705F0A6FE0446A8B972
S315080015300523ECE7012909D00D48814200D0A1B95D
S3150800154021464046009728F0DDFBDDE72146404668
S31508001550009728F01EFBE9E76FF08804284625F077
S315080015605EFF2646D4E70446F8E76FF08604F5E7FB
S31508001570020080002DE9F04F00249B4601F0FE434F
S315080015808FB0B3F1806F0F46DDE918689246DDF833
S315080015906890099440F085800B464FF4807209A93B
S315080015A0FFF7F8FD054600287FD1099B1B8803F441
S315080015B0E042B2F5005F1CD113F4E06F19D03F4941
S315080015C027F480728A420AD001F500718F4206D04C
S315080015D03B498F4203D0A1F53F418A4209D10124F4
S315080015E0C3F302239C40102C0ED900266FF0830506
S315080015F034E042F20402934202D1324B9F420DD0AC
S31508001600314B9F420CD10D24A04550D321460AA840
S31508001610FFF740FD054620B100261FE00C24F3E73E
S3150800162000240998D0E908126EB306EB040C456845
S31508001630A8EB04032D0A012D27D0DFF890E07545A5
S3150800164000D07DBBCDE905390AAB0093CDE903BCD3
S315080016503B46CDE9014A28F0D2FA0546099826F014
S31508001660DBF907463DBB38BB24B1224630460AA9FA
S3150800167036F03AFED9F800301C443846C9F800401E
S315080016800FB0BDE8F08FB446D1E7CDE905390AAB0E
S315080016900093CDE903BC3B46CDE9014A28F052FA4E
S315080016A0DBE726466FF08605D8E72646D6E7002606
S315080016B06FF08905D2E72F460024DEE70010C00444
S315080016C000FF4004000180040013C00402008000EB
S315080016D0002307B51A460091024925F091FF03B089
S315080016E05DF804FB68A5030810B5114C2378580764
S315080016F044BF03F0FB032370990705D500F098F85B
S31508001700237823F00203237063781BB10023094A68
S31508001710636053600023082106486370FFF7A4FB43
S315080017202378DA0744BF23F00103237010BD00BFF6
S31508001730E00D0020E40D002038B51A4D6A782B78A4
S31508001740022A01D1072B1DD0DC070BD427F0EFFEA8
S31508001750044610B927F0F4FE04462B7843F001033B
S315080017602B70E4B9980707D400F05AF82B7804468A
S3150800177043F002032B7090B96A780AB9D90704D4E2
S315080017805A0708D50024204638BD07496A604A60CA
S3150800179002226A70F4E743F004032B70F2E7FFF7BE
S315080017A0A3FFF0E7E00D0020E40D002000F1404320
S315080017B0032B70B505460E460CD82822174C02FB9B
S315080017C00344237E022B02D1636983421ED06FF045
S315080017D08B0021E0012126F0F9F870B10F4B0022A9
S315080017E01C46197E022902D15969A9420BD0013239
S315080017F0042A03F12803F4D1E9E76FF087000BE028
S315080018006FF0960008E0282303FB0244204626F0E2
S31508001810D0F80028F4D1346070BD00BFEC0D00206C
S315080018200122024B002083F8A0207047EC0D00200F
S315080018302DE9F0410A4C002526464FF001080327FA
S315080018402046C4F81C802776013525F06FFC042D48
S3150800185004F12804F4D1002386F8A030BDE8F0810D
S31508001860EC0D0020F8B51E4D064695F8A0300F463B
S3150800187083B300242B462246197ED1B13CB90229EE
S3150800188005D1D96919B91979002918BF1C46013239
S31508001890042A03F12803EFD114B96FF08C0006E08F
S315080018A0204626F086F8204625F040FC10B1002494
S315080018B00EE01C46237E83B9012323763EB1651BC1
S315080018C0ED1003F1CC335D4305F18045356000200A
S315080018D03C60F8BD6FF08800E9E76FF09600E6E730
S315080018E0EC0D0020F7B50026294B0E6093F8A030C2
S315080018F007460D46002B48D0FFF758FF10F18C0F0E
S31508001900044627D129463046FFF7ACFF044608BBF4
S3150800191001232E68CDE90000694630467761736079
S3150800192001AA26F0FCF8044628B9DDE9001230467B
S3150800193025F0B1FB0446DDE9000126F0EEF828683B
S315080019405CB125F0F3FB14F18C0F08BF6FF0870428
S3150800195000232B60204603B0F0BD8368D90444BF3A
S3150800196043F4806383609A0444BF43F4006383604E
S31508001970037E012B04BF0223037626F01AF80446D9
S315080019800028E7D06FF09604E2E76FF08804E1E7F5
S31508001990EC0D002030B40D4D2C681C606C685C6042
S315080019A000249C605468DC6014881C8254885C821D
S315080019B094685C61D4689C61126930BCDA6119620A
S315080019C00A46014603F1240036F08EBC6CA50308CE
S315080019D02DE9F843232904460F4691469846089E62
S315080019E004D86FF098052846BDE8F88308221949F7
S315080019F036F02AFC05460028F3D1A368002BF0D15F
S31508001A00216A243F8F42C8F80010EAD3B1F5005F77
S31508001A10E7D271B9C9F80000E3687360238A338096
S31508001A20638A73806369B360A369F360E3693361AA
S31508001A30D9E7012028F05FFDC9F8000030B1D8F8D1
S31508001A40002004F1240136F04FFCE5E76FF08C0521
S31508001A50C9E700BF6CA5030807B5082026F085F975
S31508001A600222064B6846CDE9002326F0AAF808208C
S31508001A7003B05DF804EB26F083B900BF006A1810BE
S31508001A800348044A0449121A921026F0F9B800BF0E
S31508001A90C0010008600500082034002008B5154B71
S31508001AA083F30A8800F030F8FFF7EAFF124B134970
S31508001AB08B4212D30020124B12498B4218D3FEF7E1
S31508001AC0C3FE186850F82240586840F82240013290
S31508001AD098688242F5D30C33EAE70022F8E71C68D7
S31508001AE044F8220001325C68A242F8D30833E4E7DE
S31508001AF00022F8E700000020882E0408942E040827
S31508001B00942E0408942E04084FF48041144B154A69
S31508001B1070B59A60D3F88820134D42F47002C3F862
S31508001B208820124A05F5005491664FF0FF32226666
S31508001B306FF4003262660D22A2660222C3F8D02034
S31508001B40BFF34F8FBFF36F8F4FF44036002006F078
S31508001B5077F80020E66006F057F82E6170BD00BFE2
S31508001B6000ED00E0000000080080004400900050EE
S31508001B70014B1860704700BFC8370020054B186036
S31508001B80054B1B6F03F00703032B01D136F048BD45
S31508001B90704700BFD03700200080005030B5056878
S31508001BA087B0AB8804461848ADF80C3038F057F9BA
S31508001BB00022012103A826F0EFF80DF10B0103A876
S31508001BC026F018F99DF80B3083F001032B70AB79DA
S31508001BD0022B15D14FF0FF330022CDE9043304A9B7
S31508001BE00A4B009403A800F05BF9049B00940133A8
S31508001BF00CBF04220122054B05A903A800F0EAF848
S31508001C00002007B030BD00BFB8C30308AF7C020888
S31508001C10002307B52948019338F021F94FF440739A
S31508001C20012204216846ADF8003026F0B5F80122F5
S31508001C30234B0520C3F8442401A938F00BF90028E2
S31508001C4039D1204BD3F8F02042F00102C3F8F02036
S31508001C50D3F8FC2042F08072C3F8FC201A4AA3F598
S31508001C605D431A60019B194A03F5D52303F2FC4329
S31508001C70B3FBF2F3164A013B13610223C2F8F030B4
S31508001C804FF48073C2F804334FF06043114AC3F827
S31508001C90B02F114AC3F8802ED3F8002E42F4807272
S31508001CA0C3F8002EFF2283F82020D3F8002E22F452
S31508001CB08072C3F8002E03B05DF804FBB8C30308AE
S31508001CC000D0035000ED00E0FF030040F8590D0076
S31508001CD0000004E055CEACC5090001004FF0604392
S31508001CE0D3F8802E30B5D20715D501240B4D844084
S31508001CF0D5F8FC2042F08072C5F8FC20D3F8002EF7
S31508001D002243C3F8002E53F82020002AF0D003F807
S31508001D102010002030BD1120FCE700BF00ED00E0D8
S31508001D2070B5044601260C4D04B970BD94FAA4F0AA
S31508001D30B0FA80F006FA00F224EA0204C200AA58B1
S31508001D400F2805EBC001C8BF1038002AECD0496837
S31508001D50C0B29047E8E700BF900E002008B50C48CF
S31508001D6038F07DF8272005F05DFF28B1272005F01B
S31508001D7067FF272005F048FF282005F053FF28B104
S31508001D80282005F05DFF282005F03EFF002008BD4D
S31508001D90B8C3030848B10122437801789A40302332
S31508001DA05943034B00205A5070472220704700BF02
S31508001DB040D0035048B10122437801789A40302335
S31508001DC05943034B00205A5070472220704700BFE2
S31508001DD040E003502DE9F0410D4690461F46044663
S31508001DE0002836D0002934D037F0BCFE23780646C2
S31508001DF0FF2B05D042462046296803F0F9FD2860E6
S31508001E002868421C0BD12378FF2B1CD1124B607813
S31508001E10D3F8241426F0C4FF431C286013D00F49B6
S31508001E20069B41F8307001EBC0014B602378FF2B0D
S31508001E3004D001230A4A8340C2F82434304637F0D6
S31508001E408CFE002003E0304637F087FE2D20BDE8E3
S31508001E50F0812220FBE700BF00C00350900E00204F
S31508001E6000D003500F2838B5054613D837F07AFE48
S31508001E7001230024084AAB40C2F82034C2F82434AF
S31508001E80064B43F8354003EBC5035C6037F065FE47
S31508001E90204638BD2120FCE700E00350900E0020C4
S31508001EA02DE9F0410D4690461F46044650B349B306
S31508001EB037F058FE23780646FF2B05D042462046C3
S31508001EC0296803F01BFE28602A68531C14D00E49A3
S31508001ED0069B103241F8327001EBC2014B60237841
S31508001EE0FF2B04D001239340084AC2F82434304615
S31508001EF037F033FE002003E0304637F02EFE2D2063
S31508001F00BDE8F0812220FBE7900E002000D00350A8
S31508001F1008B503F013FD054B00F0553020F0A0403E
S31508001F20C3F82004BDE80840FFF7FABE00E00350F6
S31508001F3008B503F003FD054B00F0AA3020F0204059
S31508001F40C3F82004BDE80840FFF7EABE00E00350E6
S31508001F500123017A0269204803FA01F182422AD054
S31508001F6000F58040824221D01C4B9A4225D003F5C9
S31508001F7080439A4223D003F580439A4221D003F541
S31508001F8080439A421FD003F580439A421DD003F539
S31508001F9080439A421BD003F580439A4219D003F531
S31508001FA080439A4214BF4FF0FF3309230C4AB733D4
S31508001FB05B01D15070470023F8E70223F6E70323B5
S31508001FC0F4E70423F2E70523F0E70623EEE7072301
S31508001FD0ECE70823EAE700BF00800450000005503C
S31508001FE000C003500123017A0269204803FA01F16F
S31508001FF082422BD000F58040824221D01C4B9A4267
S3150800200026D003F580439A4224D003F580439A42AA
S3150800201022D003F580439A4220D003F580439A42A2
S315080020201ED003F580439A421CD003F580439A429A
S315080020301AD003F580439A4214BF4FF0FF330923A1
S315080020400C4A03F237135B01D15070470023F7E7B8
S315080020500223F5E70323F3E70423F1E70523EFE774
S315080020600623EDE70723EBE70823E9E7008004509A
S315080020700000055000C0035030B5914A8BB002608D
S31508002080904A03694260904A0446934272D052D8F5
S31508002090A2F50042934263D002F58042934264D08F
S315080020A0A2F50042934256D00025284637F0D7FEBF
S315080020B00D22002102A836F0F0F802230122206939
S315080020C08DF80930814B039300F580531A63804BD2
S315080020D0984260D003F5804398425CD003F580436C
S315080020E098425BD003F58043984257D003F5804366
S315080020F0984253D003F5804398424FD003F5804366
S3150800210098424BD003F58043984247D003F5804365
S3150800211098423ED003F58043C31A18BF0123013BFA
S31508002120A269012A01D99A423BD9284637F09AFE74
S3150800213001200BB030BD674A934220D002F5804299
S31508002140934221D0A2F500429342ADD1624B634A35
S31508002150634D1A60A9E7604B624A634D1A60A4E7AB
S315080021605D4B624A624D1A609FE75B4B614A624D5E
S315080021701A609AE7584B614A614D1A6095E7564BC3
S31508002180604A614D1A6090E7534B604A604D1A6089
S315080021908BE70023C3E74FF0FF33C1E74FF6FF7322
S315080021A0BEE7A37B217A003B18BF012302AA8DF85C
S315080021B0123026F02EFD574837F051FE637AA27B7F
S315080021C08DF80030003AA37A18BF01220421684628
S315080021D08DF8013025F0E0FD22693D4B9A425DD02D
S315080021E003F580439A425BD003F580439A4259D05F
S315080021F003F580439A4257D003F580439A4255D057
S3150800220003F580439A4253D003F580439A4251D04E
S3150800221003F580439A424FD003F580439A424DD046
S315080022203D483E49A3F52E33A3F59E73824208BF67
S315080022300B46A07A627A217A42EA004243F82120C4
S31508002240636953B1244B01A91B68187937F002FE5C
S315080022506269019BB3FBF2F3013BA2692569013A66
S31508002260B3FBF2F35343934238BF134600212A6B5C
S315080022700DF119000F22EB6136F00FF801232846FD
S3150800228006A98DF8183026F083FC2046A18925F08A
S31508002290D1FD2046FFF7A6FE00204AE7204BC8E7F7
S315080022A0204BC6E7204BC4E7204BC2E7204BC0E7CC
S315080022B0204BBEE7204BBCE7204BBAE7204BB8E7DC
S315080022C0357E02082F7E02080040055000010300F3
S315080022D00080045000C00550900F002030C4030849
S315080022E090C30308E0C40308A0C30308B4C40308E2
S315080022F09CC3030888C4030898C303085CC403087E
S3150800230094C3030804C403088CC30308D8C303088A
S3150800231088C30308B8C3030800C0065004C803509E
S31508002320E4C6035004C7035024C7035044C70350E8
S3150800233064C7035084C70350A4C70350C4C70350D7
S31508002340E4C7035013B504460A4837F088FDA27857
S315080023500421B2FA82F2237852098DF804306378A0
S315080023600DEB01008DF8053025F016FD002002B0B2
S3150800237010BD00BFB8C303082DE9F04F1446064642
S315080023800F4689B00393C36B01225B6904A9606891
S315080023909847F36B01225B6905A93846984704A854
S315080023A026F05FFA054650B10023A37563754FF012
S315080023B0FF33A3600025284609B0BDE8F08F05A8BD
S315080023C026F05CFA0123A375237E04EBC303DF61C1
S315080023D01D846368BB420ED1206005A826F06FFAFB
S315080023E04FF0FF332075A360237D043B022B26D8CC
S315080023F00023A375DEE723681A1A53425341A375CF
S3150800240005A826F05CFA237D834218BFA57505A8A2
S3150800241026F038FA804604A826F034FA804518BF14
S31508002420002305A818BFA37526F033FA804604A82A
S3150800243026F02FFA80451CBF0023A375D4E705A80C
S3150800244026F020FA80B1F36B022238465B6906A9AA
S31508002450984706A826F024FA0346207D032839D88B
S31508002460DFE800F03838040905A8F3E7CC22237E14
S3150800247004EBC3031A8401F0ADFA129B187005A881
S3150800248094F8188026F0F2F904EBC80888F82200B8
S31508002490237E05A804EBC303B3F820A093F8228093
S315080024A026F0F0F9814605A826F0F3F98346B9F136
S315080024B0000F14D0F36B022238465B6906A99847C9
S315080024C006A826F0B3F9607568B90023A3754FF01E
S315080024D000093CE0227E04EBC2021384CBE705A880
S315080024E026F08FF9EFE794F81690B9F1000FEED0C1
S315080024F0BAF1000F0DD1B8F1000F1DD00123E37515
S31508002500637E002B3FD1B8F1010F30D184F81980D2
S3150800251014E0736C07EB0B015A4287EA010010427C
S315080025201CBF0022A2755A1E0A409B1A9A45CCD88F
S31508002530A37D002BDFD1CAE7E37D43B94FF000093D
S3150800254053465A463946304625F0D2FEA060A37D4A
S3150800255013B12269524422611F49227E09789142A9
S315080025601AD901322276039ACAB91D4623E796F884
S3150800257034307BB9F36A0133E2D1B8F1030FDFD106
S315080025800123A376DAE7B8F1010FE0D0B8F1030F1B
S31508002590D4D1F5E79946D3E70023A3750BE7002BBB
S315080025A03FF409AFE57D002DDFD0B9F1000F11D159
S315080025B0B8F1030F3FF4FFAEA1684B1C3FF4FBAE26
S315080025C0129B2246009330460123FFF7D5FE0546A7
S315080025D0A075F0E64D46EEE694A503082DE9F04F02
S315080025E00E46984600238BB004464FF0FF3110463E
S315080025F017468DF8133001F0D7F9B6F5801F20D2AB
S31508002600314605AA04F1080026F079F8451C01466A
S3150800261003D1237CBBB92D2010E0384601F0C4F95C
S315080026200122394620460DF1130325F0B3FE002892
S31508002630EFD09DF8133088F8003000200BB0BDE8C5
S31508002640F08FB01CE5D1E56A691C36D12046616A6F
S3150800265025F094FD0546B31C18BF0123DFF8CC907E
S315080026600193636A626C0293236805A902FB053A23
S31508002670E36B05225B695046984705A826F08BF957
S3150800268026F0AEF9504626F0B6F94FF0000B824612
S3150800269001464B1C05D0636C81EA0A025B42134271
S315080026A011D02946204625F069FD029BAB422CD065
S315080026B0BBF1000F2CD10546D3E72368ED1A636CEE
S315080026C0B5FBF3F5C7E7484601F06EF90DF11303BC
S315080026D049462046019A25F05DFE034690B1B21C94
S315080026E003D0D9F80020B2420CD19DF813200393E9
S315080026F00D4B88F8002049461A68384635F0F4FD2F
S31508002700039B9B46D9F80810C3E7BBF1000F82D09C
S31508002710B6F5801F91D2314698F800307A6804F1F0
S31508002720080001F06FF888E790A50308081600204E
S315080027302DE9F3410446174698460E46184D816A18
S31508002740E36A8B4201D04B1C02D102B0BDE8F0818E
S31508002750284601F029F90122294620460DF10703EA
S3150800276025F018FE38B14346294620469DF807202D
S31508002770B8470028E9D0A9684A1C04D169682046E8
S3150800278025F089FD0146012EDAD16B6881EA03023C
S31508002790636C5B421A4218BF4FF0FF31D0E700BFA7
S315080027A0DC1500202DE9F0474FF0FF334FF6FF7296
S315080027B00025044600F108078AB0C0E90923C36268
S315080027C0056205633846884625F06AFF204625F0E7
S315080027D055FC60BB2046414625F020FD204625F0E5
S315080027E04DFC60BB5E200AB0BDE8F0872368E26B4B
S315080027F0606C566900FB0530052205A9B04705A897
S3150800280026F0C9F8012806460CD12946204625F0A7
S31508002810D6FC012E024600D101322946204625F073
S315080028204CFC03E026F0E1F80028EED10135E36917
S315080028309D42DBD3204625F021FC0028CAD020463D
S3150800284025F04CFC4FF6FF72636A934200F0A680AF
S31508002850E26B666C2068694606FB0300556905222B
S31508002860A847684626F06EF8626A2368606C4C4D85
S3150800287000FB023026F0BFF84FF0FF33A062E36298
S315080028802A466FF00101204605ABFFF7A7FE002890
S3150800289046D1AD6829462046E56225F0CBFB206384
S315080028A020B92046E16A25F0F6FCE0622946204672
S315080028B025F0F1FC0546A36A9D4233D1204625F052
S315080028C077FB00268046B146E36999453CD3B04577
S315080028D059D92046616A25F051FC0027054604F1BE
S315080028E0400AB74212D3626C2368694602FB05396F
S315080028F0E36B05225B6948469847684626F022F846
S31508002900534602464946E06B26F077F829462046A4
S3150800291025F034FC0137B8450546E2D1642062E764
S31508002920A56AB7E72946204625F084FB236B294686
S31508002930034406462363204625F0ADFC0546002ED3
S31508002940B9D1C4E90B06B6E7636C2568052203FB13
S315080029500955E36B05A95B692846984705A826F03B
S315080029601AF826F03DF858B1284626F044F80146EC
S31508002970204625F05FFB636C143B984208BF01367E
S3150800298009F10109A0E7384625F08AFE002320460A
S315080029901946044AFFF7CCFE002024E7672022E701
S315080029A034160020838302082DE9F041036B904614
S315080029B0826B90B09A4288BF8363426C436A076809
S315080029C00E4602FB0377C36B01A905225B69044621
S315080029D03846984701A825F0DEFF012801463070E1
S315080029E057D0656CE26B2368606AD2F814C005FBA1
S315080029F00030052206A9E04706A825F0CCFF0128E5
S31508002A004FF0000523D0D4E90A3201219342CDE9DB
S31508002A100B458DF834800E958DF83C102AD1194651
S31508002A20204625F038FC236B626C14339B1AE0624F
S31508002A3023630C9B53B99DF83C303BB1626A616CC9
S31508002A402368E06B01FB023125F05DFF0C9DE36B0B
S31508002A5005225B6901A93846984701A825F09BFF1E
S31508002A6030702846236BA26B9A4288BFA36310B0C6
S31508002A70BDE8F081237C33B91C490BAA04F1080090
S31508002A8000F00EFFD5E72046194A0BABFFF750FEBC
S31508002A90CFE7237C23BB2246164904F1080000F041
S31508002AA0FFFE616A204625F08AFB616A421C2046C1
S31508002AB025F003FB054620B9236B626C1344143BCF
S31508002AC023632046A16A25F0E6FB2368A062C01AA4
S31508002AD0636CB0FBF3F06062204625F01FFCB6E796
S31508002AE000232046044AFFF723FEDAE71D320008D2
S31508002AF0993100081D840208B983020873B50D468A
S31508002B00D11E4A421C461B7E4A419A4226D1296852
S31508002B102368994222D3636899421FD8114E0DF152
S31508002B2007033246FFF75AFDC0B972686B689A42C6
S31508002B3014D19DF80730DA1E53425341227E934240
S31508002B400CD1636901336361D4E90323934205D247
S31508002B502968A26842F8231001332361012002B0D4
S31508002B6070BD00BF341600202DE9F04F9A468BB091
S31508002B709DF85030DFF850B10293DBF810308046EC
S31508002B8053450D461646C0F09880D146DBF804300A
S31508002B900193B9F1000F00F08C80D8F83C3001227F
S31508002BA05B6907A90198984707A825F067FEDBF82F
S31508002BB00030984240F0848007A825F06AFE042871
S31508002BC0074614D107A825F06BFE019B029A044616
S31508002BD03B44002A3ED1864212D91446361A40464C
S31508002BE0019925F058FBA9EB04090190D1E7D8F81B
S31508002BF03C3002225B69019808A9984708A8E2E7D1
S31508002C00841B544528BF5446032C03EB0607AAEB3E
S31508002C10040A1DD9D8F83C30294638465B69A2080B
S31508002C20984724F0030304F003061F441D44002EAE
S31508002C30D5D0D8F83C3001225B6908A938469847B0
S31508002C403246284608A9354435F04EFB0026C6E725
S31508002C502646ECE7074600F00302039203442A18C7
S31508002C6004920593049BDD1B059BD81B039B9F427F
S31508002C700FD1002FB3D0D8F83C30012208A95B69E0
S31508002C8098473A46284608A935F0DEFA78B93D4409
S31508002C90A5E7D8F83C30012208A95B6998470422C1
S31508002CA0284608A935F0D0FA08B9043FDAE74FF004
S31508002CB0360948460BB0BDE8F08F4FF06309F8E7D0
S31508002CC04FF06F09F5E700BF601600202DE9F041C7
S31508002CD00F4616469846044688B060B390F83450B6
S31508002CE0FDB1012125F0BFF900210E9BCDE90511A3
S31508002CF0CDE902379DF83C30CDF804808DF81C30BC
S31508002D00237C04968BB90D4901AA04F1080000F04A
S31508002D10C7FDDDE90553E06B002E08BF1D4625F00B
S31508002D208BFB284608B0BDE8F0812046044A01AB73
S31508002D30FFF7FEFCEDE70546F3E700BFE783020869
S31508002D40FD2A00082DE9F04F99B0CDE90B230E4670
S31508002D500A69416CD31D1439B3FBF1F3013302EB55
S31508002D60C302036B04469342C0F00F820023DFF8C8
S31508002D7020940993E36A48461946079300F014FE1F
S31508002D80D6E9033705930C9B022B1CD1CC2F40F0B8
S31508002D9074810B9B8BB13146204625F0ABFB656CE5
S31508002DA014900B9B63B1E36B01225B69706816A9EB
S31508002DB0984716A825F066FD0CE0059B1B6814933A
S31508002DC008230E930DE0782F656CEAD80B9B002B31
S31508002DD0E9D1F07D00280CBF04230823782F0E9331
S31508002DE028D90123002508930823039333680899F3
S31508002DF00C98C9F80030C9F8107025F064FD002356
S31508002E000F930D9306930A93039BDDF81CA09B086A
S31508002E1089F814001193616C03984A1E0AEA0202A3
S31508002E208B1AEFB10544AB421CD8236B5B1A1344CB
S31508002E30236386E0079A6B1E1340EB1A3A1D9342EA
S31508002E4007D257B1082BCCD800230425089303953D
S31508002E50CCE7002504230895C7E704250897F6E775
S31508002E608342E2D3039AB8469B1A9F4228BF9846E4
S31508002E7052449F42049278D90123D9F8102089F840
S31508002E801730974276D1C9F804A0069399F81730F7
S31508002E90002B71D099F818200699D31C09EBC303A7
S31508002EA00132C3F804A0A3F80880997289F818209B
S31508002EB0B8F1000F14D00C9B022B60D10F9B7BB985
S31508002EC00D9B4344032B0BD9E36B01229B690498A2
S31508002ED014A998470546002840F0D58001230F938A
S31508002EE0069B16A80193089B009399F8142043465D
S31508002EF0316800F00FFDE36B50469B69119A16A9DD
S31508002F009847051E099B18BF5346039A09935146CD
S31508002F104346204625F0ECF9236B039AC9F80800C6
S31508002F209B1A08F1030222F003029B1A2363002D61
S31508002F3040F0A9800D9BDDF810A04344A7EB0807D5
S31508002F400D935146204625F0A6F900258246002F06
S31508002F507FF461AF8E4A3168936804F10800E36232
S31508002F6052680C9B00F04EFC89E0069B002B18BFAC
S31508002F7003238AE7022388E7C9F804A098E70B9B8E
S31508002F80002B30D1059BB8F1030F03EB080B27D9AB
S31508002F90DDE90401E36B4FEA98029B699847054609
S31508002FA0002864D118F003025ED0059B28F00305BB
S31508002FB02B440593049B1D444FF0FF33059915A830
S31508002FC0159335F091F9E36B284601229B6915A9FB
S31508002FD098470546CDF814B0002D81D0049B94E798
S31508002FE04246049DE8E706F12003DDF810B0109389
S31508002FF0F37D70689BB10023357E0A9AD9B2A9423F
S3150800300011D2109903F1010C31F83310914225D9E8
S315080030100E9906EBC303D8690A44104403E00E9BD5
S315080030200A9A13441844E36B01225B6915A9984769
S31508003030159B012213930A9B584604330A93E36BA4
S3150800304013A99B699847049B05464344A3EB0B03C6
S31508003050042B06D970B90BF1040BC9E76346521A5B
S31508003060CCE7CDF810B0B7E7CDF814B038E7CDF80F
S3150800307014B0B3E7CDF810B0B0E770252F46384640
S3150800308019B0BDE8F08F3D2DF8D104F1080303937C
S315080030902368079A606CD71AB7FBF0F700FB07306E
S315080030A025F0A9FCE16A8246204625F0F4F8A16AD3
S315080030B0D4F830E08142626C59D0D9F8083002F170
S315080030C0FF3CAEEB020103EA0C030B4423630999A8
S315080030D02368E062CB1AB3FBF2F847453BD1079B5E
S315080030E0B3EB0A0711D0E36BBA0851469B699847B8
S315080030F08346E36A079A3B44E362236B03989B1A69
S315080031005344236325F0CCFA5F462368616CE06B71
S3150800311001FB083125F0E4FB204624F0AFFF2046EA
S3150800312024F0DCFF626A2368606C00FB023025F03D
S3150800313062FCA062204625F0F1F820636FB132697F
S31508003140616CD31D1439B3FBF1F3013302EBC302EF
S3150800315090429DD292E70027D7E704F1080025F0B0
S315080031609FFA3B46394620460A4AFFF7E1FA326992
S31508003170616CD31D1439B3FBF1F3013302EBC302BF
S31508003180236B9342BFF4F6AD78E71C2777E700BFB9
S315080031900816002083830208032A2DE9F341064610
S315080031A00D4617461C4606D1237A012B23D001204B
S315080031B002B0BDE8F081DFF86080096842460DF18B
S315080031C00703FFF70BFA60600028EDD19DF807307A
S315080031D0032BE9D0D8F804206B689A42E4D1237A05
S315080031E02969012BD4F80CC007D172690CEB0103CD
S315080031F0934202D92074207CDAE708316144E16001
S315080032003B46012229463046FFF79CFD60600028B0
S31508003210CAD00020CCE700BF341600202DE9F341C0
S31508003220032A1746089C06D1237A012B25D00120AC
S3150800323002B0BDE8F0812668DFF890803046424645
S315080032400DF10703FFF7CAF960600028ECD125687D
S31508003250D8F80400A96A6A6C4840534210EA030C7D
S31508003260E2D1237A012B0AD1E068D8F8103003445A
S315080032707069834203D984F810C0207CD8E728688F
S31508003280EB6A1B1A081AB3FBF2F3B0FBF2F083429F
S315080032900BD1706CF36A421E1340326B121A134438
S315080032A02846336324F0F7FFE862D8F81020E3686D
S315080032B008321344E36001223B4604492068FFF7BD
S315080032C041FD60600028AFD00020B1E73416002029
S315080032D02DE9F0410025604B0E46D3F800800446E0
S315080032E01D6018B921252846BDE8F08190F834708C
S315080032F007B30A6803689A4240F0A4804A6843689C
S315080033009A4240F09F808A6883689A4240F09A8081
S31508003310CA68C3689A4240F095800A6943699A4226
S3150800332040F090808A69C36B9A4240F08B804B6963
S315080033308361D8E768223946856B34F0AEFFD6E953
S315080033400212336804F1080023607368A56363609A
S31508003350336963617369A36125F0B4F9B36904F14C
S315080033604000E3639B68984720B9676C17B16368A8
S31508003370B3FBF7F794F84330E761002BB2D000238C
S31508003380656C2366002D65D0002F63D02368B3FBD8
S31508003390F5F205FB1233002B56D16668B6FBF5F33A
S315080033A005FB1363002B4FD1204624F033FEA36997
S315080033B0043303449E4249D340F634726369CC3BD6
S315080033C0934245D8B5F5805F44D30321204624F0BF
S315080033D04AFED4E90001E36B1B6898470546E36B90
S315080033E00220DB689847D5B941462046FFF7DAF947
S315080033F06428054604D141462046FFF7D3F9054619
S315080034006DB9636C226A143B204602FB03F624F06E
S3150800341001FEA369043303449E4238BF5A25002D92
S315080034200CBF0123002384F8343007D1D4E9000106
S315080034300A4A13680133136025F0DEF9E06B24F0BD
S31508003440FBFF50E75D254EE759254CE75A254AE725
S315080034505F2548E75B2546E7980F0020940F002074
S315080034602DE9FF410C4616461F46054688B390F8D7
S31508003470343083B3B1F5801F2FD2DFF86480012181
S3150800348024F0F1FD4246214628460DF10F03FFF7C9
S31508003490A5F80246C8B99DF80F30012B10D1D8F807
S315080034A01030BB4213D1009031462846FFF75CFB2B
S315080034B00446E86B24F0C0FF204604B0BDE8F0815E
S315080034C0022B0CBF60242D24F3E72D24F1E7632497
S315080034D0EFE72124F0E71124EEE72924ECE700BF03
S315080034E0601600202DE9F04385B00E4617461C46A7
S315080034F00546DDF83080A0B390F834309BB3B1F5BB
S31508003500801F32D2DFF86890012124F0ACFD4A46CC
S31508003510314628460DF10F03FFF760F8E8B99DF824
S315080035200F30012B14D1D9F8102004EB08039A4266
S3150800353015D322460090434639462846FFF714FB22
S315080035400446E86B24F078FF204605B0BDE8F08312
S31508003550022B0CBF60242D24F3E72D24F1E7632406
S31508003560EFE72124F0E71124EEE72924ECE700BF72
S31508003570601600202DE9F3411E4600230C46174627
S315080035800546336050B390F834304BB3B1F5801F1D
S3150800359028D2DFF85480012124F065FD21464246F1
S315080035A028460DF10703FFF719F80446A0B99DF858
S315080035B00730032B10D0022B03BF01233B600423E3
S315080035C0D8F8103018BF38603360E86B24F034FF41
S315080035D0204602B0BDE8F0812D24F6E72124F7E75E
S315080035E01124F5E72924F3E76016002073B504468D
S315080035F0416924F0F4FC626E236B024493422CBFAB
S3150800360000220122834294BF00231B1A207C84F8DF
S315080036105020636584F85800A8B100230B4E1A465B
S3150800362019462046009625F029F8002305461A462D
S3150800363019462046009625F02AF8E3682844984259
S3150800364094BF0020C01AE06502B070BDFFFF0F00EE
S315080036502DE9F3471E4643690446B3428846174692
S315080036609DF828904FD300258DF8075020466169AC
S3150800367024F0B5FCD4F830A082450AD2236AB5EB0B
S31508003680430F06D2002220460DF10701FFF78CF9F9
S31508003690B8B39DF80730012B05D1002220460DF15D
S315080036A00701FFF781F9B9F1030F06D03146204625
S315080036B024F095FC256B854227D3154D4FF0FF3135
S315080036C0284600F071F94B46294600222046C5E9EE
S315080036D00376C5F80080FFF735FB236E054663B110
S315080036E02046FFF783FF94F8503013B994F8583002
S315080036F01BB1236E04F150009847284602B0BDE876
S31508003700F0870135B2E76225F7E71C25F5E700BF24
S31508003710341600202DE9FF410F4690461E46054601
S3150800372098B390F8343093B3B1F5801F31D21A4C60
S31508003730022124F098FC2246394628460DF10F034B
S31508003740FEF74CFF024678B10123424600933946FC
S3150800375033462846FFF77CFF0446E86B24F06CFEE8
S31508003760204604B0BDE8F0819DF80F30012BEBD15F
S315080037702169B142E8D10093414633462846FFF70E
S31508003780F3F904460028DFD1E7E72124E8E7112406
S31508003790E6E72924E4E700BF6016002030B50C46AA
S315080037A0054685B028B390F8343023B3B1F5801FA9
S315080037B023D2022124F057FC0DF10F032146284697
S315080037C00F4AFEF70BFF034688B99DF80F20032A18
S315080037D00DD003222146009202462846FFF738FFFD
S315080037E00446E86B24F028FE204605B030BD2D249B
S315080037F0F7E72124F8E71124F6E72924F4E700BFC0
S31508003800601600202DE9F043466886B30568984699
S315080038104FF0000CA946AE4655F83C400CF1010C99
S31508003820C4F31307013401D0B94217D0B4450EF1D9
S31508003830080EF1D12F46002403E0B44207F1080729
S3150800384012D055F8343001340133F6D1C1F31301DF
S3150800385041EA0851C7E90012BDE8F08341EA085178
S31508003860CEE90012BDE8F083B8F1030F03D10123B6
S315080038700372BDE8F083002303E0B34209F10809A7
S31508003880F5D055F833400133C4F30754032CF4D16B
S31508003890C1F3130343EA0853C9E90032BDE8F083CC
S315080038A02DE9F0410646406882B0B8B10F46904609
S315080038B00024336853F8345003EBC403C5F30752A6
S315080038C0C5F31301013506D05B683046CDF8008094
S315080038D0B84718B1706801348442EAD302B0BDE82B
S315080038E0F08100BF024B1968024B1868FFF7F0BC5D
S315080038F0D4370020F437002008B536F02AF9014BF2
S31508003900186008BD8C160020014B186836F01CB9E3
S315080039108C16002073B504462248012A00EAC11114
S315080039209DF8185023F07C4007D9961E012E28D9F9
S31508003930073303F07F03194308E09DF81C300A4358
S31508003940DB0603F0C053134343F060410023C4E988
S3150800395000108DF80730B5B1202221460DF1070079
S3150800396025F065F81A220DF10700211D25F05FF8EC
S31508003970082063689DF8072043EA8263636002B003
S3150800398070BD1143E2E71B220DF10700214625F021
S315080039904EF823689DF80720042043EAC263236093
S315080039A0EDE700BF80FFFF0738B5094B0D461A68DB
S315080039B00021044634F071FC00234FF0FF322383C4
S315080039C0C4E900252361A260E382A37638BD00BF5F
S315080039D090A503080138C0B205289ABF014B185CA8
S315080039E00120704795A503082DE9F04107461546BD
S315080039F000240E46596888B0490A012922464FEA2A
S31508003A00510104F10104F8D8DC78997824031B885D
S31508003A10C90201F4006104F480540C43C3F30A0399
S31508003A205203234492B24FF000089C18274B6FEAC2
S31508003A300444039325F07843ED4302A90DF10700EA
S31508003A401B2202938DF8078024F0F1FF9DF80720CA
S31508003A50029B02A943EAC2630DF107001B2225F067
S31508003A607845049302958DF8078024F0E0FF9DF8C9
S31508003A700720029B6FEA144443EAC26305934FF09A
S31508003A80FF330794069307A9BB69012206F11000C4
S31508003A909847BB6905A90446012206F1080098471C
S31508003AA0BB69404518BF044604A90122301D984742
S31508003AB00122404518BF0446BB69304603A998470A
S31508003AC0404508BF204608B0BDE8F08101009AB21B
S31508003AD0044BD3F88420D206FBD4D3F88400C0F371
S31508003AE0811070470040005038B5174B0546D3F88B
S31508003AF028310C4603F00703013B052B20D8DFE8E5
S31508003B0003F003131B0F0B1734F064FD052305B1EF
S31508003B10286004B1236038BD34F05CFD0623F6E75F
S31508003B2034F0A2FD0723F2E734F094FD0323EEE711
S31508003B3034F090FD0423EAE734F088FD0223E6E733
S31508003B4000231846E3E700BF00800050002337B57E
S31508003B500193164B0546D3F820320C4603F00703AB
S31508003B60042B21D8DFE803F0030B11161B000123F1
S31508003B700DB1019A2A6004B1236003B030BD00215B
S31508003B8001A8FFF7B1FF1223F2E734F06DFD072312
S31508003B900190EDE735F0ECFF0A230190E8E734F0F1
S31508003BA0B7FD09230190E3E70023E1E70080005011
S31508003BB038B5104B0546D3F850320C4603F00303CC
S31508003BC0022B12D0032B08D0012B0AD0002318464B
S31508003BD005B1286004B1236038BD35F0CCFF0C234D
S31508003BE0F6E735F0C5FF0A23F2E734F091FD09231D
S31508003BF0EEE700BF0080005038B5104B0546D3F8F5
S31508003C0080300C4603F00303022B0BD0032B0DD098
S31508003C10012B0FD134F0E4FC0E2305B1286004B162
S31508003C20236038BD34F020FD0723F6E734F0D2FCD4
S31508003C300623F2E700231846EFE700BF008000508E
S31508003C4038B5104B0546D3F800310C4603F003038C
S31508003C50022B0BD0032B0DD0012B0FD134F0FAFC1D
S31508003C60032305B1286004B1236038BD34F050FD44
S31508003C700923F6E734F0F4FC0823F2E701230020D1
S31508003C80EFE700BF0080005038B5184B0546D3F85B
S31508003C9020010C4600F00700062823D8DFE800F0CC
S31508003CA0040A0E16121A1E00012305B1286004B173
S31508003CB0236038BD34F08EFC0523F6E734F0CAFCE1
S31508003CC00323F2E734F0D0FC0723EEE734F0BEFC1A
S31508003CD00223EAE734F07EFC0623E6E734F0BAFC72
S31508003CE00423E2E700231846DFE700BF0080005000
S31508003CF038B5104B0546D3F840310C4603F003039C
S31508003D00022B0BD0032B0DD0012B0FD135F030FF32
S31508003D100A2305B1286004B1236038BD34F0F8FCE5
S31508003D200923F6E735F027FF0C23F2E701230020E5
S31508003D30EFE700BF00800050002337B50193164B0C
S31508003D400546D3F860320C4603F00703013B032B04
S31508003D501FD8DFE803F0020E1914002101A8FFF7A7
S31508003D6093FF10230DB1019A2A6004B1236003B0B2
S31508003D7030BD002101A8FFF7BBFF1123F2E734F09D
S31508003D8073FC07230190EDE734F060FC02230190F1
S31508003D90E8E70023E6E700BF00800050002337B5B8
S31508003DA00193164B0546D3F894320C4603F00703E5
S31508003DB0013B032B1FD8DFE803F0020E191400217C
S31508003DC001A8FFF761FF10230DB1019A2A6004B11B
S31508003DD0236003B030BD002101A8FFF789FF112336
S31508003DE0F2E734F041FC07230190EDE734F02EFCAE
S31508003DF002230190E8E70023E6E700BF00800050B1
S31508003E0038B5104B0546D3F860310C4603F003036A
S31508003E10022B0BD0032B0DD0012B0FD135F0A8FEAA
S31508003E200A2305B1286004B1236038BD34F070FC5C
S31508003E300923F6E735F09FFE0C23F2E7012300205D
S31508003E40EFE700BF008000502E4B98424AD022D898
S31508003E502D4B984240D014D82C4B984239D00AD8CA
S31508003E602B4B984232D02B4B98422FD02A4B984254
S31508003E702CD000207047294B9842FAD1284B186F4E
S31508003E807047284B98422AD0274B9842F1D1244BA9
S31508003E90D3F880007047254B98422BD009D8244B7D
S31508003EA0984223D0234B9842E3D11D4BD3F88C007C
S31508003EB07047214B984221D003F5740303F510533C
S31508003EC09842D6D1164BD3F898007047144B986D84
S31508003ED07047134B586E7047114B586F7047104B0D
S31508003EE0986F70470E4BD3F8840070470C4BD3F885
S31508003EF0880070470A4BD3F890007047084BD3F8F0
S31508003F00940070470048E8010024F400C0CF6A0016
S31508003F1080841E0000093D0040420F00405DC60037
S31508003F200080E00FC0EA210180BA8C01007E5603AA
S31508003F3080D54302006CDC020090D00373B50D46B1
S31508003F400021114B0191D3F88041064604F0030481
S31508003F50022C13D0032C0CD0012C13D101A8FFF787
S31508003F6093FE10240EB1019B336005B12C6002B09C
S31508003F7070BD34F079FB07240190F3E734F066FB53
S31508003F800190EFE70C46EDE70080005038B5104B7E
S31508003F900546D3F840320C4603F00303022B0BD038
S31508003FA0032B0DD0012B0FD135F0E2FD0A2305B105
S31508003FB0286004B1236038BD34F0AAFB0923F6E76C
S31508003FC035F0D9FD0C23F2E701230020EFE700BF07
S31508003FD00080005038B5144B0546D3F800020C464D
S31508003FE000F0070004281BD8DFE800F003090D11CC
S31508003FF01500012305B1286004B1236038BD35F0EA
S31508004000B7FD0A23F6E734F083FB0923F2E735F018
S31508004010B2FD0C23EEE734F003FB0F23800AE9E731
S3150800402000231846E6E700BF0080005038B5144B59
S315080040300546D3F808020C4600F0070004281BD8EA
S31508004040DFE800F003090D111500012305B128600A
S3150800405004B1236038BD35F08BFD0A23F6E734F04A
S3150800406057FB0923F2E735F086FD0C23EEE734F01B
S31508004070D7FA0F23800AE9E700231846E6E700BFC8
S3150800408000800050B0F5207F1FD009D8B0F5007F1A
S3150800409015D003D868B1B0F5C07F0AD000200CE06F
S315080040A0B0F5607FFAD10B4BD3F88000C0F301104E
S315080040B003E0084B186FC0F3033001307047054B17
S315080040C0D3F89000C0F30460F7E7024B186FC0F30B
S315080040D08020F2E70080005002464FF48030104BF3
S315080040E010B598660020FFF7CDFF504341F67132B0
S315080040F00C4BDC69DA635A6804F4803422F4401203
S3150800410059B90949884294BF002001200005024395
S315080041105A600CB10022DA6310BD0449F2E700BF09
S315080041200090005000000350005A6202002D310131
S315080041304209531E022B96BF074B002303EB82034B
S3150800414000F01F0029B103F58053012282401A604E
S31508004150704703F50053F8E7608000501FB500214B
S31508004160B0F5807F0446CDE9001100F0CF803BD83A
S31508004170002800F0A480A0F12004602C44D8602C0C
S3150800418042D8DFE804F09CA49CA4B4B4B4B4B4A4A4
S31508004190BE4AD46A4AA4A4A441414141414141418D
S315080041A0A4A4A47CDEA4414141414141414141418D
S315080041B04141E3B49C9C9CD94A4A88E85FB941418D
S315080041C0414141939C41B4B4B4B4B4B9B9A441A42F
S315080041D0A44141414141414141414141414141415E
S315080041E04141414141419800B0F5E06F00F0A98096
S315080041F038D8B0F5607F75D01AD8B0F5007F61D091
S3150800420005D8B0F5C07F5AD0009804B010BDB0F5F7
S31508004210207F5CD0B0F5407FF6D134F001FA024633
S315080042204FF42070FFF72EFFB2FBF0F2520857E06A
S31508004230B0F5B06F65D00AD8B0F5806F57D0B0F535
S31508004240A06FE1D100216846FFF780FCDCE7B0F5F6
S31508004250C06F6CD0B0F5D06FD6D100216846FFF795
S31508004260B9FED1E7B0F5186F70D00DD8B0F5086F64
S315080042707FD0B0F5106F5FD0B0F5F06FC4D10021D4
S315080042806846FFF7BDFDBFE7B0F5286F63D007D8CE
S31508004290B0F5206FB8D100216846FFF74DFDB3E7AA
S315080042A0B0F5406F28D0B0F5486FADD1002168460B
S315080042B0FFF774FDA8E734F093F90090A4E734F00B
S315080042C0AFF9FAE734F08CF90246204604E034F0F8
S315080042D0A7F902464FF42070FFF7D4FEB2FBF0F2BE
S315080042E0009291E701A8FFF787FC019AEDE7002104
S315080042F06846FFF7C9FC87E700216846FFF7F4FB25
S3150800430082E700216846FFF719FE7DE74FF0E023B4
S3150800431002911B695B0705D534F082F90290029B6E
S31508004320009371E703A902A8FFF7E2FCF7E700216B
S315080043306846FFF7DDFC67E700216846FFF776FE6B
S3150800434062E700216846FFF721FE5DE7002168461F
S31508004350FFF72EFC58E70021084B0391D3F870327B
S3150800436003F00303012B02D103A8FFF7C1FC039B4B
S31508004370D6E76846FFF764FC46E700BF00800050B2
S3150800438008B58020FFF7EAFE034B98429EBF4FF41C
S315080043908032024B1A6708BD005A620200A000501C
S315080043A01FB503460020B3F5807F019000F0F48026
S315080043B000F28E80662B7DD83C2B06D8243B092B31
S315080043C05ED9019805B05DF804FB3D3B292BF8D86A
S315080043D001A252F823F000BFBB450008E9450008D2
S315080043E0C3430008C3430008C3430008C343000887
S315080043F0C3430008C3430008C3430008C343000877
S31508004400C3430008C3430008C3430008C343000866
S31508004410C3430008F34500088F450008C343000856
S31508004420C3430008C343000837450008C3430008D0
S31508004430C343000851450008FD450008F944000833
S31508004440DF450008C3430008C3430008C343000808
S31508004450C3430008C343000869450008C34300086E
S31508004460C34300088F4500088F4500088F4500089C
S315080044708F4500088F450008DF450008DF4500081E
S31508004480092B9ED801A252F823F000BF8F450008D9
S315080044908F4500088F4500088F4500088F4500089E
S315080044A0C343000885450008C343000817450008AC
S315080044B0C5450008802B84D1594B1B6F03F00703B1
S315080044C0013B032B3FF67DAFDFE803F05A535658FE
S315080044D0B3F5F06F71D023D8B3F5B06F52D010D8BA
S315080044E0B3F5607F77D0FFF46CAFB3F5806F4ED02D
S315080044F0B3F5A06F7FF465AF002001A9FFF726FB8F
S315080045005FE7B3F5D06F5DD0B3F5E06F6CD0B3F568
S31508004510C06F7FF456AF002001A9FFF7E9FB50E70B
S31508004520B3F5186F65D00BD8B3F5086F4FD0B3F550
S31508004530106F7FF446AF002001A9FFF777FD40E72B
S31508004540B3F5286F5AD008D8B3F5206F7FF439AF82
S31508004550002001A9FFF7F0FB33E7B3F5406F3ED023
S31508004560B3F5486F7FF42DAF002001A9FFF716FCBD
S3150800457027E70523019324E70323FBE70823F9E745
S315080045800223F7E7002001A9FFF7D8FC19E7002066
S3150800459001A9FFF779FB14E74FF0E02302901B69A6
S315080045A05B0705D534F03CF80D230393039BE1E73D
S315080045B003A902A8FFF79CFBF8E7002001A9FFF76B
S315080045C01FFCFEE6002001A9FFF704FDF9E601A994
S315080045D0FFF736FBF5E601A9FFF70EFBF1E600202B
S315080045E001A9FFF781FAECE6002001A9FFF7CEFC46
S315080045F0E7E6002001A9FFF7DBFAE2E6084BD3F865
S31508004600703203F00303012B04D0022B0CBF1523D1
S315080046100023AFE7002103A8FFF76AFB1123A9E7E8
S31508004620008000504FF48032074B0849586E03F556
S3150800463080535A664B6A23F001034B62C3035CBF7F
S31508004640034B5A66704700BF0080005000000850B0
S3150800465000A0005008B5FFF7A3FE092811D00A38B4
S31508004660012802D94FF6FF7008BD4FF48002064BA9
S315080046705A6603F5D8335B6ADB07F3D54FF4FA704D
S31508004680F2E7024B1888EFE700900050EA3900205D
S3150800469008B5FFF785FE03280ABF024B4FF6FF70E1
S315080046A0188808BDE839002038B504468020FFF789
S315080046B077FE032800F08A804FF48012544B4FF09F
S315080046C0A0615A6645F60E03524AC2F88030524B2C
S315080046D099624FF4803103F580539962936DD9033B
S315080046E0FCD4916D11F08041FBD1D4E900031B0580
S315080046F043EA0063E07B0343207B43EA0043607B95
S3150800470043EA0033A07B43EA801313619069D4E936
S3150800471004531B0643EA856300F000400343A07E6A
S31508004720E57E0343207E43EA0043607E43EA002396
S315080047309361136AE06923F00F03002843EA000334
S3150800474043EA850314BF0125002543EAC50313621E
S31508004750324D3CD194F82430916A94F82000DB005D
S31508004760294043EA40130B4394F8211043EA011306
S3150800477043F4803393622A49264A936D31EA030348
S31508004780FBD14FF08071244881621369A56823F430
S31508004790700343EA055313614FF00043836194F8AD
S315080047A022300BB91F4B996294F823303BB94FF46A
S315080047B080321C4B9A62174A936D5B00FCD494F8BE
S315080047C025301BB1134B184AC3F8802038BD022880
S315080047D008D11161154891614FF408524FF47F4191
S315080047E024F043F90B4994F822308A6A94F8200099
S315080047F01B062A4043EA4013134394F8242043EA4D
S31508004800C20394F8232043EA02438B62D7E700BF2A
S31508004810009000500040005A0050005AC7FFFEFEA4
S31508004820030001000060005AF1A7FFFF3440005A58
S31508004830014B93F900007047973A00204FF40001A6
S315080048401B4A437810B551664FF4D151022402F53C
S31508004850B832516217494F2B4C604FF0010428BFFC
S315080048604F2301F580514C601169C903FCD40178C6
S3150800487043EA01235361D0E901131B0143EA0123EB
S31508004880417B0B43017B43EA41039360C37B817BF6
S315080048901B0143EA4113417C0B43017C43EA410374
S315080048A05360837C13B16FF4D153536210BD00BFBC
S315080048B00090005000100250014B1880704700BF4E
S315080048C0EA390020014B1880704700BFE8390020FC
S315080048D04FF4800208B5184B5A660223174A5360EC
S315080048E0936813F48033FBD1012822D133F0B2FE4A
S315080048F0134B984215D003F5122303F5F863984233
S3150800490013D0104B00EB8002400AB3FBF0F3520AB7
S315080049100A49CA620B6301234B620022074B5A609D
S3150800492008BD45F67A13084AF2E745F61A03074A18
S31508004930EEE75362F1E700BF0090005000400250D6
S3150800494000F0490264666666D8B80500BBCF050064
S31508004950B0F5207F10B50C4657D008D8B0F5007FC3
S3150800496048D003D830B3B0F5C07F23D010BDB0F51A
S31508004970607FFBD12949013CD1F8FC2012F08072F6
S315080049801EBFD1F8FC3023F08073C1F8FC302449EF
S31508004990D1F8803023F0300343EA0414C1F880408C
S315080049A0002AE3D01D4AD2F8FC3043F08073C2F8DF
S315080049B0FC30DBE724F068F824F074F84FF4803113
S315080049C0184B174A1967136F013C23F4704343EADF
S315080049D00434146733F024FE0446FFF779F8C0F16F
S315080049E00201204624F058F800F036F8BDE81040D9
S315080049F0FFF7C6BC0A4A4C1ED2F8903023F0F8538B
S31508004A0043EA0464C2F89040B0E7054A4C1E136FA7
S31508004A1023F4806343EA84231367A7E700ED00E0E5
S31508004A20008000500090005008B50121022000F0D7
S31508004A3083F94FF42070FFF725FB054B187024F017
S31508004A4023F824F02FF84FF48032024B1A6708BD7A
S31508004A50713200200090005008B54FF4C070FFF77F
S31508004A607DFBBDE808400449884294BF0121022124
S31508004A704FF42070FFF76CBF80F0FA0238B5044691
S31508004A8033F0CEFD0546FFF723F8C0F102012846AC
S31508004A9024F002F80121002000F08EF92CB1FFF76E
S31508004AA0DBFFBDE83840FFF76BBC034B4FF42070C3
S31508004AB01978FFF74DFFF4E7713200204FF4C02252
S31508004AC070B50546FFF7C0F92F4B04465A6603F53D
S31508004AD098335A68012A04D12C494A605A689207C1
S31508004AE0FCD48020FFF75CFC052807D123F0CCFF17
S31508004AF023F0D8FF4FF48032234B1A67244B24F057
S31508004B0040749D4235D0234B9D4235D033F062FD2B
S31508004B108542064603D90121284600F04DF91E4B69
S31508004B20DA6812F0060FFBD199689C609A686240B1
S31508004B3012F4F81F23D12846FDF71AF88020FFF74C
S31508004B402FFC05280DD133F06BFD0446FEF7C0FF98
S31508004B50C0F10201204623F09FFFFFF77DFFFFF714
S31508004B600FFCB5420ED8BDE870400121002000F0C8
S31508004B7023B944F00074C9E744F08074C6E73546A3
S31508004B809960DBE770BD00BF0090005000E001505F
S31508004B9040420F0080841E0000000150364B9842A8
S31508004BA04FD01CD8354B984257D00ED8344B984224
S31508004BB04FD008D8334B98422CD0334B984229D043
S31508004BC0324B984226D0002327E0314B984234D006
S31508004BD0304B9842F7D1304BD3F8BC301DE02F4B01
S31508004BE0984232D00FD8A3F53703A3F5D853984285
S31508004BF037D003F5B70303F558639842E3D1264B3C
S31508004C00D3F8C83009E0264B9842DCD1224BD3F8BA
S31508004C10D03002E0204BD3F8A0304FF40021214ACF
S31508004C2023F040735166194A90421ED0154A9042A5
S31508004C301ED04FF0B44293607047174BD3F8B83084
S31508004C40EBE7154BD3F8C030E7E7134BD3F8CC3076
S31508004C50E3E7114BD3F8A430DFE70F4BD3F8B030B6
S31508004C60DBE70D4BD3F8C430D7E743F00073E0E732
S31508004C7043F08073DDE700BFC0EA21018096980003
S31508004C80404B4C0080841E0000093D0040420F0046
S31508004C90405DC6000024F4000080E00F0048E801EB
S31508004CA0005A620200900050024A536B0342FCD13C
S31508004CB0704700BF00800950044A4178536F23F4B7
S31508004CC0407343EA01235367704700BF0040005012
S31508004CD0104A10B51369044643F00403136134F00F
S31508004CE0A1FB23F0E4FE0C4B5B6E5B0142BF0B4B52
S31508004CF00B4AC3F82024BFF34F8FBFF36F8F30BF23
S31508004D0023F0D6FE03F0D0FF1CB9BDE8104033F0FF
S31508004D1087BC10BD00ED00E00080005000E00350A5
S31508004D200000FF0F034A0179D36E23F030030B43CB
S31508004D30D366704700400050F8B504461C4BD3F8BC
S31508004D408420D106FBD4D3F88430C3F381139C4264
S31508004D502CD033F045FC012C064602D1214623F01F
S31508004D609BFE34F0F6FE4FF00072124B07465A6669
S31508004D70204623F0A0FE4FF480630D4D621E93403B
S31508004D802B676B6E9A0103D4D5F884309B060AD537
S31508004D90384634F0D9FE022C08D13046BDE8F84032
S31508004DA0002123F079BED5F88430EAE7F8BD00BFC4
S31508004DB0004000500060005010B50C4608B933F0AA
S31508004DC00FFC074B21461B783BB1064B984204D88B
S31508004DD00120BDE81040FFF7AFBF0220F9E700BF8A
S31508004DE072320020005A62020278034B0121002029
S31508004DF01A70FFF7E1BF00BF723200204FF0004281
S31508004E0038B5244B244C5A664AF6CD33656C0146B0
S31508004E1005F00105236430BB0120FFF745FF6368F1
S31508004E20DB0708D4002415B11B4B1C4A1A6432F060
S31508004E309DF9204638BD1A4B58600846194B226B17
S31508004E40D20705D4984201D10724ECE70130F6E7EA
S31508004E509842E7D1F8E70132236B13F0080305D02F
S31508004E608A42F8D1F0E700220E49F5E78A42EBD0EC
S31508004E7020210B4A91620121A2F580525160064910
S31508004E80084A886A800603D49342DDD00133F8E7DE
S31508004E909342DEE700900050008009503254FFFF2D
S31508004EA000A0095040420F004FF0004238B5164B9B
S31508004EB001465A664AF6CD33144C154A656C236486
S31508004EC043780B205B0043F00103D363FFF7ECFE46
S31508004ED063688A7823F4F87343EA02136360CA782E
S31508004EE04B7943EA0223A3600A798B7943EA0223C2
S31508004EF023610878FFF782FFEB0744BF054B23645D
S31508004F0032F034F9012038BD009000500080095075
S31508004F10004000503254FFFF4FF00042124B70B56C
S31508004F205D6E03F580535A664AF6CD3304460F493B
S31508004F3080204E6C0B64FFF7B7FE0B6A23F00F0355
S31508004F400F2C94BF234343F00F030B62F30744BFB0
S31508004F50074B0B64002DA2BF4FF00042054B5A6663
S31508004F6032F004F970BD00BF00800050008009507F
S31508004F703254FFFF00A000504FF00042104B70B5AE
S31508004F805D6E03F580535A664AF6CD3304460D49DD
S31508004F9080204E6C0B64FFF787FE0B6A23F4F853E8
S31508004FA043EA04230B62F30744BF074B0B64002D47
S31508004FB0A2BF4FF00042054B5A6632F0D7F870BDD3
S31508004FC000800050008009503254FFFF00A00050B6
S31508004FD010B523F075FD042300F5805100F5005245
S31508004FE00B6113610B6113610B6113610B61136133
S31508004FF0202341F2020103610023C36083604161FB
S315080050004FF4A0218361836541620549C361036248
S315080050108362C36243630365D164036310BD00BF43
S31508005020FF3F0D03F8B505461446084681B9394BC6
S315080050309D4238D0384B9D4237D003F580439D4278
S3150800504035D003F580439D4208BF6620FFF786F8F2
S31508005050AB68DE0733D5B0FBF4F46E68013C16F096
S3150800506001062AD02821284623F026FDAB6C99078D
S315080050701FD1AB6CDA071ED4AB6C13F0020F14BF4A
S3150800508006270027284623F01BFD2B6923F07F43BC
S3150800509043EA04632B61002E3BD039462846BDE817
S315080050A0F84023F027BD5620D0E75720CEE76520E5
S315080050B0CCE70527E6E70927E4E73746E5E76B681F
S315080050C0AB6DDB07AB6848BF640003F0E003402B19
S315080050D01BD014D8002B0CBF1023082363434101AF
S315080050E0B1FBF3F20D4B203A03EAC202284601212E
S315080050F023F0E2FC2A63BDE8F84023F0DDBC602B10
S3150800510005D0802B05D10123E8E70623E6E704232B
S31508005110E4E7F8BD0000015B00C00850F8FF7F0017
S31508005120436870B504460E460D691BB140F6FF711B
S3150800513023F0C2FC2046FFF74BFF2269737BB17B45
S3150800514022F087020B43134343F0800323610DB318
S3150800515023692A7F23F0F80343EAC2132A78134304
S315080051602A7943EA42136A7A43EA0213EA7B43EA54
S3150800517082132361E268D5E9053122F0F04222F470
S3150800518070220B4313432A7B43EA82236A7B43EA52
S31508005190C233E360A368F27B23F00303134343F0AF
S315080051A00103A36025B36B88A26803F4C0431343C5
S315080051B0A360A3686A7943EA8223A360AB79E97995
S315080051C0626A1B01090203F0700301F4E06122F42C
S315080051D0772222F4EE620B4313432A7A120302F46F
S315080051E0E04213436A7F120402F470221343636297
S315080051F06369327B23F00F0313436361ADB16B8997
S31508005200A3616B7B3BB12E4B9C421DD1AB7B2D4AD8
S3150800521003F00F035367EB7B3BB1294B9C4231D11B
S315080052202B7C284A03F00F0313672046D6E90112A0
S31508005230FFF7F8FE2046317823F05CFCA36CDB43CD
S3150800524013F4405FFAD170BD1F4B9C4206D1AB7B6D
S315080052501C4A03F00F03C2F88030DCE71B4B9C4264
S3150800526006D1AB7B174A03F00F03C2F88C30D2E79E
S31508005270174B9C4201BFAB7B124A03F00F03C2F8DF
S315080052809830C8E7104B9C4205D12B7C0D4A03F099
S315080052900F03D367C9E70D4B9C4206D12B7C094AFD
S315080052A003F00F03C2F88830BFE7094B9C4201BFE1
S315080052B02B7C044A03F00F03C2F89430B5E700BF0D
S315080052C00000015B0090035000C008500000095020
S315080052D0004009502DE9F04105460F461E46904606
S315080052E04AB1012330221C4C8B4002FB004416B302
S315080052F004F5825423603023072F4FF00F0105FB76
S3150800530003F3164C1AD8BA00181D134608FA02F207
S315080053109940204423F01AFCB8F1000F09D1012363
S3150800532030210D4ABB4001FB052296B102F5825297
S315080053301360BDE8F08104F50154DBE7A7F1080C1A
S315080053404FEA8C0C03F10C0008FA0CF201FA0CF186
S31508005350DFE702F50152EBE700C0035030C0035007
S315080053604FF48032054B9A6641F6713203F51C33C9
S31508005370DA63012203F50053DA60704700900050A3
S315080053800B4B01219B6EDB035EBF4FF48032094B4A
S315080053909A6641F67132084BDA63084AD1600022F0
S315080053A0DA634FF48032A3F518339A66704700BF64
S315080053B00080005000900050000003500020035069
S315080053C0013836289ABF024B185C0020704700BF88
S315080053D09BA503080346142B08461CD00AD8012BA4
S315080053E01ED0122B11D070470E4A22FA03F3DB07A0
S315080053F004D47047213B162BF6D9704701280FD8DD
S31508005400DFE800F00D0101207047012907D00429C3
S3150800541008BF01207047022901D00529F8E70020B6
S31508005420704700BF0F00720038B5C2F30625044660
S3150800543002F0070241B942EA052242F44022063444
S31508005440074B43F8242038BD11462846FFF7C2FF0C
S3150800545002462846FFF7B4FF163442EA0022EFE771
S31508005460008003504FF48032084B5A6603F5EE234A
S315080054709B69C3F3461203F00F010A434280C3F344
S315080054800342C3F303334270037070470090005021
S31508005490014B986CD96C70470080E00F0120034BD4
S315080054A09B680A3303F01F03984070470080E00F9B
S315080054B030B5244CA0422DD004F58044A0422BD010
S315080054C004F58044A04229D004F58044A04227D0A0
S315080054D004F58044A04225D004F58044A04223D098
S315080054E004F58044A04221D004F58044A0421FD090
S315080054F004F58044A0421DD004F58044A04208D19A
S3150800550009200625104CBBB105FB001004EB8004EE
S31508005510226630BD0020F4E70120F2E70220F0E71A
S315080055200320EEE70420ECE70520EAE70620E8E793
S315080055300720E6E70820E4E705FB0011120204EB62
S315080055408104E5E700800450008103500D4B984222
S3150800555008D1A3F5D023C3F85812802300F580504C
S31508005560C3657047084B984204D1A3F5D823C3F8FE
S315080055707412F2E7054B984204BFA3F5E023C3F87B
S315080055809012EAE700000A5000400A5000800A50CC
S3150800559070B5054616461C4621B94FF42070FEF72D
S315080055A0DDFD0146402C1BD003D8DCB1202C1BD0D6
S315080055B070BD602CFCD1042303FB06F2530803EBF1
S315080055C04113B3FBF2F36021084A203B02EAC30306
S315080055D005F50052916005F580529460EB61E7E7A6
S315080055E00623E9E71023E7E70823E5E7F8FF7F0046
S315080055F0012200F580535A6040F6AA6341F205027B
S31508005600436100230D498360C365C26000F50052FB
S315080056100361C361C364916409498365884203D100
S3150800562003650023436506E006498842F8D001F57C
S3150800563080418842F4D0012353607047FFFF010080
S3150800564000000A5000400A5070B50D46FFF7D0FF1B
S31508005650012300F580567360AB7C04461BB1836852
S3150800566043F080438360EB7C1BB12046297DFFF71E
S315080056706DFF2A8A6B7B20461343EA891343E3604E
S315080056802B7BD5E90112FFF783FF6B7D1BB1A3685E
S3150800569043F48033A360AB7D1BB1A36843F4004396
S315080056A0A360EB7D2A7E1B07120502F4E00203F0D5
S315080056B0E0431343A365697E1E4A8B1E012B1E4BCE
S315080056C01BD89C4215D003F580439C4213D003F5A2
S315080056D080439C4214BF4FF0FF3302230220C1339C
S315080056E05B01D05003291FD10423F3652B7863612E
S315080056F070BD0023F2E70123F0E79C4210D00F4B60
S315080057009C420FD003F580439C4214BF4FF0FF33F1
S315080057100223022003F241135B01D0500129E2E77C
S315080057200023F6E70123F4E7042204F50053DA65BB
S31508005730DCE700BF00C0035000000A5000400A50D2
S3150800574010B5044623F0F4FA23F0DEFA502123F0CC
S31508005750B5FA23F0C4FA204623F0C8FA23F0F2FA81
S3150800576023F0F7FA042304F5805104F500520B617F
S3150800577013610B6113610B6113610B6113612023C4
S3150800578041F2020123610023E360A36061614FF4E3
S31508005790A02161620649E3612362A361A365A3624E
S315080057A0E3622365D16423636363236310BD00BF8B
S315080057B0FF3F0D0370B504460D46FFF7C1FF236989
S315080057C02A7823F0870313436A7A43EA420343F0AD
S315080057D080032361A368AA7A23F0030343EA4203FA
S315080057E043F00103A36063692A7A23F00F03134386
S315080057F0636123696A6823F07F4343EA026323618E
S31508005800EB68002B00F083802269197922F0F802F0
S3150800581042EAC112197842EA4112D97842EA0112DB
S31508005820D97A42EAC102997942EA81122261E2688A
S31508005830987C22F0F04222F4702242EAC062D87CB8
S31508005840597942EA0042987842EA802242EAC1320D
S31508005850E260A268987A22F4C04242EA4032A26024
S315080058605A7804F5805092028260666ADA7B284884
S3150800587002F0030230400243187B000100F070007A
S315080058800243587B000200F4E0600243987B000361
S3150800589000F4E0400243587A000400F47020024302
S315080058A062621A8AA26139B11A4A944211D17422E3
S315080058B00021D87923F016FBEB689A793AB3154A92
S315080058C0944215D17022BDE870400021187A23F061
S315080058D009BB114A944201D18022E9E70F4A944252
S315080058E001D18C22E4E70E4A9442E5D19822DFE7FB
S315080058F0094A944201D17C22E5E7084A944201D13B
S315080059008822E0E7064A944201D19422DBE770BD7B
S315080059108C88F0FF0000015B00C0085000000950A9
S31508005920004009500122437801789A4030235943B0
S31508005930014B5A50704700BF40E00350034BD3F861
S315080059402424D3F820041040704700BF00C0035039
S31508005950064BDA6E02F03002202A06D0DA6E22F002
S31508005960300208B142F01002DA6670470040005073
S315080059702DE9F8431C4B0546D3F810334B1E0E2B66
S315080059800E46174690F80090447820D921B34FF078
S3150800599000082846EFB132F0D1FE30230F2103FB71
S315080059A009F3072C88BF083C104895BFA400A4003B
S315080059B004330C3308FA04F2A140184423F0E1F941
S315080059C086B9284657B1BDE8F84332F0B7BE8846CF
S315080059D0DFE7FFF7A7FFE0E78846DEE7BDE8F8431D
S315080059E0FFF7A0BFBDE8F88300C0035030C00350DE
S315080059F02C4B2DE9F0411746D3F810234A1C0646CE
S31508005A000C4605D1D3F82414407823F0C9F9044686
S31508005A10002C2FDB072C4FF0030532782DDC4FEADC
S31508005A20840805FA08F529461F4802FA08F223F001
S31508005A30A8F9294672781D4802F0030202FA08F20C
S31508005A4023F09FF9012317F0050F194A18BF1949C2
S31508005A5003FA04F30CBFC2F81034C1F8103417F077
S31508005A60060F18BF134AC2F814340123104AA3407C
S31508005A70C2F820342046BDE8F081A4F108084FEAB0
S31508005A80880805FA08F529460B4802FA08F223F0B1
S31508005A9078F97278294602F00302084802FA08F2F1
S31508005AA0CEE700BF00C0035000C4035008C403502B
S31508005AB000E0035000D0035004C403500CC4035044
S31508005AC038B505460C4C0140D4F8303423EA0003B7
S31508005AD0C4F83034D4F830341943C4F83014D4F840
S31508005AE02C340343C4F82C34012004F50054FFF782
S31508005AF02FFFC4F8205438BD00C00350124B70B5B0
S31508005B00D3F81033064623F05EF90446481C1546BA
S31508005B1016D0621C0FD08C420FD10321304685F077
S31508005B200102FFF725FF012004F1100305FA03F12E
S31508005B309840FFF7C5FF204670BD4FF0FF34FAE7DF
S31508005B40631CEAD1F7E700BF00C00350054B9A680B
S31508005B509107FCD45A689207F9D4DA69002AF6D173
S31508005B60704700BF00C00A5010B5034C636832F096
S31508005B70F1FD0223236110BD00C00A5008B5FFF7E6
S31508005B80E5FF0122024B03F580514A601A6108BD00
S31508005B9000C00A50044B10B55C68012C03D1FFF70E
S31508005BA0E3FF024B5C6010BD00C00A5000E00A50DB
S31508005BB038B5074DFFF7CAFF6B680446012B03D1BA
S31508005BC0FFF7E8FFFFF7C2FF2378EB6038BD00BF99
S31508005BD000C00A5010B532F0C7FDB8B94A680B784C
S31508005BE012B1127843EAC2034A7843EA42038A6842
S31508005BF012B1127843EA8213CA7843EA82030A6921
S31508005C0012B1127843EA4223014A936410BD00BFD9
S31508005C1000C00A504FF480320A4B5A6603F5EE2349
S31508005C209B69C3F303320270C3F303424270C3F3A2
S31508005C30461203F00F03134343804FF6FF73838026
S31508005C40704700BF00900050014B986CD96C7047A4
S31508005C500080E00F2DE9F04393B08946DDE91A8705
S31508005C601D460446002858D0002956D0B8F1000F22
S31508005C7053D0002F51D013F00F034ED1284829498D
S31508005C800FAE002A08BF01466360216048463146C8
S31508005C90A360236223F004FA00283BD120460F991B
S31508005CA033F0D9FF2946204633F0D5FF69464846E2
S31508005CB000F04EFB70BB6946204623F0F5FB4846CC
S31508005CC003A923F0B6FA28BB204603A923F0ECFB68
S31508005CD0CDF830804FF0010845F00055CDF83480F6
S31508005CE006AB0E950CAA07CA83E807001946204694
S31508005CF023F0DAFB0F9709ABCDF84080119596E8AB
S31508005D00070083E807002046194633F0CAFF2046F5
S31508005D1032F08AFD13B0BDE8F0832120FAE700BF10
S31508005D2000010004000101042DE9F04393B08946FF
S31508005D3017461D460446DDF86880002859D0002914
S31508005D4057D0002A55D0B8F1000F52D00B68103B37
S31508005D50102B4ED8284A22FA03F3DB0749D5274BDE
S31508005D600FAE0360002331464360036283604846F2
S31508005D7023F096F9002839D120460F9933F06BFFA6
S31508005D802946204633F067FF6946484600F0E0FAA0
S31508005D9060BB6946204623F087FB484603A923F0E3
S31508005DA048FA18BB204603A923F07EFB0C97012767
S31508005DB045F000550D9706AB0E950CAA07CA83E861
S31508005DC007001946204623F06FFB0D4BCDF83C80A3
S31508005DD01097119309AB96E8070083E80700204659
S31508005DE0194633F05EFF204632F01EFD13B0BDE8BB
S31508005DF0F0832120FAE700BF010101000000040436
S31508005E00100000202DE9F0410C4616461F460546AF
S31508005E10A0B0002800F09480002900F09180002AA4
S31508005E2000F08E80002B00F08B80036B0F2B75D84B
S31508005E30444B0DF1740823600023414663603046E5
S31508005E40A360236223F02CF9002874D120461D99FB
S31508005E5033F001FF296B20460F2984BF01F00F019B
S31508005E60103133F0F8FE304602A900F071FA002826
S31508005E7061D1204602A923F017FB304605A923F075
S31508005E80D8F9002857D1204605A923F00DFB012390
S31508005E902D4AD5F830C0149508AE1593169214AA53
S31508005EA007CA86E807000CF00F0205F1100E42F04B
S31508005EB00052CDF85CE00BAD1893199217AA07CAE1
S31508005EC085E80700CDF868E01B934CF000531C9357
S31508005ED01AAA0EABBCF10F0F07CA83E807002DD923
S31508005EE00A9B314623F0005320460A9323F0DCFA36
S31508005EF02946204623F0D8FA01231D971E93124BF4
S31508005F001F9311AB98E8070083E807002046194657
S31508005F1033F0C7FE204632F087FC0CE000F1200380
S31508005F20019000930122102331462046FFF792FE86
S31508005F3000283FF47DAF20B0BDE8F0811946D8E7C8
S31508005F402120F8E700000404100000202DE9F04F96
S31508005F500D46914698460646ADB0002800F0D68014
S31508005F60002900F0D380002A00F0D080002B00F032
S31508005F70CD80026B369B02F00F07D3181B09B3EBD3
S31508005F80121F00F0BB80624B48460B6000234B6033
S31508005F900B628B6029A923F083F80446002840F099
S31508005FA0A980369B284607EB030B29992BF00F0A85
S31508005FB033F051FE5146284633F04DFE484602A9B5
S31508005FC000F0C6F90446002840F09480284602A945
S31508005FD023F06AFA484605A923F02BF90446002857
S31508005FE040F088804FF00109284605A923F05CFA9D
S31508005FF0484B1A961AAACDF86C901C9308AB07CA98
S3150800600083E807001946284623F04EFA06F11003DE
S3150800601047F00052AAEB07071D930DF12C0CCDF89B
S31508006020789047F000571F921DAA07CA8CE8070008
S31508006030CDF8808020AACDF8849022970EAF07CAA3
S3150800604087E807000D9A614622F000522846019318
S315080060500D9223F029FA3946284623F025FAAAF1A3
S31508006060100242F0005223942A4BCDF8909011AFBB
S31508006070259223AA07CA87E8070006F12002269276
S3150800608014ACCDF89C9026AA289307CA84E8070082
S31508006090139A394642F080421392139A284622F000
S315080060A00052139233F0FDFD2146284633F0F9FDE0
S315080060B0184B299617ACCDF8A8902B9329AB93E8E3
S315080060C0070084E807002146284633F0EAFD2846FB
S315080060D032F0AAFB369BAAEB0B011944019B044636
S315080060E0ABEB0A021846414432F0FEF8336B369A97
S315080060F01344336320462DB0BDE8F08F1030414677
S31508006100369A384432F0F0F80024EFE72124F1E714
S31508006110030200041000002000232DE9F0478EB08A
S315080061200E46174604460193002869D00AB100298D
S3150800613066D037F0030807F0030A28D04FF0E0636B
S315080061404FF0000923600123C4F80490C4F80890AE
S315080061500896099348F000530A9308AA02AB07CA9F
S31508006160C4F8209083E807001946204633F099FDC5
S315080061704146204633F06FFD204632F055FB054672
S3150800618028B142464946304632F087F803E0BAF16C
S31508006190000F04D1002528460EB0BDE8F0874FF061
S315080061A0E0634FF00009236001ABC4F80490C4F81B
S315080061B008900B9301230C93124B0EAA0D9305AB73
S315080061C012E90700C4F8209083E80700194620461C
S315080061D033F067FD0421204633F03DFD204632F0BA
S315080061E023FB054608B13A46CCE7019A4644EB003C
S315080061F0013522FA03F3AA4506F8013BF7D1C9E7A8
S315080062002125C8E704000020F0B50F4616461D46AE
S31508006210044693B010B9212013B0F0BD0029FAD076
S31508006220002AF8D0002BF6D0002331461A46384605
S3150800623022F0D5FE0028EFD1304602A922F066FEEC
S315080062400028E9D1EB68022B0AD039683F48029A40
S3150800625081426B6902D01830814270D19A42DAD8ED
S315080062602B68002BD7D14FF06062636038462260F6
S31508006270A360236201A922F013FF0028CCD101995B
S31508006280204621F4F061019133F0E5FC6946284681
S3150800629022F006FF0028BFD12046009933F0DBFC28
S315080062A0384609A900F054F80028B5D1204609A9AE
S315080062B023F0FAF838460CA922F0BBFF0028ABD128
S315080062C020460CA923F0F0F8EB684BB1284606A93E
S315080062D000F03EF800289FD1204606A923F0E4F8EE
S315080062E0304603A922F0A5FF002895D1B368DA0441
S315080062F00CD59B0427D50621F36932691B6801FB77
S3150800630003225B0043F0005303920593204603A93A
S3150800631023F0CAF828460FA922F08BFF00287FF43D
S315080063207BAF20460FA933F0BCFC0325204632F08C
S315080063307BFA01287FF470AF013DF7D16CE7B3EB28
S31508006340420F8DD267E7292066E700BF200000B01C
S3150800635090B189B101234B60C368013B012B08D872
S315080063608269064B1AB10A6000208B607047044A9E
S31508006370F9E74FF00053F7E721207047080000209F
S31508006380D4A50308F0B50E46154604468FB0002876
S3150800639062D0002960D0002A5ED0012329461A4619
S315080063A0304622F01CFE002856D1B36813F4C04FBD
S315080063B052D0AB6803F4C043B3F5005F4CD1284B09
S315080063C00BAF60602062A06039463046236022F039
S315080063D067FE00283ED120460B9933F03CFC304638
S315080063E002A9FFF7B5FF002836D1204623F05CF84E
S315080063F0304605A922F01DFF60BB204605A923F0FB
S3150800640053F8EB6843BBAB6803F4C043B3F5005FCE
S3150800641022D1284601A922F0A3FDE8B9019B6A69A1
S315080064209A421BD32A6943F000530B9201220C921D
S315080064300D9308AB97E8070083E80700194620463E
S3150800644033F02FFC0325204632F0EEF9012801D15E
S31508006450013DF8D10FB0F0BD2120FBE71D20F9E77B
S315080064600000010206289ABF014B185C00207047FD
S31508006470DCA5030800F01F02A0F50620A0F5506071
S31508006480812810D8012309494009934051F8202052
S315080064901A4341F82020064951F8202022EA03022F
S315080064A041F8202070474FF0FF307047A8160020AB
S315080064B09416002000F01F03A0F50620A0F55060F2
S315080064C0812810B519D801210D4A4009994052F87A
S315080064D020300B430B4942F82030D1E900342344DD
S315080064E08C682344CC68096923445B1804D1C2E943
S315080064F00033C2E90233136110BD4FF0FF30FBE7EA
S3150800650094160020A81600202DE9F04FA7B0039294
S315080065101D4604460822CDE90401414021FA02F34A
S315080065204B40980702F1080218BF9B00202A1C441A
S31508006530F4D18123B4FBF3F303EBC313E41A784BCA
S3150800654004F506241B7804F55064002B39D1FDF7B1
S31508006550C9F9064600286ED10146402206A831F040
S315080065609CFE3146402216A831F097FE6D4E6E4FBE
S31508006570B0461036B74228BF37466C48013F0097E9
S3150800658043461022006806A922F078F84FF0000B5F
S3150800659081460DF1180AD94540D16448009743460B
S315080065A01022006816A922F072F84FF000088346F8
S315080065B016AFC34545D15E4B9E42D8D10122584BF2
S315080065C01A7081270026DFF878A1DFF878B1630909
S315080065D0A3F58643683B5AF8232004F01F01CA40F6
S315080065E0D20744D45BF82330CB40DB0732D5002EE4
S315080065F008BF26468123A4F50624A4F6FF44B4FB67
S31508006600F3F303EBC313E41A04F50624013F04F578
S315080066105064DCD1039BFBB12EBB1DE05AF8040B7A
S31508006620FFF728FF013009D100223D4B1A703C4B79
S315080066301B78002BC5D16FF091000FE00BF1010B11
S31508006640A9E757F8040BFFF735FF0130EFD008F13B
S315080066500108AEE7039B23B96FF08B0027B0BDE8AE
S31508006660F08F06B92646329B00201E60F6E7309B5F
S3150800667013B10023309A1360319B13B10023319A6A
S3150800668013604FF01009DFF8A480CDF800900023BE
S315080066902A462146D8F80000FCF724FF002836D100
S315080066A0309B0BB1C3F800902A68224B9A4217D048
S315080066B02146D8F80000FDF771F80028CCD1D5E9B5
S315080066C00223DDE90410834208BF8A4292D1039B64
S315080066D0002BC7D06B68012BC4D16FF08400BDE7CF
S315080066E0309B002BEBD0319B002BE8D02146D8F805
S315080066F0000016AAFCF73EFF48B9319B309A1B6882
S315080067001268934297D39B1A319A1360D7E70A4BBC
S315080067109842CDD06328CBD0084B9842CFD08AE791
S3150800672073320020006D0800816D0800F4370020E0
S31508006730906D0800105D175EFFDF00F0FEDF00F0C9
S31508006740A8160020941600202DE9F04F87B082463F
S31508006750894698461646DDF840B02AB1002B51D036
S3150800676040F26C739A4250D8BBF1010F50D80024FE
S3150800677006F1100739460120059423F0BCFE0546AC
S31508006780002848D0394622F0A6FE05ABCDE90143DC
S3150800679000942B46012250464946FFF7B5FE0446AB
S315080067A078B110F18C0F08BF6FF08D042846394672
S315080067B022F091FE284633F0A9FC204607B0BDE832
S315080067C0F08F164BC5E902A92B60C5F804B02EB1A7
S315080067D03246414605F1100031F086FD059E104807
S315080067E03B462A4631460068FCF794FF38B93046DE
S315080067F0FFF740FE013008BF6FF08604D6E76FF05A
S315080068009104D3E76FF08604D7E76FF09104D4E7D5
S315080068106FF08504D1E76FF08C04CEE7105D175E44
S31508006820F43700202DE9F0438DB08146DDE9147870
S315080068300E4615461C468BB1B8F1000F05D16FF010
S31508006840860630460DB0BDE8F083B7F1005FF6D393
S31508006850C3F1005303F500239F42F0D8102200210C
S3150800686008A831F01AFD002207AB029305AB019385
S3150800687006AB31460093484608ABCDE90522FFF73B
S3150800688043FE06460028DCD1059BA4B1AB4215D8C9
S3150800689053EA0504D3D1069B0B48C8F80040009478
S315080068A03A46079900682B44FCF71CFE002818BFD7
S315080068B06FF09106C5E7AB42EDD2C0E75B1B9C4281
S315080068C028BF1C46E7E700BFF437002030B58DB077
S315080068D00C4605461022002108A831F0DEFC0022ED
S315080068E007AB029305AB019306AB214600932846F6
S315080068F008ABCDE90522FFF707FE044608BB099B4E
S31508006900012B21D0079D134B29461868FCF746FF33
S31508006910E8B9A5F50623A3F55063812B05F01F02F8
S315080069200DD801210C485B09914050F823204A40B4
S3150800693040F823202846FFF7BDFD013001D16FF04E
S31508006940860420460DB030BD6FF08404F9E76FF079
S315080069509104F6E7F4370020A8160020103810280E
S3150800696008D8064BC34013F0010F0CBF6FF0860022
S31508006970002070476FF08600704700BF01010100D4
S315080069802DE9F04F95B00446DDE92075DDE922686A
S315080069909346DDE91E028A46DDF8909029B96FF024
S315080069A08604204615B0BDE8F08FBBF1000FF6D07F
S315080069B00FB9002DF3D108B9002AF0D116B9B8F1EC
S315080069C0000FECD1B9F1000FE9D02D4A934254D10A
S315080069D02388B3F5105F50D1282200210DEB020061
S315080069E031F05BFC2022002102A831F056FC0AA8EF
S315080069F033F027F910B16FF09204D2E720465A46D1
S31508006A00514602AB00F0FAF904460028C9D10298AB
S31508006A10FFF7A4FF04460028C1D115B9C9F800003C
S31508006A20BFE7B74223D27B199E4220D24545B6D846
S31508006A3039462A46304631F017FC374615F00F0A14
S31508006A40ADD1CDE900762B46524602A90AA8FFF732
S31508006A5001F9074670B142465146304631F01DFCF1
S31508006A60012FC9F800A0C6D16FF08B0499E74545F8
S31508006A70E4D994E7C9F8005093E76FF0850490E7E6
S31508006A80004440042DE9F04F0C46C5B0002183466A
S31508006A90904601A820229946DDF838A1509D529FBC
S31508006AA031F0FBFB2022002109A831F0F6FB202259
S31508006AB0002111A831F0F1FB23AE2822002119A8E4
S31508006AC031F0EBFB84220021304631F0E6FB3CB185
S31508006AD0B8F1000F04D0BAF1000F01D005B12FB9F3
S31508006AE06FF08604204645B0BDE8F08F218862889D
S31508006AF001F4E043B3F5804FF2D0304B30480BEA4F
S31508006B00030343F01063834202D06FF08504E9E77C
S31508006B10D31DB9EBD30F4FEAD300E1D3519B98426B
S31508006B2046D847F212139942EFD1B2F5807FECD1DD
S31508006B30244B4F9809930AF101030D938423169366
S31508006B404023023020F003000E90129320464A4656
S31508006B50414601AB159600F051F904460028C1D10B
S31508006B600B9B119043F4005319A80B9333F069F863
S31508006B7008BB11AB09AA01A919A8FFF745FB10B173
S31508006B804828ADD1C1E72B462BAD324603CAAA42E7
S31508006B9018605960164603F10803F6D123AB842220
S31508006BA00021184631F079FB842220233B6099E7BF
S31508006BB06FF0890496E76FF0920493E70000FFF6FA
S31508006BC000000209200000802DE9F043884614469B
S31508006BD01D46C5B0002839D0002937D0B2B3ABB3AB
S31508006BE0038803F44F42B2F5824F04D06FF0850054
S31508006BF045B0BDE8F083DAB2122AF7D123F0FF03D5
S31508006C00B3F5E24F25D143882B60DBB9E3002B604F
S31508006C10B3F5807FEAD1002318463F4908EB0405FF
S31508006C20214415F8012D11F8014D1043121B18BF08
S31508006C300023A84543EA0203F3D138B1002B05DA4D
S31508006C400020D5E7DA1DB4EBD20FE1D06FF086004D
S31508006C50CEE7B3F5824F5BD10B78042BF6D1282209
S31508006C60002118A831F019FB18A832F0EAFF00280D
S31508006C704BD14FF0880922AF4A460021384631F0F9
S31508006C800CFB01232022002168468DF8883031F05C
S31508006C9004FB2022013C08F10103002105940DEBB9
S31508006CA00200E4000493640831F0F7FA2022002178
S31508006CB010A8CDE90C7931F0F0FAE02C6E46CDE952
S31508006CC014792C6002D0B4F5807FBFD1134B0734FA
S31508006CD0336008934FF40053B3604FF48043E408DD
S31508006CE00A93640010AB08A9324618A81194FFF756
S31508006CF08BFA2B6804460733DB08590013B138466C
S31508006D0022F05FFC002C9BD0A0E76FF092006FE7A3
S31508006D106FF096006CE700BF24C3030820000080CC
S31508006D20F8B5134642880C460732072A4FEAD201BD
S31508006D3001D0A1425AD1D0E9016705882022184618
S31508006D40002131F0AAFA360A034616B1012E50D1AF
S31508006D50C660002C4AD041F20102954205D0B5F52D
S31508006D60885F02D0B5F5905F08D15C6026B1B90797
S31508006D7007F0010212D4A2B3002011E0B5F5105FA6
S31508006D8007D1182C03D0202C01D0102C2ED11C6032
S31508006D90EBE705F44F42B2F5824F02D06FF085005B
S31508006DA0F8BDEAB2122AF9D1202CF7D1124A25F0F9
S31508006DB0FF05B5F5E24F1A600CD0B5F5824F15D12F
S31508006DC04FF4005217F4705F09D017F4864F04D0B9
S31508006DD09A60E3E74FF48042F4E742F480629A60EF
S31508006DE0C4E79A6842F080729A60C5E76FF0860039
S31508006DF0D6E76FF08B00D3E7200000802DE9F0413D
S31508006E00164600221C4643688CB01B0A80460D466F
S31508006E10009204D0012B56D06FF08B008EE00088CC
S31508006E2020F0FF03B3F5824F15D1B8F80270073783
S31508006E30FF08009722F0A2FB002800F0E6800B78F6
S31508006E40042B05D1013EB6EB470F05F1010504D029
S31508006E506FF0860072E0374600962246394640466D
S31508006E60FFF75EFF002869D1F21CC4E9030522F08A
S31508006E7003026261002F00F0AA802022002101A8E7
S31508006E8031F00BFA394601AA4046FFF749FFDDE91A
S31508006E900176DDE9072C0399002840F098802368DD
S31508006EA0A568BB4240F093806768B74240F08F8080
S31508006EB08D4240F08C80A169914240F08880E26959
S31508006EC062453BD083E0032EC2D90B78012B40F0F4
S31508006ED09F80497800294BD0F73908299CD801A307
S31508006EE053F821F04D6F0008096F0008196E000865
S31508006EF0436F0008196E0008676F0008196E0008CE
S31508006F00576F00085F6F00084FF41056F825424F78
S31508006F101C22002102A831F0C0F903230197CDE90C
S31508006F200435039601AA09AD134603CBAB4220608C
S31508006F3061601A4604F10804F6D100200CB0BDE8D9
S31508006F40F08110274FF08076FA25E1E720274FF0E9
S31508006F500076F725DCE7FE252F4F304ED8E7FF25CC
S31508006F602D4F2F4ED4E74FF41056FC252A4FCFE766
S31508006F702B2E7FF66DAF2022204631F08EF905F1D3
S31508006F80100315F0030723610DD001AB05F1280C9A
S31508006F901A4628686968083503C265451346F7D155
S31508006FA0286801AD10606B68103E2360AB686360AB
S31508006FB0EB686661A3600123E3601FB12C2101A879
S31508006FC022F0FFFA6946204621F0A0FF20B12021D1
S31508006FD0204622F0F6FA3BE7B8F80030009F03F4A3
S31508006FE04F42B2F5824F0ED1DAB2122A0BD123F0F4
S31508006FF0FF03B3F5824F06D17B0062691C339A42C0
S31508007000BFF438AFE3E73B46F7E76FF0850095E74F
S315080070106FF0910092E700BF200000800044000254
S31508007020004400032DE9F04F91B0DDF8689007465B
S315080070300C4692469B46DDF87080B9F1000F05D1E3
S315080070406FF08604204611B0BDE8F08FB8F1000F46
S31508007050F6D00028F4D02822002106A831F01DF920
S3150800706006A832F0EEFD10B16FF09204EAE714F4C8
S315080070707C1FC4F305452BD0102DE1D81B9B9D42E0
S315080070802FD81B4B24F47E149C422DD102AE10221D
S315080070900021304631F001F95B46524639460096E2
S315080070A006A8FEF741FE0446A0B92A4631464846D8
S315080070B031F01AF910222146304631F0EEF8102345
S315080070C0C8F8005006A821F01CFF0028BAD0CBE764
S315080070D01025D3E7212814BF6FF092046FF08604B9
S315080070E0F0E76FF08904ADE76FF08504AAE700BF03
S315080070F00002C00370B50E461446054610B96FF077
S31508007100860070BD0029FAD03822002131F0C5F872
S31508007110094B24F47E129A420AD13388B3F5105FDC
S3150800712006D1C4F30543102BE9D800202C60E8E704
S315080071306FF08500E5E700BF0002C003F0B50E4614
S3150800714017461C4605468DB060B302B953BB4EB30D
S3150800715054B12822002102A831F09FF802A832F083
S3150800716070FD20B16FF0920420460DB0F0BD2B687B
S315080071700F4A23F47E13934217D100943B463246B6
S3150800718002A9281DFEF7E2FE044628B1212814BFED
S315080071906FF092046FF0860402A821F0B2FE002870
S315080071A0E2D0DFE76FF08604DEE76FF08804DBE7FE
S315080071B00002C0032DE9F0438FB0894690461D466C
S315080071C00446169F00284ED0002A4CD0002B4AD0E1
S315080071D0002F48D0002946D02822002104A831F0E3
S315080071E05CF804A832F02DFD064628B16FF092042B
S315080071F020460FB0BDE8F0832368102D28BF102560
S3150800720013F47C1FC3F3054202D0954228BF1546E6
S31508007210184A23F47E13934228D12822002104A871
S3150800722031F03BF810220021684631F036F8201D6F
S315080072306B464A4604A9FEF7E5FD044660B12128D7
S3150800724014BF6FF092046FF086043E6004A821F024
S3150800725058FE0028CCD0C9E72A466946404631F090
S3150800726043F82E46F1E76FF08604C1E76FF088040D
S31508007270BEE700BF0002C0032DE9F0410E461746DF
S315080072809846044600B3F9B1F2B19822002131F0CC
S3150800729004F83146069A04F16000FFF72BFF05460D
S315080072A0A0B92346424639463046FFF7A7FD0546AC
S315080072B060B97288D208A2F110011029E26503D8D4
S315080072C00A4BCB40DB0704D46FF086052846BDE899
S315080072D0F08163691C329342F6D304F12003184601
S315080072E0216931F001F82061F0E700BF01010100D2
S315080072F0F0B50D461646044689B030B301B922BB2F
S31508007300202700213A46684630F0C7FF04F13803C3
S31508007310CDE904372368104AA06D23F47E139342FF
S31508007320019003D002F58072934211D1102803D040
S31508007330182801D020280BD1009033462A466946E2
S315080073402046FFF7FBFE09B0F0BD6FF08600FAE7AE
S315080073506FF08800F7E700BF0001C0032DE9F04190
S315080073600D4616461F4604468AB050B349B342B383
S315080073703BB34FF020080021424602A830F08DFFAB
S3150800738004F13803CDE906382368114AA06D23F4C1
S315080073907E139342039003D002F58072934213D171
S315080073A0102803D0182801D020280DD10290334682
S315080073B02A462046009702A9FFF7FCFE0AB0BDE858
S315080073C0F0816FF08600F9E76FF08800F6E700BFF6
S315080073D00001C00370B504460D4632F0C3FB0D2C00
S315080073E006460AD80D2C15D8DFE804F01818141824
S315080073F0182714182B142E1431360F3CE4B2112C0E
S3150800740008D80123194AA340134216D10A2C29D0B9
S31508007410042C24D0002321242B8009E08020FDF7AA
S3150800742037F94FF6FF7398420CBF0E2400242880C4
S31508007430304632F092FB204670BD00230F242B8085
S31508007440F6E74FF48060EAE74FF44060E7E74FF469
S31508007450C060FDF7FFF8E4E74FF4F060F9E74FF492
S31508007460E060F6E74FF41860F3E700BF4751030002
S3150800747030B58BB06C46854D854832F0F0FC0FCDA3
S315080074800FC42B68834A2360FF238DF80130D2F896
S315080074904C3113F4802340F0EC80D2F850218DF85B
S315080074A001309DF801306C46FF2B08BF3F23684624
S315080074B0794D8DF80130FDF7C1F93220FDF7FCF959
S315080074C00FCD0FC40FCD0FC495E8030084E8030061
S315080074D0704BD3F84C21120300F1C580D3F8504104
S315080074E0E4B28DF81940FDF7A3F9044484F30804BF
S315080074F06A488DF81840FAF741FB6846FDF7D4F854
S315080075003220FDF7DFF96648FDF7D8FA6548FDF73A
S3150800751045FB654C654832F0A2FC0020FDF7D8F91A
S31508007520FDF782FA236F002023F0070343F00303D5
S315080075302367FDF7A3FA236F5D4923F47443236792
S31508007540D1F8FC2012F080721EBFD1F8FC3023F06F
S315080075508073C1F8FC300021D4F8803023F003038F
S3150800756043F00103C4F88030524BC3F8801032B19F
S315080075704F4AD2F8FC3043F08073C2F8FC304A4CCC
S31508007580D4F8203123F0070343F00203C4F820316E
S31508007590D4F8283123F0070343F00203C4F828314E
S315080075A0D4F8803123F0030343F00103C4F8803193
S315080075B0D4F8403123F0030343F00203C4F8403102
S315080075C0D4F8603123F0030343F00203C4F86031B2
S315080075D0D4F8403223F0030343F00203C4F84032E0
S315080075E0D4F8003223F0070343F00203C4F800324C
S315080075F0D4F8083223F0070343F00203C4F808322C
S31508007600D4F8503223F0030343F00203C4F850328F
S31508007610D4F8703223F0030343F00103C4F8703240
S31508007620D4F8203223F0070343F00103C4F82032CC
S31508007630FCF7F8FF4FF0E0220020136943F004033B
S315080076401361D4F8603223F0070343F00103C4F84A
S315080076506032D4F8943223F0070343F00103C4F8E8
S3150800766094320BB030BD144B1C88FF2C88BF8C2479
S3150800767037E74FF07E6393F89C2093F99C30002BF4
S31508007680FFF60FAF8DF801200BE700BF44C30308D0
S31508007690A4C303080080E00F58C30308C0175302A9
S315080076A000B4C404C0EA210100800050ACC303083A
S315080076B000ED00E0009000500001E00F07B5094B0F
S315080076C0186899889B7900906846ADF804108DF87B
S315080076D00630FDF7E9FB0C20FDF71EFC002003B081
S315080076E05DF804FB80C303082DE9F04704460E46FF
S315080076F021B900F0FFF80646002868D0337D1F2B15
S3150800770067D832F02FFA0746334B1B68183B13F13C
S31508007710180F0FD1DFF8C480D8F80090ACBB4246EA
S3150800772021461C2001F072F80546C0B1384632F0F1
S3150800773014FA05E0A34206D1384632F00EFA1225AD
S315080077402846BDE8F0871A68B24201D09B69DDE792
S315080077503846002CF1D032F000FA2325F0E74FF036
S31508007760010AD8F8004000220421307D04F11003F4
S3150800777001F054F8054680B1BAF1000F02D0204650
S3150800778032F0C0FCC8F80090D0E7B9F1000F01D17B
S31508007790C8F800404FF0000AE5E702460421307DAC
S315080077A004F1140301F03AF8054618B1206932F0DD
S315080077B0A9FCE1E7214660602073A060064841F80D
S315080077C0186B20F03BFA304600F074F8AEE72D252A
S315080077D0B6E70F25B4E700BFC4160020C016002080
S315080077E020B1034B1B6803600020704722207047B6
S315080077F0C016002038B50D46044608B90F4B1C685C
S3150800780032F0B0F9D4E900311A7D4FF0FF339340D6
S315080078100B43DB4303D132F0A0F91A2038BDB3FA83
S3150800782083F30122C3F11F03DBB29A400A43626065
S315080078302B7032F092F90020F0E700BFC016002046
S3150800784070B50E46044608B90D4B1C6823681B7DA7
S31508007850B34212D932F086F9012200256368B24094
S3150800786023EA02036360236943F82650636943F8F1
S31508007870265032F072F9284670BD2120FCE700BF79
S31508007880C016002070B50D461646044608B9084BC2
S315080078901C6823681B7DAB4208D932F063F923695B
S315080078A043F8256032F059F9002070BD2120FCE725
S315080078B0C016002013B50468806832F0D0FA0C4868
S315080078C032F0CDFA232000F0BBF9232000F09CF912
S315080078D01E23ADF804300023204601A98DF8063092
S315080078E021F0A3FA012304F58054636002B010BDA9
S315080078F0B0C3030800487047C0C30308F8B5134D62
S315080079006B6D2A6D1340124A002B13659EB202DB7B
S3150800791001276EB9F8BD0123E9680E4AC1F30421AF
S315080079208B40284642F82130BDE8F84031F08CB942
S31508007930B6FA86F4C4F11F04E4B22146284607FACB
S3150800794004F431F081F926EA0406E2E7000004505F
S3150800795000200450C816002070B501F0D7F9044677
S31508007960E8B901F079FA31F005FF4FF4167343438D
S315080079700C4A03F5742303F23F23B3FBF2F30A49D7
S315080079800A480B600A230268094D0E68013B45F850
S31508007990046B0E6813F0FF033244F6D102602046EA
S315080079A070BD00BF40420F001C170020EC160020D7
S315080079B0F0160020012208B5034B1A7032F01EFC9F
S315080079C0024B186008BD00BF75320020E81600207B
S315080079D010B531F0CFFE044632F0CDF8844207D90F
S315080079E032F018FC20B10122024B1860024B1A70C3
S315080079F010BD00BFE816002075320020F8B51F4CF0
S31508007A002378E3B132F0FAFB1D4B1E4D1B68C01AF2
S31508007A1028602B68A3B12B682B6031F0ABFE4FF4BE
S31508007A2016725043184A00F5742000F23F20B0FB46
S31508007A30F2F02B682B68834204D900232370F8BD23
S31508007A400123E9E71148124E0378296856F82320DE
S31508007A50104F511A3A68521A29683A6046F82310A4
S31508007A600A210932B2FBF1F20B4D0133DBB22A606F
S31508007A70B3FBF1F201FB12330370DEE77532002027
S31508007A80E81600201817002040420F007632002022
S31508007A90F0160020EC1600201C170020014B186871
S31508007AA0704700BF1C170020F8B503213C2022F0C0
S31508007AB04EF904264FF480120D4C0E4B0E4F04F56A
S31508007AC000555A663C206F676E672F672E6700F071
S31508007AD0B7F83C2000F098F84FF0007204F5805390
S31508007AE05F675E67AA624FF480529A62F8BD00BF6C
S31508007AF00040005A00900050010000A0064B074ABB
S31508007B00996D11F0050F01D0117811B10028F7D140
S31508007B1070470120704700BF0040005A77320020A6
S31508007B20164B10B51C6F600712D50421144A11674D
S31508007B30082191629B6DD90701D4FFF749FF01F02F
S31508007B4027F801F007F8012031F0C0FE32F064FB97
S31508007B50E20706D501220A4B1A67FFF74FFF00F026
S31508007B60F9FFA30042BF4FF00052054B1A67002CDD
S31508007B70BEBF4FF00042024B1A6710BD0040005AC4
S31508007B800060005A0028ACBF00F16040064B4FEA7F
S31508007B900111C9B2ABBF00F5614000F00F0080F8D3
S31508007BA000131954704700BF14ED00E008B531F012
S31508007BB0D9FF0B4B1A7872B901221A7031F0CDFF32
S31508007BC06FF0040210460132052152B2FFF7DAFFC0
S31508007BD05D2AF7D108BDBDE8084031F0BEBF00BF39
S31508007BE07832002000280CDB01220649430900F000
S31508007BF01F008240203341F82320BFF34F8FBFF385
S31508007C006F8F704700E100E0002807DB0123410978
S31508007C10034A00F01F00834042F82130704700BF36
S31508007C2000E100E0054B421153F8223000F01F0036
S31508007C3023FA00F0C04300F00100704700E100E0BD
S31508007C40002808DB01224309034900F01F0082408F
S31508007C50603341F82320704700E100E010B5044680
S31508007C6031F080FF024B1C6031F077FF002010BD19
S31508007C702017002010B531F075FF034B1C6831F052
S31508007C806CFF204610BD00BF2017002038B5104BEA
S31508007C9005461B78ABB1B0B1002029462860FFF72E
S31508007CA0A9FD044688B931F05DFF2B680125094A0C
S31508007CB0190102EB03131D73545031F04EFF204691
S31508007CC038BD1124FBE72124F9E71A24F7E700BF9A
S31508007CD0793200202818002010B531F043FF002320
S31508007CE0084A147B54B90133082B02F11002F8D163
S31508007CF0054B1C7031F031FF204602E031F02DFFB4
S31508007D00042010BD28180020793200200D4B10B52C
S31508007D101B7804468BB1072811D80B4BC1B21868DB
S31508007D20FFF78EFD31F01EFF084B03EB041300240A
S31508007D301C7331F012FF204610BD1120FCE72120EC
S31508007D40FAE700BF793200202417002028180020FF
S31508007D5010B531F007FF124B1C781CB131F0FDFE4F
S31508007D60122010BD01221A7031F0F7FE0D4B0E4895
S31508007D701C731C7783F82C4083F83C4083F84C40EE
S31508007D8083F85C4083F86C4083F87C4032F067F8EF
S31508007D90064832F064F80648FFF722FD2046E0E779
S31508007DA07932002028180020B4C30308B0C303089A
S31508007DB024170020F8B504461648007820B3072C87
S31508007DC024D8154D260105EB0410077B07B3AB51E4
S31508007DD00025069B85604360134610480A462146DF
S31508007DE021F036F801230E4AA34053650D4BE1B244
S31508007DF053F824200C4B1868FFF744FD0748214622
S31508007E0021F064F82846F8BD1120FCE72120FAE79E
S31508007E102520F8E7793200202818002000000450B1
S31508007E2000100450ACC50308241700202DE9F04FB4
S31508007E3087B098469DF84030044600933D4B8B46E4
S31508007E401B789146002B6FD007286FD8002A6DD073
S31508007E50B8F1000F6AD0119BB3F5006F66D8DFF84A
S31508007E60F0A003010AEB0012127B0193002A5FD0EF
S31508007E700021314D102205EB401647013046CDE969
S31508007E800311059130F009FA4FF444727280DDE966
S31508007E9000231AB9F27842F03002F270DBF80020BB
S31508007EA0E9190292119AC1E90189501E9DF84820E4
S31508007EB0C0F30A0002F00302920642EA001CEA59DD
S31508007EC01E4810404CEA0002EA51139A52B38A78C7
S31508007ED0C2F300123D44A97862F30411A970002583
S31508007EE013990AEB03024AF80310149B9560536032
S31508007EF0134BE1B253F82420124B1868FFF7C2FC63
S31508007F00334602AA2146104820F0A2FF0E48214611
S31508007F1020F0DCFF012328460C4AA340536507B02E
S31508007F20BDE8F08F139AD5E71120F8E72120F6E788
S31508007F302520F4E779320020281700200F80FFF368
S31508007F40ACC5030824170020000004500010045094
S31508007F50281800200A4B1B7863B107280CD8094B50
S31508007F6003EB00131B7B4BB10123074A83401364C1
S31508007F700020704711207047212070472520704740
S31508007F807932002028180020001004500A4B1B786C
S31508007F9063B107280CD8094B03EB00131B7B4BB1C5
S31508007FA00123074A83401364002070471120704755
S31508007FB02120704725207047793200202818002094
S31508007FC000200450302337B5007D0DF107014343E7
S31508007FD003F1A04303F58023DD6E1C6F30F09AFE93
S31508007FE09DF8070040B9054B9D4203D1C4F34004F0
S31508007FF084F0010003B030BD0120FBE77A3200208F
S315080080003021037D02464B4303F1A04303F5802349
S31508008010D86E07491B6F884208D113F0020006D0B4
S31508008020106A136D1B1A5842584170470020704752
S315080080307A32002070B5044608B9012070BD057D66
S315080080402846FFF787FF30236B4303F1A04303F568
S3150800805080232846DE6EFFF799FF0A4B9E421CBF17
S31508008060042384F8A13094F8953094F8A1002BB134
S31508008070022803D1012384F8A130DFE70428DCD1E4
S31508008080F8E700BF7A3200202DE9F04F04464FF496
S3150800809044764FF030093F4D00F138071022002191
S315080080A085B0384630F0F9F86687C4E90F55207D63
S315080080B0FFF750FF10220021384630F0EEF86687A9
S315080080C0207D354EC4E90F5509FB0063DB6EAB42D4
S315080080D004D105B0BDE8F04FFFF758BF0DF10B010D
S315080080E030F018FE9DF80B50002D4CD1204621F09B
S315080080F089FE804603A9207D30F02CFE039B294685
S31508008100013B1FFA83FB04F118031D46102218468B
S31508008110D4F810A030F0C1F8A169204ACBF30A03BD
S315080081201B010A4043F040731343C4E9063A237D12
S31508008130C4F8208009FB0366336F94F824205B0893
S3150800814063F3410284F82420326F94F8243025F032
S31508008150030562F3000384F82430336F626A9B08D0
S3150800816063F39F0245F002056262656400943A462D
S3150800817021460B4B207DFFF71DFE207DFFF706FFEE
S3150800818005B0BDE8F08F94F8443023F0020384F874
S315080081904430EBE77A320020000004500F80FFFCE1
S315080081A0319E02082DE9F7434469064694F895304E
S315080081B063B194F898304BB1002384F8953031F0C8
S315080081C0D3FE236E012120469B689847336904F144
S315080081D07C07013B102200213846D6F80C90D4F8CB
S315080081E074809DB230F059F80B4BC5F30A0543EA83
S315080081F00513C4E91F39012394F8780084F88C30F4
S31508008200C4F884803A46054B009604F16401FFF7EA
S31508008210D1FD03B0BDE8F08300001030E79E0208E8
S315080082202DE9F04F0026044698468BB00891069231
S315080082301E60069BB3EB060900F09F80089B9E19FB
S3150800824000F09B80207DFFF785FE2046FFF7D8FECD
S315080082500746207DFFF79AFE002F40F08E802046C5
S3150800826021F0D0FD216D94F89AB088429BBFD4E9DD
S315080082701253ED18451A6D1A4D4528BF4D46BBF1E8
S31508008280000F00F09F8031F06DFCD4F850900790F5
S315080082902046FFF797FE4B46A9468246581998424C
S315080082A0D4F89C2072D1D4E912130B449A42079849
S315080082B008BFC4F89C1031F050FCD346207DFFF768
S315080082C049FE2046FFF77EFE0646204621F09AFD27
S315080082D0236D8246984240F28380A26CAEB29342E6
S315080082E076D1099304F1280723691022384600211C
S315080082F007932FF0D2FF3022079B013EE362099BCA
S31508008300C6F30A062363237D3601534327F0030782
S3150800831003F1A04346F0407647F0020703F58023B1
S31508008320A6621F67236DD4E912122B440A449342AE
S3150800833008BF0B469A45236505D10123204684F8D4
S315080083405430FFF7A1FE207DFFF720FE94F89A30FF
S315080083503BB1BBF1000F04D0236E112120465B68A8
S315080083609847D8F80060B9F1000F06D0069B4E442E
S315080083709E42C8F80060FFF45CAFD8F80030002BC6
S3150800838014BF00201B200BB0BDE8F08F934203F109
S31508008390010108BFC4F89C101B7808BF5F4603F0AC
S315080083A0FD0CBCF1110F03D006F8013B0B4676E72E
S315080083B02FB1A3F111025342534184F8A03009F1B9
S315080083C0FF39F3E72A4630462FF08EFFA94675E7B0
S315080083D0238DC3F30A12164466F30E132385A1E709
S315080083E0207D86B93023584300F1A04000F580204F
S315080083F0426E436EC2F30A122A446FF30E1343EA1F
S31508008400021343668EE70C4B049403930023CDE9CD
S31508008410015301230093524623692146FFF706FDBF
S315080084203022237D534303F1A04303F580235A6E7C
S3150800843022F480125A6675E7319E0208F0B50C469A
S3150800844015460646A422002189B020462FF025FFAE
S315080084502746AC46BCE80F000FC7DCF8003005F12C
S31508008460140C3B6004F16407BCE80F000FC7DCF886
S315080084700030EA6A3B60AB6AC4E9132395F83020FA
S31508008480A36484F8992095F83320C4F89C30012316
S3150800849084F89A2084F8A03084F85430AB6B2366AD
S315080084A095F8343084F8943095F8313084F898305B
S315080084B03E4B346073603E4BB3603E4BF3603E4BBD
S315080084C073613E4BB3613E4B3361FFF741FC08B124
S315080084D012280CD107A8FFF7D9FB40B9079B07A8B4
S315080084E02375FFF7D3FB28B1207DFFF70FFC10207B
S315080084F009B0F0BD0127079B84F87830314B7362C9
S31508008500314B84F8A170F361304B95F83210336221
S3150800851084F8960084F89570204621F087FDAB6BA9
S3150800852093F91100FFF78CFBAB6B93F91100FFF77A
S315080085306BFB207DFFF70EFD0028D8D1244B049451
S31508008540CDE90203E36C2146CDE900732369A26CE9
S31508008550207DFFF76BFC0028C9D13022237D4FF41C
S315080085608011534342F2640203F1A04303F58023CA
S315080085709950AB6B93F91000FFF762FBAB6B93F95D
S315080085801000FFF741FB04F190001FF054FB304642
S31508008590FFF764FB2046FFF777FD207DFFF7F6FC23
S315080085A0003818BF01200001A2E700BF0F9F02088C
S315080085B0A19E020821820008F39D0208F99D02087F
S315080085C095A00208358000082DA00208FF9D020824
S315080085D0319E020870B50568144E2C7D2046FFF7BB
S315080085E0B9FC302303FB0463DA6E114B9A420FD1B0
S315080085F02846FFF7E7FC80B131F0B4FA01230D4AAB
S31508008600A3405365A2F580529362536331F0A5FAED
S315080086102046BDE87040FFF7B9BC2846FFF7F0FCD6
S315080086200028F5D10123A340B364F1E70000045004
S315080086307A32002000200450F8B517461C46594ADD
S315080086408B6B069D1A60584A5A60584A9A60584A6F
S31508008650DA600A462946FFF7F1FE0646002840F08A
S315080086609A8023680121C5F8A43063683A20C5F8C2
S31508008670A830637A85F8AD30237A85F8AC30E37A8A
S3150800868085F8AF30A37A85F8AE30637B85F8B130CC
S31508008690237B85F8B030E37B85F8B330A37B85F878
S315080086A0B230FBF745FD01230422617A207AFCF7F4
S315080086B011FE01230222E17AA07AFCF70BFE0121C2
S315080086C06068FBF735FD3E7039462068FCF7BCFF4D
S315080086D01420617C374B01F1410252019850607AAF
S315080086E0227A03EB411342EA0042C3F83828E17ABA
S315080086F0A27A42EA0142C3F8302885F8B4607B7E44
S31508008700032B4CD8DFE803F03949021C022385F80D
S31508008710B43000230422E17BA07BFCF7DBFD0220BA
S31508008720617C244B01F1C1025201985003EB4113BD
S3150800873041F62C01E07BA27B42EA00425A501CE03B
S31508008740012785F8B43002220023617B207BFCF7E1
S31508008750C1FD617B227B637C42EA014241F6280126
S315080087605B0103F1A04303F570335A5004222368D2
S3150800877003F58053DA65002FCBD1237A0E4A85F8A4
S31508008780AC30637A052185F8AD30206800F50053D2
S315080087909A6420F07FFA3046F8BD0027D1E72326F1
S315080087A0F9E700BF57A10208E9A10208F7A10208E4
S315080087B06BA1020800C00350FFFF010013B50A4C65
S315080087C023787BB900F040F8684600F035F8DDE913
S315080087D000010222054B21F039FF08B90123237055
S315080087E002B010BD1220FBE77B320020A81800203B
S315080087F007B5009313460A460146034821F066FD6D
S3150800880003B05DF804FB00BFA818002013460A460B
S315080088100146014821F049BEA818002007B5009373
S3150800882013460A460146034821F049FE03B05DF89F
S3150800883004FB00BFA8180020024AD2E90021C0E9BB
S3150800884000217047D01800200349044B044A5B1ADC
S3150800885011605360704700BFB83A00200000082036
S31508008860D0180020BFF35F8F074B5A6A22F4803274
S315080088705A62D3F8942022F00102C3F89420BFF379
S315080088804F8FBFF36F8F704700ED00E070B5FFF7AD
S31508008890E9FF234A234CD2F8C030234D23F0FF03C7
S315080088A043F0A003AC422149C2F8C03028D025F0D5
S315080088B01F03203BB3F1005F23D21D4B0A681848FB
S315080088C023F01F0343F00303C0F89820C0F89C3038
S315080088D0184B0132C0F8A0300A60BFF35F8F05223B
S315080088E00F4BC3F894205A6A42F480325A62BFF397
S315080088F04F8FBFF36F8FBFF34F8FBFF36F8F70BD6F
S315080089000D4B08680D4EC2F8980043F0010301307C
S31508008910AC42C2F89C60C2F8A0300860DDD0CCE753
S3150800892000ED00E0C037002020340020D8180020D1
S31508008930DF370020E1FF07200000082003000020A1
S315080089402DE9F0410E461146DFF8D480D8F80040EC
S31508008950FF2C8CBF1A270027FFF784FF1F292AD967
S315080089600021C2061CBF20F01F0020302B4DF30645
S3150800897018BF26F01F06CBB29C4231D8D5F8C030B6
S3150800898040F0030423F47F4343F48073C5F8C030F2
S3150800899031F0E8F8D8F8003046F00306C5F8983004
S315080089A0C5F89C40C5F8A06031F0D7F8D8F8003073
S315080089B00133C8F80030BFF35F8F0522174BC3F8A1
S315080089C094205A6A42F480325A62BFF34F8FBFF33B
S315080089D06F8FBFF34F8FBFF36F8F3846BDE8F081B7
S315080089E0C5F89830D5F89C30D5F8A02023F01F0399
S315080089F0984222F01F0201D196420BD0904201D82C
S31508008A009E4209D2D5F89830013123F0FF03C5F804
S31508008A109830B0E70027CEE72827CCE700ED00E03E
S31508008A20D8180020BFF34F8F0549064BCA6802F4D1
S31508008A30E0621343CB60BFF34F8F00BFFDE700BF73
S31508008A4000ED00E00400FA0538B54160044631F04F
S31508008A5080F80546214604481FF0F0F82846BDE888
S31508008A60384031F071B800BFDC18002001481FF00B
S31508008A70E2B800BFDC18002070B531F06AF8134D73
S31508008A800446134831F0EBF92E7896B900F0CAF986
S31508008A90FFF7ECFF31F0D3FB0E4B1E6030F06AFE99
S31508008AA00D4B0E4A1860536F43F00103536721F0CC
S31508008AB0EFFD00F09DF821F001FE094B1860012337
S31508008AC020462B7031F040F8002070BD8832002017
S31508008AD0B8C30308E0180020081900200040005019
S31508008AE0E418002038B5044631F033F80F4D024635
S31508008AF02B78FF2B04D1B4B1BDE8384031F024B847
S31508008B001BB9002CF8D0012103E0002C14BF012169
S31508008B10FF210B44DBB22B70B3FA83F304495B09DC
S31508008B2010460B70E8E71946F3E700BF85320020C8
S31508008B3084320020054B1B685843054B00F574200A
S31508008B4000F23F20B0FBF3F0704700BF0819002081
S31508008B5040420F0010B5094B1B786BB1084C2378BF
S31508008B6053B130F015FC0023064A23701370012315
S31508008B70054A1370054A137010BD00BF87320020DE
S31508008B8082320020813200207D3200207C32002093
S31508008B90034B1B7813B10122024B1A70704700BFB2
S31508008BA0873200208232002073B50F4E0446337890
S31508008BB0834211D000238DF80430430001A88DF8B4
S31508008BC005300A4DFCF778F840203CB1FFF7B2FFB4
S31508008BD02B68181A2860347002B070BDFFF7AAFF18
S31508008BE02B681844F6E700BF983A00200C190020B5
S31508008BF073B5002401A88DF80440FCF7F5F8204663
S31508008C00224CFFF7D1FFD4F80031214A03F00303C1
S31508008C1013604FF480121F4B1F4D5A664FF40032F3
S31508008C205A6630F0E1FA1D4B1B780BB3D4F80031C5
S31508008C3003F00303022B23D0032B24D0012B17D1D7
S31508008C402FF008FD024698B1154B164EDC68002336
S31508008C501946C4F30B04013404EB84040138E4FB1D
S31508008C60060105F009F8FFF765FF2B6803442B603A
S31508008C701F20FFF75FFF2B6803442B6002B070BD0F
S31508008C802FF046FDDEE72FF0EBFCDBE70080005017
S31508008C9018190020009000500C1900208B32002073
S31508008CA000C0015040420F000122114B10B55A670F
S31508008CB0104B114C1B78A3B1022031F0AFFA80B1EA
S31508008CC030F0EEFD68B1A36DD90302D5E36D9A07BE
S31508008CD003D4094B9B6DDB0704D54FF48032044B54
S31508008CE09A6210BD0122054B1A70FEF763FEF4E77F
S31508008CF00050005A8C3200200040005A8932002069
S31508008D000122014B1A7070478C32002070B530F082
S31508008D1029FF144E05463478FCB9134B1C60134BD7
S31508008D201C60134B1C6000F047F8012031F08CFAE8
S31508008D3030F09CFE0F4B0246186020B9284630F0EA
S31508008D400CFF232070BD234640F2E7310A4804F0A1
S31508008D5093FF0A4B186001233370284630F0FDFE56
S31508008D600020EFE78F3200202C1900202819002058
S31508008D70341900203019002018FCFFFF24190020A0
S31508008D80012300B58DB08DF80F3030F0F9FC0023C3
S31508008D900146CDE90033074A0DF10F0304A831F067
S31508008DA0DDF918B99DF80F30002BFBD10DB05DF831
S31508008DB004FB00BF1BA1030810B5002486B01422CB
S31508008DC0214601A88DF800402FF067FA01231348C1
S31508008DD08DF8043031F043F8BFF34F8F6846FCF73F
S31508008DE0E7FE204601A98DF80440FCF7F3FE20466D
S31508008DF00F212FF0CBFC0F2120462FF0CDFCFCF7DE
S31508008E00BDFE2FF0A7FC064B53209C61FEF718FF0A
S31508008E105320FEF7F9FE06B010BD00BFA4C3030831
S31508008E2000C00A5008B50A4831F019F840F6015250
S31508008E3000210120FCF7F8FA4FF4A2720021012064
S31508008E401FF093FE4FF48072024B9A6408BD00BF70
S31508008E50A8C3030800D00A5008B5094830F0FFFF38
S31508008E6040F6016200210220FCF7DEFA4FF49E72FA
S31508008E70002102201FF079FE0022024B9A6408BDE9
S31508008E80A8C3030800D00A5010B504462FF0C8FB43
S31508008E900C4BA0F57A729A4212D84FF47A73B0FB4B
S31508008EA0F3F05C43084BB3FBF0F3B4FBF3F0022892
S31508008EB006D9BDE810400323B0FBF3F0F7F750BB23
S31508008EC010BD00BFFFC99A3B40420F0038B508469F
S31508008ED00C462EF05AF9034620B994E80700024DCD
S31508008EE085E80700184638BD3819002070B50429EA
S31508008EF015461C46049E01D9212070BD02D12EF0CC
S31508008F003EF901460B4B9A7A8A42F5D918680C2322
S31508008F1003FB010115B1B1F904302B8014B1B1F985
S31508008F20063023800EB90020E7E7B1F90830338010
S31508008F30F9E700BF381900202DE9F0432A48DDF883
S31508008F401C80847A94424BD90C246243D0F800E002
S31508008F501EEB020446D06089002843D0B4F90450B9
S31508008F60B4F906608D42B4F908701DDCB142A8BF99
S31508008F703146002F36D000F1FF3C1FFA8CFC07FB68
S31508008F800C594C1B94FBF7F44E45D8BF6046A4B267
S31508008F90A04202D3B14218BF20465EF802C05CF870
S31508008FA020200CEB800403E02946E2E7013880B272
S31508008FB018B154F804ED7245F8D0B1421EBF17FB3C
S31508008FC000F1491909B2994203DD10B1013880B29E
S31508008FD0E5E70020C8F80020A8F80410BDE8F083EB
S31508008FE00E20FBE70220F9E73819002008B50649E4
S31508008FF04FF0FF30FFF76AFFBDE8084001214FF048
S31508009000FF302EF0C4B800BF40D703087FB5022250
S31508009010084B0949CDE901234FF00073CDE9031345
S31508009020072301A94FF0FF3005932EF0D5F807B0B6
S315080090305DF804FB006A180000020600B5EEC00AD7
S31508009040DFED087AF1EE10FA60EE277AB6EE007ACE
S31508009050ACBF77EE877A77EEC77AFDEEE77A17EE3A
S31508009060900A704700007A440128024605D0044B4E
S315080090700448022A08BF184670470348704700BFCD
S31508009080F9A50308FFA50308F4A50308B5EEC00A69
S31508009090F1EE10FA82B012D9DFED0B7AB4EEE70AD8
S315080090A0F1EE10FA0DDAF6EE007A30EE270AFCEE4B
S315080090B0C07ACDED017A9DF8040002B07047002011
S315080090C0FBE76420F9E700BF0000C842B5EEC00A16
S315080090D0F1EE10FA0FD99FED0A7AB4EEC70AF1EE4F
S315080090E010FA0ADAF6EE007A40EE077AFCEEE77A2C
S315080090F017EE900A70470020704742F210707047CA
S315080091000000C842024A136801331360704700BF63
S31508009110BC19002000234FF461610D4A13600D4A03
S3150800912011600D4A13700D4A13700D4A13600D4AEB
S3150800913013700D4A13700D4A13700D4A13700D4AB9
S3150800914013700D4A137001220C4B1A70704700BF3A
S315080091505019002018380020B5320020B4320020FB
S31508009160441900209E3200209F3200209D320020A4
S315080091709C3200209B3200209A3200209B3A002025
S315080091804FF0FF33044A1360044A13804FF6FF7208
S31508009190034B1A80704700BF14380020EE390020B0
S315080091A0EC3900200023034A1370034A1370034A5C
S315080091B013707047B03200209E3200209F32002084
S315080091C013460B4A20B5156841EA0302024304D147
S315080091D02846BDE820401EF0AFBE0A46014628468E
S315080091E01EF0C0FE2846BDE820401EF097BE00BF10
S315080091F074DF0308034B1878FF2801D013F0DCBC92
S31508009200704700BF9C3A0020F8B5174E3378F3B183
S31508009210164F3B78032B1AD8154C2578BDB9154A35
S315080092201278072A13D1144A1078FF280FD0134A48
S3150800923011884FF6FF72914209D0114A02EB830357
S3150800924004220DF0CBFE014610B902232370F8BDA7
S315080092503A780C4801321DF04DF925703570BDE895
S31508009260F840FFF7C7BF00BF9E3200209F3200209C
S31508009270B0320020B23200209C3A0020EE3900209D
S31508009280A032002006A6030807B530F073FA00F1ED
S315080092901E013B2985BF3C23B1FBF3F101230B4695
S315080092A00E4A98BF1946136000230D4A0D481360ED
S315080092B00D4A1360CDE900330C4A30F077FF0146BA
S315080092C048B901223C210A4B0A481A7003B05DF8D6
S315080092D004EB1DF00FB90848F8E700BF9019002005
S315080092E0BC19002094190020B8190020059100081F
S315080092F0BD32002037A6030872A60308274B1B7841
S315080093001BB9274B18681EF017BE264B1B7813B1DE
S31508009310254B1B7823B9002241F65830114608E040
S31508009320224B1B78032B06D000224FF4E16141F251
S315080093309410FFF745BF1E4B1B7823B1002241F658
S3150800934058310020F5E71B4B1B78013B072B22D829
S3150800935001A252F823F000BF79930008839300080E
S315080093608393000883930008839300088393000877
S315080093708F9300081793000841F2941200210846BB
S31508009380D7E741F2941200214FF4E160D1E741F2A8
S3150800939094121146D5E74FF4E162EFE79D3A0020B3
S315080093A074DF0308BF320020BE320020B932002025
S315080093B0B4320020B232002030B500202DED028BE9
S315080093C02F4B304C83B00A210422186001238DF8F4
S315080093D007002070FBF77EFFC820FFF7D1FC1DF0C1
S315080093E02CFD014640B128481DF084F8FFF786FF9A
S315080093F003B0BDEC028B30BD0DF107001DF06EFC0D
S315080094000246014608B12148EEE701201DF087FD16
S31508009410014608B11E48E7E79FED1E0AF7F7A2FBCB
S315080094201D4D4FF49670B0EE408AFFF7A9FC28460A
S315080094301DF07FFC014608B11848D5E70123FDEE6B
S31508009440C87A2370164B17EE902A1860154B9DF8AC
S315080094500710187014481DF04DF895ED000AFFF72F
S31508009460EDFD95ED010A0146FFF7E8FD95ED020AC7
S315080094700246FFF7E3FD03460C481DF03BF8B5E747
S3150800948048190020BF32002092A60308B9A603088F
S31508009490E0A603080000C842841900200DA70308A7
S315080094A04C190020BA32002030A703085CA703082D
S315080094B0F0B52DED048B314B04461B780E4687B06C
S315080094C013B12F4B1D7845B92E481DF025F80025F8
S315080094D0284607B0BDEC048BF0BD2B481DF00AF8F2
S315080094E04FF4E1629FED298A10461146FFF768FEA0
S315080094F04FF4C870FFF744FC7827F0EE488AB0EEC0
S31508009500489A03A81DF015FC014628B120481CF00E
S31508009510F1FFFFF7F3FEDAE7DDED037A39EE279A76
S31508009520DDED047A78EEA78ADDED057A0A2038EEB5
S31508009530278AFFF725FC013FE3D1DFED167A89EE8E
S31508009540270A88EEA76AC8EE276A84ED000A84ED22
S31508009550016AC4ED026AFFF771FDB0EE460A0246DB
S31508009560FFF76CFDB0EE660A0346FFF767FD314666
S31508009570009009481CF0BEFFAAE700BF9D3A0020EC
S31508009580BF32002082A70308ACA70308000000002A
S31508009590D0A703080000F042EDA703082DE9F34120
S315080095A001242A4B8DF807401B78002B44D0284D00
S315080095B02B78002B40D0DFF8CC8098F80030002BB1
S315080095C03AD1244B1B78002B36D1234E3778002FFF
S315080095D032D1224B1B78072B2ED1214B1878FF2826
S315080095E02AD0204B19884FF6FF73994224D0224679
S315080095F00DF107030DF0F2FC014600BB1A4B1B4A9E
S3150800960018601B4B287018781A4B3470187013683A
S3150800961088F8004013F13D0F9CBF3C331360FFF7F9
S3150800962023FD154B01461A683C231448B2FBF3F296
S315080096301CF060FFFFF762FE02B0BDE8F08110483B
S315080096401CF058FF37702C70F6E700BFBE320020BA
S31508009650B53200209E320020B0320020B2320020FF
S315080096609C3A0020EE3900204419002018380020C2
S31508009670B8320020B33200205019002018A8030879
S315080096804AA80308B432002038B51A4B1B787BB3B6
S31508009690194B1B78032B2BD1184D2B7843BB184B32
S315080096A01B78FF2B24D1FFF76BFD5021FFF77AFDBE
S315080096B00120282213F0B0FA124C014628B11248AC
S315080096C01CF018FF082323700CE00121084613F04C
S315080096D0B9FA014650B901230C490D482B7023707D
S315080096E01CF008FFBDE83840FFF708BE0948E7E761
S315080096F038BD00BF9D3A0020B9320020B1320020A3
S315080097009C3A0020B232002076A803089FA80308D6
S31508009710B2A80308CAA8030810B5074C237853B1A2
S3150800972013F0A4FA30F00203014602D003481CF0F5
S31508009730E1FE0023237010BDB1320020EDA8030816
S31508009740F8B5284E3378002B42D0274B1B78002BD0
S315080097503ED1264B1B78002B3AD1254D2C78002C70
S3150800976036D1244B1B78072B32D1234B1878FF2888
S315080097702ED0224B19884FF6FF73994228D0204BDA
S3150800978003271A683C23B2FBF3F21E4B1F701E4FC9
S315080097909A703F785F70170ADF70170C120E5A71AD
S315080097A01A4A1F711278A2B101229A71184A1278C0
S315080097B0DA71184A12781A72174A14785C720A22F1
S315080097C0104B0DF00BFC014638B9032330702B7093
S315080097D0F8BD9C71DC711C72F0E71048BDE8F840D2
S315080097E01CF088BE9B3A0020B43200209E3200202E
S315080097F0B0320020B23200209C3A0020EE39002018
S315080098005019002090320020B83200209D320020E6
S315080098109C3200209B3200209A32002014A90308AB
S315080098200C4BD0ED007A93ED007A93ED010A37EEF2
S31508009830677AD0ED017A30EE670AD0ED026AD3ED89
S31508009840027A20EE000A77EEE67A07EE070A07EEB6
S31508009850A70A704778190020012208B50C4B0D4855
S315080098601A701CF059FEFFF7A7FD0B4B1B780BB9B6
S31508009870FFF70AFD094B1B78032B05D1FFF704FFF9
S31508009880BDE80840FFF73ABD05481CF045FEF7E776
S315080098909D3A00203EA90308BD320020B9320020B7
S315080098A04FA9030808B50E4B1B780BB9FFF7D4FF71
S315080098B0FFF732FFFFF79EFC00200A4B18700A4B91
S315080098C018700A4B18700A4B1870FFF723FC094BDF
S315080098D0187009481CF020FEBDE80840FFF70EBDC9
S315080098E09D3A0020B9320020B8320020B732002055
S315080098F0B6320020BA32002082A9030810B53848CB
S315080099001CF00AFE37481CF007FE374937481CF09A
S31508009910F1FD37481CF000FE364937481CF0EAFDD1
S3150800992030481CF0F9FD012300244FF46161334AE5
S3150800993033481370334A1470334A1470334A147018
S31508009940334A1470334A1470334A1460334A146025
S31508009950334A1460334A1470334A1470334A147005
S31508009960334A1470334A1460334A1160334A214625
S315080099701470334A1470334A1460334A1470334AE5
S315080099801370FF22324B1C70324B1C70324B1C700A
S31508009990324B1C70324B1C605C601C81314B1C6066
S315080099A0314B1C60314B1C70314B1A70FFF7E8FBCA
S315080099B0FFF7F8FB2F4B10221C702F4B1C702EF054
S315080099C06CFC2E4B214610222D481C605C602EF044
S315080099D064FCBDE810402B4B18681EF0ADBA00BFFA
S315080099E0B1A90308B5A90308F3A9030811AA03082E
S315080099F020AA03089FA803084BAA03089D3A00203B
S31508009A001C320020BF320020BE320020BD320020AA
S31508009A10BC320020BB320020BC190020B819002037
S31508009A20B4190020B9320020B8320020B73200201D
S31508009A30B63200205019002018380020B532002010
S31508009A40B432002044190020B33200209B3A00208B
S31508009A509D3200209C3200209B3200209A32002042
S31508009A60903200204C19002048190020B1320020FD
S31508009A709C3A0020B2320020BA320020143200206C
S31508009A80A032002074DF0308F8B5A54BA54D1A7857
S31508009A903AB100242A781C70002A75D1A2481CF015
S31508009AA03BFDA24B1A78002A43D000212A78197068
S31508009AB0002A00F0A9809E4C9E499F481CF01AFD7A
S31508009AC0FFF72AFEFFF796FB23786BB19B482FF02A
S31508009AD0C1FD014610B19A481CF00CFD0023237005
S31508009AE0984B1A68984B1A60984E337823B100221F
S31508009AF0114610461DF013FA0024954B04220A213C
S31508009B0020461C7023463470FBF7E4FB914B2C70FF
S31508009B101C70914B1C70914B1C70914B1C60FFF78D
S31508009B2041FBFFF7EBFB8F481CF0F6FC8E481CF058
S31508009B30F3FC2B78002B00F0AA817D4B1B78002BB9
S31508009B4000F0A5817F4B8048196802688A4200F0B8
S31508009B509E818A1A012A04D0844C2368013B134447
S31508009B6023607A4E01603178002957D1804A1368FC
S31508009B700133772B4BD81360FFF710FDFFF744FB33
S31508009B80BDE8F840FFF7DCBD7A4E3378032B02D1E7
S31508009B90FFF788FE85E7012B10D0022B18D0002B83
S31508009BA0F6D175497548FFF783FC20B1012374483F
S31508009BB033701CF0B1FCFFF7A1FB72E771497248DC
S31508009BC0FFF776FC0028F6D0022370483370F0E7DA
S31508009BD06F497048FFF76CFC0028ECD003233370FC
S31508009BE06D4B6E481C706E4B1C706E4B1C70FFF7ED
S31508009BF091FA574B1C701CF08FFC6B496B481CF094
S31508009C0079FCFFF741FDD6E7FFF726FE91E768489E
S31508009C1011601CF081FCFFF7CFFBADE7654D664C84
S31508009C2028461DF086F80146B8B10A202268013296
S31508009C30B2FBF0F300FB1323012B226002D15F482D
S31508009C401CF058FC2368042B96D90023484A337025
S31508009C5013602360FFF752FB8EE73D4AD5ED006A95
S31508009C60117895ED017AD5ED027A554B20600029D9
S31508009C7037D1C3ED006A83ED017AC3ED027A012379
S31508009C8013703C4B1B78032B7FF476AF3B48FFF7EA
S31508009C90C7FD3D48F0EE405AFFF7C2FDB0EE406AF8
S31508009CA03C48FFF7BDFDF4EEC65AF1EE10FAF0EEA9
S31508009CB0407A04D8F4EEC05AF1EE10FA2ED9B4EE72
S31508009CC0E76AF1EE10FA94BF01250225344B324EAD
S31508009CD01A78AA42334A75D01D7001231370357855
S31508009CE078E0F5EE005AB6EE086A93ED005A66EE8D
S31508009CF0A56A45EE066A27EE257AC3ED006AD3ED16
S31508009D00016A06EE867A67EEA57A83ED017A93ED07
S31508009D10027A47EE067AC3ED027AB2E70025D5E75E
S31508009D20BC3200209D3A00205EAA0308BB32002000
S31508009D30BD3200201EAB030823AB0308941900208C
S31508009D403BAB0308BC190020B8190020BF3200201D
S31508009D50BA320020B2320020B5320020B4320020D8
S31508009D60441900205CAB03089CAB0308B419002017
S31508009D704C190020B9320020FFA503086C190020F1
S31508009D8094AA0308F4A5030860190020C2AA0308C8
S31508009D90F9A5030854190020B8320020EFAA0308D1
S31508009DA0B7320020B63200209FA8030801AB03088B
S31508009DB0B8AB03088419002048190020D7AB03085C
S31508009DC0781900201378032B04D80133DBB2042B4F
S31508009DD0137084D130782E4FA8423C682AD035704B
S31508009DE0FFF798F9FFF740F901462846FFF73CF9CF
S31508009DF04FF47A735C433C230246B4FBF3F32548DD
S31508009E001CF078FBFFF77AFA23490B78BBB1234A93
S31508009E1013680133B32B13601CD900231360012286
S31508009E200B701F4B03211F481A701CF063FBFFF7CA
S31508009E3065FA0FE0631C1CBF01343C60E4E71A4B6B
S31508009E401B783BB9194B1A683B689A4202D801221B
S31508009E50134B1A70396800293FF48EAE3C24B1FBC7
S31508009E60F4F504FB1513002B7FF486AE0122104B84
S31508009E70B1F5616F1A70BFF47FAE3078FFF7F4F86A
S31508009E80234601462A460B481CF034FB74E6F8BD07
S31508009E9050190020FEAB0308B432002044190020F4
S31508009EA0B532002026AC03089E3200201838002060
S31508009EB09B3A002061AC030810B504461DF0F2FE7B
S31508009EC0012804D1054B9C4202D1054B187010BDE0
S31508009ED0044B9C42FBD1044BF8E700BF44DF030860
S31508009EE0BC3200202CDF0308BB3200202DE9F04FDE
S31508009EF00368B24A23F47F4323F0070393420446D8
S31508009F009FB000F0A98148D8AD4A934200F0368147
S31508009F100BD8A2F5A022934258D002F5802293428C
S31508009F2000F093801FB0BDE8F08FA64A9342F9D19E
S31508009F30A54D82792B789A42F4D18188A3481CF0E2
S31508009F40D9FA0021A24B1960A24B1970A24B1970BD
S31508009F50A24B1970A24B1970FF232B70FFF710F94B
S31508009F60FFF720F901239F4A13709F4A11709F4AF1
S31508009F701268B2F5616F24BF9D4A13709D4B1B781A
S31508009F80002B00F0E2839C4B1B78032B40F0DD830B
S31508009F901FB0BDE8F04FFFF777BB984A934200F031
S31508009FA06E8102F18072934200F0378202F17B42A1
S31508009FB09342B7D1924B1B78042B40F05781827994
S31508009FC0437943EA02238F4A1380ABE78E481CF095
S31508009FD0A3FA002418214FF6FF7322460846CDE956
S31508009FE000434FF4C87312F09BFD884D014688481C
S31508009FF01CF080FA87482C701CF08EFA02F0AAFF33
S3150800A0000146B0B184481CF075FAFFF777F9FFF7F7
S3150800A010D3F9824B1B780BB9FFF736F980481CF049
S3150800A0207BFA80481CF078FA1FB0BDE8F04FFFF7BE
S3150800A03065B901247C482C701CF06EFA3C217B48DB
S3150800A0401CF058FA21467A48DDE7654B1F78002F41
S3150800A0503FF468AF6A4B1B78012B7FF463AF00258A
S3150800A06090F816B000F1040A00F11708AB4508D8B5
S3150800A07000270025AB4534D8002F3FF453AF6D4970
S3150800A08050E018F80590B9F1000FF1D005EB090278
S3150800A0905A45EDDAB9F1100F1ED908EB05025278C8
S3150800A0A0063A012A18D800263046AB1C09F1FF32B9
S3150800A0B01293D3B21193129B102218445E4940445E
S3150800A0C02EF0C2F80028D4D01036F6B2119B06F14D
S3150800A0D0100293423046EED2013559FA85F5EDB2B3
S3150800A0E0C4E718F80560002EC6D0AA195A45C3DA7F
S3150800A0F0012E0DD008EB05025278092A08D1132E35
S3150800A10006D1A81C12224D4940442EF09DF820B1D4
S3150800A110013556FA85F5EDB2ACE74649484B002FAE
S3150800A12008BF1946FF2547488DF860501CF0E2F92C
S3150800A130FFF7F2FA0223324A1370FFF7DFF818AB7B
S3150800A14000939AF805109AF80660E27A41EA062121
S3150800A1500123DAF8010012F003FD1B4C014630B961
S3150800A1609DF86010384821701CF0C4F9DAE63748C3
S3150800A1701CF0C0F92570FFF787FAD3E60022017BA9
S3150800A180174B114C32481A702170FEF7F9FFFFF78A
S3150800A19009F81CF0AFF90322194B1A70FFF7AEF84D
S3150800A1A01021254A20780CF0D7FE014600283FF4F6
S3150800A1B0B9AE28481CF09EF975E000BFA000090159
S3150800A1C0A0000600A00006019C3A002031B303084F
S3150800A1D0441900209E3200209F320020B032002011
S3150800A1E0B13200209B3A0020B432002050190020DA
S3150800A1F0B53200209D3A0020B9320020A000090699
S3150800A200B2320020EE39002090AC0308BE3200209E
S3150800A210BBAC0308F0AC030818AD0308BD32002038
S3150800A220B8AD0308E7AD03083EAD030850AD030813
S3150800A23084AD030877AC03080CD803089FA8030865
S3150800A24084AC030809AE03083BAE030861AE0308F5
S3150800A25089AE0308AFAE0308864B1B78032B7FF441
S3150800A26061AED0F80520844B1A605BE6052B7FF4B7
S3150800A27059AE8279437943EA0223804AA4E6804BA1
S3150800A2801878237983427FF44DAEB4F80510794CDB
S3150800A2902278072A5ED059B17A481CF02BF9082390
S3150800A2A02370FFF72BF81FB0BDE8F04FFEF7A2BFEB
S3150800A2B0033A032A3FF636AEDFE802F002162C3FD1
S3150800A2C06D4B19684A1C03D16F481CF025F9EAE75B
S3150800A2D00423102223706D4B0CF052FE0146002811
S3150800A2E03FF420AE6A4865E76A4B1A884FF6FF7353
S3150800A2F09A4201D16848E8E705235F49237009684F
S3150800A3001022664B0CF03CFE014600283FF40AAECC
S3150800A31063484FE7594B19884FF6FF73994201D1A5
S3150800A3206048D2E70623012223700CF041FE01465D
S3150800A33000283FF4F7AD5C483CE707235B482370E9
S3150800A3401CF0EAF85A481CF0E7F8FEF7D7FFFFF7C3
S3150800A350F7F92FE0574C2278002A3FF4E3ADC9B14C
S3150800A36055481CF0C7F82378012B0DD10022534914
S3150800A3700A7053490A60534A13700023524A2370DD
S3150800A3801370524A13708EE7032B02BF0122504BFB
S3150800A3901A70F2E7012A05D121701FB0BDE8F04F07
S3150800A3A0FEF732BF022A23D1474E484D337833B9D8
S3150800A3B023702B701FB0BDE8F04FFFF7EFB8297870
S3150800A3C0444A454802EB81020131D378C9B29278F2
S3150800A3D01CF090F800222B7822700133DBB2032B95
S3150800A3E02B70DAD93D4832702A701CF095F8AEE722
S3150800A3F0032A7FF497AD00232370394B1878FEF7AC
S3150800A40033FE3C22374B01461868374BB0FBF2F255
S3150800A4101B7836481CF06EF8CCE7194B02791B7886
S3150800A4209A427FF47FAD154BB0F805201B889A42F7
S3150800A4307FF478AD214D41892B782BB92C481FB074
S3150800A440BDE8F04F1CF068B812290BD01222294833
S3150800A4501CF050F800231A4A2B7013600122194B7E
S3150800A4601A70E1E5017B427B812901D1082A45D092
S3150800A4702148EDE7B232002014380020EC390020DC
S3150800A4809C3A0020DFAE030815AF0308FCD7030883
S3150800A49039AF0308EE39002073AF0308ECD7030879
S3150800A4A0A1AF0308DBAF030809B003083EB00308F1
S3150800A4B05BB00308B03200208DB00308B432002028
S3150800A4C044190020B53200209E3200209F32002019
S3150800A4D09B3A0020A0320020BEB00308EFB0030864
S3150800A4E0B8320020501900209D32002018B1030808
S3150800A4F05AB1030881B10308AFB10308944A103072
S3150800A5001346E57BA17B023441EA0521A04222F8E5
S3150800A510021BF6D100201A888E4C11925A88B3F87D
S3150800A52006801292DDE911210A4499885208B3F887
S3150800A5300890B3F80AA0228001EB08025208B3F883
S3150800A5400CB06280DB8909EB0A025208A2800BEB89
S3150800A55003025208E280804A804F1070804A3C25E8
S3150800A560106038781393FEF77FFD7E4E139B326892
S3150800A570CDE905B3129BB2FBF5F2CDE901180093BC
S3150800A5800146119BCDE9039A77481BF0B3FF38784B
S3150800A590FEF76AFDE38832680293A38801460193B1
S3150800A5A06388B2FBF5F20093238870481BF0A2FF7C
S3150800A5B0FEF7A4FE6E4B1B780BB96E483FE76E4B51
S3150800A5C038781B78834201D06C4838E73368B3F58E
S3150800A5D0616F01D26A4832E70128B3FBF5FB03D065
S3150800A5E0831E58425841400018AB0293E3885946E7
S3150800A5F00193A38800936388228802F0B9FC054674
S3150800A60010B101465F48AFE59DED180AFEF75EFDFD
S3150800A6109DED190A0646FEF759FD9DED1A0A0746ED
S3150800A620FEF754FD9DED1B0A8046FEF74FFD9DED96
S3150800A6301D0A8146FEF74AFD484B82461878FEF702
S3150800A64013FD23881590149363889DF87000119361
S3150800A650A3881293E388139302F0E8FD04469DF855
S3150800A660710002F0EFFD0E906420BAFBF0F200FBD9
S3150800A67012AACDE90C2AB9FBF0F20B9400FB12944E
S3150800A680CDE90924B8FBF0F200FB1284CDE90724D2
S3150800A690B7FBF0F400FB1477CDE90547B6FBF0F4F9
S3150800A6A0139B00FB14660293129B5A460193119B57
S3150800A6B0CDE90346159900933348149B1BF01AFFFE
S3150800A6C00122324B32491A709DF870309DED1D0AF1
S3150800A6D013440B70FEF7DAFC2E4B9DF871101870B8
S3150800A6E02D4B9DED180A19702C4B02241A70FEF793
S3150800A6F0CDFC9DED190A8DF85C00FEF7C7FC9DEDB3
S3150800A7001A0A8DF85D00FEF7C1FC9DED1B0A8DF84F
S3150800A7105E00FEF7BBFC2A46214B8DF85F0017A9A1
S3150800A7200135EDB211F8010B042D1C705D7098709F
S3150800A730DA7003F10403F3D11A4B1A7001221A4B8B
S3150800A7401A70FEF761FDFFF7EDBB0022174B87E68F
S3150800A7501C32002014320020B4320020B832002007
S3150800A7604419002050190020D1B10308F7B1030895
S3150800A770BE32002013B20308B332002040B20308E9
S3150800A78079B20308BDB20308DFB203089D32002080
S3150800A7909C3200209B3200209A3200209B3A0020EF
S3150800A7A0A03200209F3200209E320020B2320020C4
S3150800A7B00022014B1A8070472C320020004870474F
S3150800A7C05BB303080048704762B303080048704744
S3150800A7D01C380020014B1860704700BFC0190020C4
S3150800A7E0014B1868704700BFC019002010B5044611
S3150800A7F0024B036020F097FF204610BD7CDA030861
S3150800A80008B503798B4205DCAB21044B044A05489D
S3150800A8101BF07AFD013100EBC10008BD94B30308B3
S3150800A820AFB3030817B403080022014920F092BA0F
S3150800A830C4DA0308F8B5164604460D461F46002234
S3150800A840314601F077FD054B204623602B88C4E985
S3150800A85009562363069BE7626363F8BD7CDA03083F
S3150800A8602DE9F04F95B0CDE90723436A05461B79D4
S3150800A8700391082B04D90124204615B0BDE8F08FB2
S3150800A8800026202200210CA82DF007FD284620F0DE
S3150800A890DBFFB0460490082103981FF0FBFF002851
S3150800A8A000F0A780039B1A181B58D118D3589E424C
S3150800A8B028D300240C260CAFAB6908EB0401A3428D
S3150800A8C07DDC686803685B69984704460028D3D12D
S3150800A8D06868E96903681B6A984704460028CBD16B
S3150800A8E006460CAF686A0379B342C5DD002E76D1F9
S3150800A8F0A86A102203680C999B6A98470028BAD15F
S3150800A9000136EFE7013651F8263001EB86041C4480
S3150800A910042120461FF0BEFF00286AD023582218BB
S3150800A92002EB030BD35821460593079B2846043BA5
S3150800A93053F836702B683A46D3F830900023C84748
S3150800A9400446002898D181460BF1040A059B9945CF
S3150800A950A1DADBF800204A4505D8B121264B274A5B
S3150800A96027481BF0D1FCCDF824A05AF8043B3846FA
S3150800A9700BA9069320F0B2FC044600287FF47CAFAE
S3150800A9803968099AB9B9069C0E21144420461FF065
S3150800A99081FF08B1225C72B90B9A62B10CA90091C9
S3150800A9A03B46414628461FF0E4FF044600287FF44C
S3150800A9B063AF08F1010809F101090C37C6E706FB80
S3150800A9C004F20498089B0097825803EB84032846F0
S3150800A9D01FF0CFFF00287FF44EAF01346CE73146F5
S3150800A9E0FFF70EFF1FF024FF57F82680804587DD06
S3150800A9F041E70368FFDE00BF90B403089BB4030871
S3150800AA0065B5030808B5EA21024B034A03481BF05B
S3150800AA107BFC00BFCFB50308F3B5030840B60308AF
S3150800AA2010B50446024B03601FF0F4FF204610BD24
S3150800AA30E0DA030808B5D0F8EC302BB9CD21044B81
S3150800AA40044A05481BF060FC1868184408BD00BF96
S3150800AA50B0B60308C7B6030840B60308D0F8E40042
S3150800AA6008B528B9D321034B034A04481BF04CFC0C
S3150800AA7008BD00BF14B703082CB7030840B603087F
S3150800AA80D0F8E80008B528B9D921034B034A044889
S3150800AA901BF03AFC08BD00BF79B7030892B7030854
S3150800AAA040B6030808B50368994205D3B121064B99
S3150800AAB0064A07481BF028FC013100EB810250F8D2
S3150800AAC02100104408BD00BF90B40308E5B7030889
S3150800AAD065B5030810B504460846616020F0A6F877
S3150800AAE0C06828B91E21054B054A06481BF00CFC10
S3150800AAF0036821469B6A9847012010BDB3B803082E
S3150800AB00CCB8030824B9030810B50446406820F0F9
S3150800AB108DF8C06828B92621054B064A06481BF059
S3150800AB20F3FB036800219B6A98470023636010BD06
S3150800AB30B3B803089CB9030824B9030808B5082163
S3150800AB40836B984718B100234360014B036008BD27
S3150800AB50F4DA0308406808B528B93321024B034ADA
S3150800AB6003481BF0D1FB08BDD8B90308EAB90308A6
S3150800AB7024B9030808B5064B38B11A682AB1182152
S3150800AB80044B054A05481BF0BFFB186008BD00BF0B
S3150800AB90C41900203DBA030874BA0308C8BA0308E2
S3150800ABA008B5064B1B6830B92BB92421044B054A56
S3150800ABB005481BF0A9FB184608BD00BFC4190020AC
S3150800ABC0B9B803083FBB0308C8BA0308034610B55B
S3150800ABD048B9FFF7E5FF034628B93D21054B064A64
S3150800ABE006481BF091FBD868BDE810400368DB6A8D
S3150800ABF0184700BFB9B8030893BB0308C8BA0308C7
S3150800AC0008B50368994205D3B121064B064A074899
S3150800AC101BF07AFB013100EB810250F82100104449
S3150800AC2008BD00BF90B4030810BC030865B5030847
S3150800AC3010B50C4611460022064B914208BF19462C
S3150800AC4020F088F8014620B12046BDE8104020F0E3
S3150800AC509DB810BD00DB03082DE9F0433E4B8FB0CD
S3150800AC601A680E460746CC6821F0BFFD3B4B0546E1
S3150800AC70314638461A6821F0BAFD0646287A07286A
S3150800AC803DD0092814D0012861D12946684621F00B
S3150800AC90B4FD2C68314607A821F0AFFD2146684669
S3150800ACA0336807AA00F070F800200FB0BDE8F083FB
S3150800ACB02946684621F0A1FD314607A821F09DFDE9
S3150800ACC0684620F06EF8D6F80080814600262F6880
S3150800ACD0B145E9DDD4E90512B857E3682569C01A14
S3150800ACE021F041FD636805449D42B8BF1D46A3682F
S3150800ACF09D42A8BF1D4608F806500136E8E72946D2
S3150800AD00684621F07AFD314607A821F076FD6846A7
S3150800AD1020F047F8D6F80080814600262F68B1450E
S3150800AD20C2DDD4E9051237F91600E3682569C01AA9
S3150800AD3021F019FD636805449D42B8BF1D46A36806
S3150800AD409D42A8BF1D4628F816500136E7E700F0D1
S3150800AD50D7F80120A9E700BF10DB03080CDB0308BE
S3150800AD60002313B50446CDE90033044A044B0549CC
S3150800AD7021F019FD204602B010BD00BFC1AD000884
S3150800AD8059AC00089DAD020838B50C461D4620F0A2
S3150800AD9008F821462B4600229FED087A824200DBFE
S3150800ADA038BDF1EC017AF5EEC07AF1EE10FA48BF3B
S3150800ADB0F0EE477A0132E3EC017AEFE70000000093
S3150800ADC0F0B52DED028BC768002238468FB00C46C9
S3150800ADD0CE6820F0DEFF054620B901200FB0BDEC95
S3150800ADE0028BF0BD21460022384620F0E7FF0446D4
S3150800ADF00028F2D02B7F092B42D195ED027AD0EDAF
S3150800AE00027AC7EE277A17EE900A02F0CBFB41ECDE
S3150800AE10180B2946684621F097FC214607A821F019
S3150800AE2093FC06F11801B0EE480AF0EE680A06F13E
S3150800AE30140001F0C3FD94ED027ADFED2F6AC6EE29
S3150800AE40877AF8FE677AFDEEE77A17EE903A6FF0A2
S3150800AE507F01E26813448B42ACBF736071607F2345
S3150800AE60B360EB68C6E903323B68294638469B69F6
S3150800AE7098473B68384621469B6998470020ADE7C6
S3150800AE80072BF1D1EB68002BA7D1C368002BA4D1FF
S3150800AE9095ED027AD0ED027AC7EE277A17EE900A78
S3150800AEA002F080FB41EC180B2946684621F04CFC61
S3150800AEB0214607A821F048FC06F11801B0EE480A19
S3150800AEC0F0EE680A06F1140001F078FD94ED027AB6
S3150800AED0DFED096AC6EE877AF8FE677AFDEEE77A4D
S3150800AEE017EE903AE268054913448B42ACBF73608B
S3150800AEF0716047F6FF73B3E7000000000080FFFFAC
S3150800AF0014289ABF024B53F820000248704700BF26
S3150800AF1014DB0308DABC0308036810B5C31A1A88D9
S3150800AF20082A17D91B89C418A3B1C258A318A2584E
S3150800AF30914205D3B121094B094A0A481BF0E4F9A5
S3150800AF40013103EB810053F82130BDE81040184465
S3150800AF5020F00CB800231B68FFDE00BF90B403087E
S3150800AF60E5B7030865B503082DE9F04FD1E903AB4A
S3150800AF70C468414B80461A6820468FB00F4620F0B9
S3150800AF8008FF064620B33D4B394620461A6820F08E
S3150800AF9000FF0546E0B13A4B39461A68204620F0CC
S3150800AFA0F8FE384B394681461A68204620F006FFD7
S3150800AFB0074668B1307F3B7F834209D101282B7F42
S3150800AFC00CD1012B2BD0FFF79BFF287FFFF798FFAB
S3150800AFD04FF0010840460FB0BDE8F08F092818D198
S3150800AFE0092B1CD0122BEED1696908A851F8043B2D
S3150800AFF09A0005932DF078F900220121059B07A8F0
S3150800B000934232DC4046D8F840300AF1200298478D
S3150800B01005E0072801D1092BD4E7122BE4D0327FAB
S3150800B0209BF8001040463346CDE9027ACDE900592F
S3150800B03020F03BF880460028CCD1236831462046CC
S3150800B0409B6998472368294620469B699847B9F122
S3150800B050000F04D02368494620469B699847236811
S3150800B060394620469B699847B4E750F804CF013221
S3150800B0700CFB01F1C4E700BF74DB030870DB0308AF
S3150800B0806CDB030868DB03082DE9F04F2DED028B16
S3150800B090BC4BBBB01A6889460646D1F810A021F009
S3150800B0A0A4FBB94B49461A688046304621F09DFBF9
S3150800B0B0B64B49461A680746304621F096FBB44B0C
S3150800B0C0494604461A68304621F091FB054698F829
S3150800B0D00800D9F80C90072800F08181092800F0AB
S3150800B0E08280012840F0C7839AF8001030A800F043
S3150800B0F0DBFB414614A821F080FBD8F8003039461E
S3150800B1001BA8059321F079FB214622A83F6821F068
S3150800B11074FB04B12468294629A821F06EFB2B6824
S3150800B120299D1B9E013D294629A806931FF030FF3D
S3150800B1303AAA3AAB03EB860302EB850153F8805C27
S3150800B14051F8403C02EB86069D42A8BF1D460023E7
S3150800B15056F87CCC9DED378ADDED388A1E469E462C
S3150800B160DFED8C6A70457DDD0021069A02EB8609C3
S3150800B170059A02EB830207920A4621E0BAEC016AB5
S3150800B180BBEC017AE6EE077A08F10108C445F5DC5E
S3150800B1900CB304EB820898ED007A77EE877AB4EE62
S3150800B1A0E78AF1EE10FA78FE277AF4EEE78AF1EEEE
S3150800B1B010FA48BFF0EE687AE9EC017A0132614488
S3150800B1C095420BDD4FF00008DFED727ADDF81CA022
S3150800B1D007EB810BDAE7B0EE667ADEE70EF1010ED1
S3150800B1E02E446344BEE7387A092847D0122840F02F
S3150800B1F04283736C3046D9F820109847394606467C
S3150800B20030A8D7F800A021F0F8FA002301213098D9
S3150800B21030AA83422CDB3246504621F064F949466F
S3150800B22030A81FF031FF414614A821F0E6FA394646
S3150800B2301BA8D8F8008021F0E0FA214622A821F0C0
S3150800B240DCFA04B1246829AF2946384621F0D5FA34
S3150800B2502B680094CDE90173334641461BAA30A8F2
S3150800B2601FF0A7FE00203BB0BDEC028BBDE8F08FB7
S3150800B27052F804CF01330CFB01F1CAE799F82C30D8
S3150800B280494629AE30A8002B00F08C801FF0FCFE42
S3150800B290D9F8243041460793D9F8283014A80893DA
S3150800B2A021F0ABFAD8F8003039461BA80B9321F0E9
S3150800B2B0A4FA3B68214622A8099321F09EFA04B114
S3150800B2C024682946304621F098FA304600262B682D
S3150800B2D0299D0A93309B013D0C93329B29460D9379
S3150800B2E0359BB0460E93369BB2460F931FF050FE21
S3150800B2F03AAB03EB850555F8403C3AAA05931B9BE8
S3150800B300109002EB830353F87C9C109B5345A9DDF0
S3150800B31000270A9B3D4603EB080B26E006991CF915
S3150800B320012B11F901EB013306910C990A440EFB26
S3150800B33002009945F2DC14B154F825301844089BEC
S3150800B3404F4453F82520079B53F8251021F00BFA94
S3150800B3500D9B013518440E9B9842B8BF18460F9BA3
S3150800B3609842A8BF18460BF8010B059BAB4213DDA4
S3150800B3700B9B03EB060C099B3B44069300231846DC
S3150800B380D7E700BF74DB030870DB03086CDB030830
S3150800B39068DB030800000000059B0AF1010A9844CF
S3150800B3A04E44B2E71FF070FE414614A821F025FA74
S3150800B3B039461BA8D8F8008021F01FFA214622A892
S3150800B3C03F6821F01AFA04B124682946304621F06C
S3150800B3D014FA2B680094CDE901633B463DE7387AB9
S3150800B3E0092840F048821CB1237A022B40F01281CA
S3150800B3F099F82C30494630A8002B00F085801FF0BC
S3150800B40043FED9F8243041460793D9F8283014A8C2
S3150800B410089321F0F2F9D8F8003039461BA80A93A8
S3150800B42021F0EBF93B68214622A80B9321F0E5F9B8
S3150800B43004B124680026294629A821F0DEF92B68DC
S3150800B440299D0993309B013D0C93329B29460D9308
S3150800B450359B29A80E93369BB0460F931FF098FD8F
S3150800B460B2463AAB03EB850555F8403C3AAA059334
S3150800B4701B9B109002EB830353F87C9C109B53454F
S3150800B4807FF7F0AE0027099B3D4603EB480B0A9B66
S3150800B49003EB4603119326E006991CF901EB31F9F3
S3150800B4A0022B013306910C990A440EFB02009945BA
S3150800B4B0F2DC14B154F825301844089B4F4453F86D
S3150800B4C02520079B53F8251021F04DF90D9B0135D2
S3150800B4D018440E9B9842B8BF18460F9B9842A8BFBF
S3150800B4E018462BF8020B059BAB4207DD0B9B03EBBB
S3150800B4F0070C119B069300231846D8E7059B0AF10B
S3150800B500010A98444E44B9E71FF0BEFD414614A807
S3150800B51021F073F9D8F8003039461BA8069321F0B4
S3150800B5206CF93B68214622A8079321F066F904B115
S3150800B5302468294629A821F060F92B68299D0893D3
S3150800B540309B013D0993319B29460A93329B29A8D2
S3150800B5500B93339B0C93349B0D93359B0E93369B21
S3150800B5600F931FF015FD3AAB03EB850555F8403CE4
S3150800B5700025A846AA4605931B9B3AAA02EB830315
S3150800B58053F87C9C1090109B53457FF76BAE0027B1
S3150800B590089B3E4603EB480B069B03EB45031293B9
S3150800B5A027E03CF9022B0A9911921EF9012B013367
S3150800B5B00A4413920999119A0A441146139A01FBEF
S3150800B5C002009945EDDC14B154F826301844DDE93B
S3150800B5D00C1221F0C8F80B9B013618440E9B4F44F9
S3150800B5E09842B8BF18460F9B9842A8BF18462BF832
S3150800B5F0020B059BB34207DD079BDDF848C003EB4A
S3150800B600070E00231846DCE7059B0AF1010A984451
S3150800B6104D44B8E7042B7FF425AE99F82C604946CB
S3150800B62030A8002E00F093801FF02EFDD9F82430A4
S3150800B63041460793D9F8283014A8089321F0DDF875
S3150800B640D8F8003039461BA80A9321F0D6F83B688B
S3150800B650214622A80B9321F0D0F8294629A8D4F828
S3150800B660008021F0CAF82B6800250993309B299C95
S3150800B6700C93329B013C0D93359B21460E93369BCA
S3150800B68029A80F931FF084FCAA463AAB03EB84045F
S3150800B69054F8403C3AAA06931B9B109002EB83038E
S3150800B6A053F87C9C0595109B53457FF7DBAD002628
S3150800B6B0099B059A344603EB420B0A9B03EB4503A9
S3150800B6C0129330E01EF9017B3CF9023B11970C9F5F
S3150800B6D001323B44119F7B43181841EBE3719145B6
S3150800B6E0F0DCB8F1000F08D058F8343008EBC40283
S3150800B6F0C3181846526841EB0201089B079A53F88B
S3150800B700243052F8242001F0F7F90D9B013418442F
S3150800B7100E9B4E449842B8BF18460F9B9842A8BF46
S3150800B72018462BF8020B069BA34208DD00220B9B4A
S3150800B73010461146DDF848C003EB060ECFE7DDE9F3
S3150800B74005231A440AF1010A05924D44ABE71FF096
S3150800B7509BFC414614A821F050F8D8F80030394629
S3150800B7601BA80A9321F049F83B68214622A80993A9
S3150800B77021F043F8294629A8D4F8008021F03DF89D
S3150800B7802B68299C0893309B013C0B93319B2146DF
S3150800B7900C93329B29A80D93339BB2460E93349B88
S3150800B7A00F93359B1093369B11931FF0F1FB3AAB21
S3150800B7B003EB840454F8403C344606931B9B3AAA90
S3150800B7C002EB830353F87C9C12900596129B534513
S3150800B7D07FF748AD0026089B059A354603EB4203DA
S3150800B7E007930A9B03EB4403139330E03EF9023BAD
S3150800B7F01BF901CB1F460C9B01329C440B9B1F4433
S3150800B80007FB0CF3181841EBE3719145EEDCB8F130
S3150800B810000F08D058F8353008EBC502C31818468B
S3150800B820526841EB0201DDE90E2301F065F90D9B33
S3150800B83001351844109B4E449842B8BF1846119BD0
S3150800B8409842A8BF1846079B23F8020B0793069B46
S3150800B850AB4208DD0022099B10461146DDF84CE094
S3150800B86003EB060BD1E7DDE905231A440AF1010AC1
S3150800B87005924C44AAE7FFF743FB0120F3E400BF17
S3150800B880002313B50446CDE90033044A044B0549A1
S3150800B89020F089FF204602B010BD00BF69AF00083E
S3150800B8A089B000088BAF0208012909D0032909D0FD
S3150800B8B002290AD06FF40002064BC2610362704780
S3150800B8C00022F9E70022044BF7E74FF07E53034ABC
S3150800B8D0F3E700BFFFFF7F7F0000C040000080BF86
S3150800B8E0C0EE807A9FED0C7AF8FE677AF4EEC77A96
S3150800B8F0F1EE10FA0EDB9FED097AF4EEC77AF1EE57
S3150800B90010FA07D8FDEEE77A17EE903A03440B6073
S3150800B9100020704701207047000000CF0000004F4C
S3150800B920F7B51D46137F089F072B13D0092B15D093
S3150800B930032B0DD1FF240026012992ED020AD268B5
S3150800B94017D1DFED250A104601A9FFF7C9FF48B14F
S3150800B95001202AE047F6FF74204EEDE77F246FF0BA
S3150800B9607F06E9E7019BB342ACBF2B602E603C60C3
S3150800B9701AE003291BD1DFED180A104601A9FFF7C3
S3150800B980AFFF0028E4D1F1EE080A019BB342ACBF31
S3150800B9902B602E601046FFF7A3FF0028D8D1019B25
S3150800B9A0A342D4BF3B603C60002003B0F0BD02292F
S3150800B9B00FD1FFEE000A104601A9FFF791FF0028F4
S3150800B9C0C6D1019BF7EE000AB342ACBF2B602E60CE
S3150800B9D0E0E72E60CBE700BF000000000080FFFF15
S3150800B9E080FB0132002A10B50C4CA8BF4FF08044EA
S3150800B9F0B0F1004F08BF88420DD0E31842EBE4725D
S3150800BA00002A04DA6FF000415B1842F10002D80FF1
S3150800BA1040EA420010BD6FF00040FBE7010000C09D
S3150800BA202DE9F0474FF00009064601254C46D0F8A7
S3150800BA3000A0CA4503DC28462146BDE8F087012D4B
S3150800BA4074F10003F7DB2A4623466FF00040002115
S3150800BA5002F0C2F856F8048F4FEAE877804577EB8C
S3150800BA60010105DBB821074B074A08481AF04CFCC8
S3150800BA706F4308FB0477A5FB085409F101093C4408
S3150800BA80D7E700BF5EBD030880BD0308ADBD030848
S3150800BA90002313B50446CDE90033044A044B05498F
S3150800BAA020F081FE204602B010BD00BF4FB202084A
S3150800BAB0EDBD000841B202086FF00042C3178018B6
S3150800BAC043F10003B3F1FF3F08BFB0F1FF3F15BFD5
S3150800BAD00122024600211946801843EB010370B57E
S3150800BAE0DD0F2D1843F100036D0845EAC375284696
S3150800BAF02C49FFF775FF032600F15A3421462846DC
S3150800BB00FFF76EFFC0F100512046FFF769FFB0F15D
S3150800BB10005F2CDAB0F1604F23DD0022800000219F
S3150800BB2020EA010321F000414B4023EA020302F018
S3150800BB3000425340013E1C44E0D1B4F1804F26DA5E
S3150800BB40B4F1404F1DDD30462419002624EA0604C8
S3150800BB5026F00046744024EA000400F000406040E5
S3150800BB6070BD4FF0FF3208D14FF00040D7E70022F2
S3150800BB704FF0FF316FF00040D2E700214FF0004050
S3150800BB80CEE70AD14FF000444FF0FF30DDE73046EC
S3150800BB906FF000444FF0FF36D8E74FF0FF304FF014
S3150800BBA00044D3E7C4C3C3C370B500F1805421462B
S3150800BBB020461FF048FB214605461FF044FB294650
S3150800BBC0064628461FF03FFBC30F00F00302013369
S3150800BBD080109342B8BF01300C4930441FF033FB44
S3150800BBE0284400F00103B3EBD07FCCBF012100212C
S3150800BBF001EB6001214406481FF025FB00F1E240F5
S3150800BC00A0F52520A0F26C7070BD00BFABAAAA2AC9
S3150800BC1094A8F5702DE9F04140F07E4406462001CF
S3150800BC20FFF7C2FF374907461FF00DFBA41B04F0B8
S3150800BC300075002D14BF80464FF00008C5F3406517
S3150800BC40013D3D4088EA050840462F491FF0FBFAAA
S3150800BC5004F08065002D14BF07460027C5F38065EC
S3150800BC60013D05EA08056F40384628491FF0EBFAFA
S3150800BC7004F00065002D14BF80464FF00008C5F398
S3150800BC80C065013D3D4088EA0508404620491FF049
S3150800BC90DAFA04F08055002D14BF07460027C5F3CD
S3150800BCA00075013D05EA08056F4004F0005838465E
S3150800BCB018491FF0C8FAB8F1000F08BF0020C8F3EA
S3150800BCC04075013D3D40454004F0804428461249F0
S3150800BCD01FF0B9FA002C08BF0020C4F38073013B9B
S3150800BCE0002E03EA050383EA000314BF4FF0FF3072
S3150800BCF0002003EA00030CBF6FF000400020584004
S3150800BD00BDE8F0817BBEAF63F2CBA24D6CAC162FBB
S3150800BD10A4AA5211B72A580211FE0A002DE9F74FB4
S3150800BD20814688469A4600252F4F01920C9B9D42D4
S3150800BD3002DB03B0BDE8F08F0D9BC8F1000258572F
S3150800BD40A0EB0900824249DA40454ADA524601998F
S3150800BD5020F009FD0028D5BF4FF0000C4FF0FF3B3F
S3150800BD60E3468446D8BFB0FA80F4C0F1000020EA62
S3150800BD700B0080EA0C00D8BF6409C0F10000CCBFF4
S3150800BD8000246442FFF746FFFFF796FE6FF0004C6B
S3150800BD906FEA0B06ACEB000C0CEA06010BEA000294
S3150800BDA04A4022EA040204F08044544007EBD47166
S3150800BDB0C2F31602E4158A42C8BF0134A4F1800210
S3150800BDC012F1800F07DB802A08BF7F2252B20E9B32
S3150800BDD05A550135AAE76FF07F02F7E76FF07F0241
S3150800BDE0F5E77F22F3E700BFFFFF3F002DE9F04F9D
S3150800BDF02DED048B624B93B01A6804460D4620F06D
S3150800BE00F4FC604B0746294620461A6820F0EFFCEA
S3150800BE100446387A012846D1257A012D40F09180CA
S3150800BE20394604A820F0E9FC21460BA83E6820F014
S3150800BE30E4FC226800212C46049804AB81420FDBFF
S3150800BE4015460027DFED508AB7EE008ABAEE029A49
S3150800BE50A7420ADB002013B0BDEC048BBDE8F08FC7
S3150800BE6053F8045F01316C43E8E7B6EC010AB4EE17
S3150800BE70E80AF1EE10FA13DCB4EEC90AF1EE10FA8C
S3150800BE8005D519F0D5F9A5EC010A0137E0E7B1EEB9
S3150800BE90400A19F0CDF970EE087A88EE270AF2E71B
S3150800BEA0B7EE000AEFE70728EB6851D1227A072A8E
S3150800BEB047D1D3E902657868FFF7B2FDD7F800E005
S3150800BEC0D4F80080AEBB0323AB40374635461E4642
S3150800BED000222E49DFF8BCC02D4C9042BADD3EF94F
S3150800BEE0129006FB097949FA05F989EAE97AAAEB73
S3150800BEF0E97ABAF5FF3F28BF0B464FEA5A2B3FBFF0
S3150800BF003CF81B300BF1010B3CF81BB0CAF3080ACE
S3150800BF103EBFABEB030B5B020AFB0B33B9F1000F19
S3150800BF20ACBF03F50073E31A9B0A28F812300132F6
S3150800BF30D3E7002DC5BF012705F1FF3300279F4032
S3150800BF40C6E7FEF7DDFF207AFEF7DAFF012082E773
S3150800BF500928F6D1227A092AF3D1D3E90056D3E97A
S3150800BF6002897868FFF75CFD2368424602933B68BE
S3150800BF703146CDE900034B462846FFF7CFFE69E771
S3150800BF807CDD030878DD0308CFF3844100FCFF015C
S3150800BF90FF01000278DB0308132804D8092804D80F
S3150800BFA0022826D868BB012070470A380928FAD81B
S3150800BFB001A353F820F000BFEBBF000807C0000834
S3150800BFC00BC0000807C0000803C00008A7BF000888
S3150800BFD003C00008EBBF0008FFBF0008EBBF00085E
S3150800BFE012F4887F0FD10728DDD1022300200B60C9
S3150800BFF07047012303FA00F212F4127FF0D00123EE
S3150800C000F4E70423F2E70823F0E71023EEE700BF7E
S3150800C0102DE9F843056807468846284610211EF08C
S3150800C02039FCD0B90020BDE8F883013304EB83025C
S3150800C03054F823400421144420461EF02BFC002803
S3150800C04050D0225823181344DA681033C8F8003041
S3150800C050BB699A4202D00120E5E70026102128464E
S3150800C0601EF018FC00283FD02B582A18D118D35890
S3150800C0709E42D7D2013651F8263001EB86099944FB
S3150800C080042148461EF006FC0028E7D059F800307F
S3150800C09009EB0002D458D018172C2246134928BF9A
S3150800C0A0172204302CF001F90028D7D1172CD5D146
S3150800C0B00C2128461EF0EEFB044610B12C582B180E
S3150800C0C01C44062148461EF0E5FB034608B159F80C
S3150800C0D0003022689A42A8D8B121054B054A06487D
S3150800C0E01AF012F9C368FFDE0368FCE780DD03086F
S3150800C0F090B4030810BC030865B5030808B50368BF
S3150800C100994205D3B121044B044A05481AF0FCF8B4
S3150800C110013150F8210008BD90B4030813BE030886
S3150800C12065B5030808B50368994205D3B121064BDE
S3150800C130064A07481AF0E8F8013100EB810250F880
S3150800C1402100104408BD00BF90B403089BB403083F
S3150800C15065B5030808B50368994205D3B121064BAE
S3150800C160064A07481AF0D0F8013100EB810250F868
S3150800C1702100104408BD00BF90B40308B5BE0308EB
S3150800C18065B503082DE9F347056807460E462846B0
S3150800C1900621904699461EF07DFBDDF828A0044648
S3150800C1A010B12C582B181C44042130461EF072FB83
S3150800C1B0054600B135582368AB4205D8B121314B45
S3150800C1C0314A32481AF0A0F8013554F8253004EB04
S3150800C1D0850000220A2118441EF03FFE77284AD01F
S3150800C1E0812834D076282ED130461EF03FFE5C28B2
S3150800C1F046D130461EF0E8FD0546002204212846B1
S3150800C2001EF02BFE00220446062128461EF025FEB7
S3150800C210621C05460AD03B6A424601333B62214608
S3150800C2204B463846CDF800A01FF09FF96B1C0AD084
S3150800C2303B6A424601333B6229464B463846CDF8AF
S3150800C24000A01FF092F9002002B0BDE8F087304642
S3150800C2501EF00CFE67280CD130461EF0B5FD0421F1
S3150800C26000221EF0FAFD411C0446ECD04FF0FF35C3
S3150800C270D1E70020F3E730461EF0F8FD5D28B7E762
S3150800C2800025BAE790B4030883BF030865B5030819
S3150800C29038B50D46082104461EF0FCFA00B12058B0
S3150800C2A02B68834205D8B1210B4B0C4A0C481AF06F
S3150800C2B02BF8013055F8203005EB80041C44042186
S3150800C2C020461EF0E7FA221820B12358D058D11874
S3150800C2D000B1081D38BD00BF90B4030810BC0308A0
S3150800C2E065B50308F8B516460023C2E9003346F8D3
S3150800C2F0083F0F46144605461FF073FA31461EF0EE
S3150800C30019FE064658B939462846FFF7C1FF0421E3
S3150800C310206028461EF0BEFA18B9054B6360304601
S3150800C320F8BD2A18285810441EF02DFE6060F6E75E
S3150800C33000DE0308064BC0E9003101B104310023D1
S3150800C3408160C0E90332C0E90633037503627047AA
S3150800C350A0DD0308F8B5037D04460E4613B1002593
S3150800C3602846F8BD0123037580680422036808215E
S3150800C3709B689847A368144AC0E90023E0602046F2
S3150800C3801FF053FA0028EAD1A56830462B689F6843
S3150800C3901EF036FB016804222846C900B847054640
S3150800C3A00028DCD02368024631462046DB6A9847D7
S3150800C3B00028D4D123682A46314620469B6A9847E6
S3150800C3C00028CDD0CBE700BFF0DD030808B5036829
S3150800C3D0994205D3B121054B054A064819F094FF41
S3150800C3E000EBC100D0E9010108BD00BF90B4030805
S3150800C3F059C0030865B503082DE9F04F1C4685B0FA
S3150800C4000F9D81468A4693460021202228462BF016
S3150800C41044FF20461FF0E5F905F11C011EF08AFDD0
S3150800C4200746002852D120461EF072FF0E99A877BB
S3150800C4302046FFF72DFF002814BF01230223286199
S3150800C4406B77204603AA05F118011EF014FF07466C
S3150800C45000283BD1042120461EF01CFA002839D0BA
S3150800C4602218205810441EF08EFD68610C212046C3
S3150800C4701EF010FA50B3235826181E4430461FF0F3
S3150800C4809CF9044610B3036803B330461FF09FF9BE
S3150800C490E0B10368D3B163683046AB601FF097F923
S3150800C4A00021FFF793FFE86030461FF086F9D0F8C1
S3150800C4B00080BBF1000F0FD0DAF8003004220C21FF
S3150800C4C050469B6898470446E0B90127384605B0A8
S3150800C4D0BDE8F08F2A48C8E7D9F8003004220C21B5
S3150800C4E048469B68984704460028EED0D9F800309D
S3150800C4F04046D3F808A01EF061FC042201464846CF
S3150800C500D0470AE0DAF800304046D3F808901EF023
S3150800C51055FC042201465046C84760600028D4D01E
S3150800C52030461FF04AF91EF02FFD63684FF0000AE7
S3150800C53099462060C3F80080D0450ADC10213046B1
S3150800C5401EF0A8F900B130580123A060C5E90034EF
S3150800C550BCE730461FF03BF9026883463046019235
S3150800C5601FF02BF9019A036858469A420CBF5146A8
S3150800C5700021FFF72BFF0AF1010A49F8040FDBE750
S3150800C58000DE0308034B186818B90348034A186005
S3150800C59002607047C8190020C03200200CDE03086C
S3150800C5A070B5044600F1A8060D46304600211FF076
S3150800C5B0B5FD0A4BA6612362094B2564E365094B61
S3150800C5C02366094BE364094B6363094B6364094BB0
S3150800C5D02365002384F8993070BD00BFE7BD0208C3
S3150800C5E013BE02081BBE020803BE020823BE0208C9
S3150800C5F0FBBD02080BBE02082DE9F34104461E46A0
S3150800C6000D46174B00F10C08C0E900318260002185
S3150800C610642240462BF041FE089B04F174072A4623
S3150800C6204146266738460093334600F02BF94FF407
S3150800C6308073A4F8983000236268C4E92733216F11
S3150800C640C4F8A43004F1A8003B4600F009F92046D6
S3150800C6500999FFF7A5FF204602B0BDE8F08100BFA3
S3150800C66020DE030838B50A4B04460360D0F8843048
S3150800C67000F1740513B128461FF0B4FD04F1A800B3
S3150800C6801FF004FD28461FF04DFD204638BD00BFAB
S3150800C69020DE03082DE9F04F06464FF0000A8BB05E
S3150800C6A006F174001FF090FE504502DC4FF0000BB7
S3150800C6B05FE0756828461EF0A3F95146FEF7F2F9C1
S3150800C6C00621009028461EF0E5F8044610B12C58BD
S3150800C6D02B181C44306F1FF005F9039000981EF0C4
S3150800C6E045FC00274FEACA0304900193049B9F4226
S3150800C6F002D10AF1010AD3E70A2100981EF0CAF806
S3150800C700002800F0A480009B1A5819188B188A581C
S3150800C710974205D3B1214F4B4F4A504819F0F4FDC3
S3150800C720013703EB870553F8273004211D442846B3
S3150800C7301EF0B0F800B128582368834240F284807E
S3150800C740013054F8203004EB8008019A9844D6F852
S3150800C75084304FEA47199A58A9F120094A444046B5
S3150800C760B1681C321FF083FE834630B140461FF085
S3150800C77016FF58460BB0BDE8F08FD6F88430019AFC
S3150800C7809B584B44DB69002B5ED0D3F81480099084
S3150800C7900E2128461EF07EF8B8F1200F44D1002855
S3150800C7A03AD14FF0000BCDF808B0062128461EF006
S3150800C7B05AFA1EF0E8FB0821059028461EF053FA9F
S3150800C7C01EF0E1FB019AD6F8843000219B580690AA
S3150800C7D003EB09081C22404607932BF05EFD079BD6
S3150800C7E0059A142143F80920069B2846C8F8043000
S3150800C7F0099BC8F81030029BC8E9053B1EF033FABE
S3150800C80000283FF473AF0368002B3FF46FAF1EF0A8
S3150800C810BAFBC8F8080069E72B582A18D11804315A
S3150800C82052F803B00291C0E770B9B0684146036890
S3150800C8309B68984740B12946039A09AB1EF086FBC8
S3150800C84083460028ADD094E74FF0010B91E70368C3
S3150800C850FFDE00BF90B40308B5BE030865B503083C
S3150800C86070B50025064EC0E90155C0E90413C0E9B4
S3150800C8700625C0E90855C5600660856270BD00BF1B
S3150800C8802CDE030810B504461046C4E9020300234B
S3150800C890074AC4E90433C4E90021029AA361C4E93A
S3150800C8A0072310B11EF0ACF82062204610BD00BF69
S3150800C8B07CDE03082DE9F04F054600274FF00C0BE8
S3150800C8C085B0286A03689F4207D3E869002869D1BA
S3150800C8D00023184605B0BDE8F08F3946FEF7E2F8A2
S3150800C8E0002680464FEAC70A042140461DF0D2FFBB
S3150800C8F000285AD058F8003008EB0002D118D3584F
S3150800C9009E4201D30137DCE7013651F8263001EBA8
S3150800C91086041C440E2120461DF0BCFF0028E3D0E7
S3150800C920235C002BE0D02B690BFB06F953445868AF
S3150800C930A9F10C0903A948441EF0D0FC03460028B7
S3150800C940C7D10621019020461DF0A4FF0146F0B18B
S3150800C9502256019B092A23D10C2120461DF09AFF55
S3150800C96090B1231824581C440A2120461DF092FF32
S3150800C970D8B123582218D118D3583BB9B1210C4B3A
S3150800C9800C4A0D4819F0C0FC0446EDE749682B69C6
S3150800C990039A53445B6853F809002BF07EFCA3E71F
S3150800C9A01946F4E71FF08BFD92E70368FFDE00BF28
S3150800C9B090B4030859C0030865B5030870B500228A
S3150800C9C02DED028B05460C46002351EC100BB0EEFC
S3150800C9D0408AF0EE608A01F0A5F8064628B10023E1
S3150800C9E02B602360BDEC028B70BD2046B0EE480A72
S3150800C9F0F0EE680A18F0EAFB0022144B51EC100B13
S3150800CA0000F028FE41EC100B18F05AFE51EC100B02
S3150800CA1001F04AF98E4208BFB0F1004F034602BF43
S3150800CA20236801332360226808BF4FF0804312F160
S3150800CA301F0F03DA002323602B60D3E71E2AC2BF29
S3150800CA401E2323606FF00043F6E700BF0000E041B5
S3150800CA5010B5044618F028FCDFED0B7A20EE270AFD
S3150800CA60F8FE407A30EE670ABDEEE77AB0EEC00A05
S3150800CA70DFED067AB4EEE70AF1EE10FA84ED007AF5
S3150800CA804CBF0120002010BD3BAAB83F6F12833A65
S3150800CA9010B5C0E90321C0E905210022034CC0E90D
S3150800CAA0072204604434C0E9014110BDBCDE030816
S3150800CAB000B58BB00A46014601A81FF03EFE0422C7
S3150800CAC024210DEB02001FF010FE0A4A02604432D0
S3150800CAD04260039A8260049AC260059A0261069AC5
S3150800CAE04261079A8261089AC261099A02620BB08A
S3150800CAF05DF804FBBCDE0308F0B5184CC3F10E055F
S3150800CB00A242C8BF47F6FF724FF00104DCBF02F528
S3150800CB10004212145143A5F12007C5F1200624FA54
S3150800CB2006F604FA07F7AC40D51700FB0511A2FB79
S3150800CB30002037430144A01841EB0701C3F10F0455
S3150800CB401133B4F1200220FA04F001FA03F340EAA3
S3150800CB5003005CBF41FA02F21043F0BDFFFFFE7FFF
S3150800CB6010B50B4CC2B010F0BFF9206801F0CAFA34
S3150800CB7060B11FF05BFE48B14FF48271206801AACC
S3150800CB8020F021F810B901A81FF048FE42B010BDE8
S3150800CB90D42C002001490248FAF7A6BDC0C30308F1
S3150800CBA0CC190020064B1B681A7A022A01D81AB932
S3150800CBB07047032A00D070471B68024A1360704703
S3150800CBC020380020E8190020F0B5224DA9B012AC93
S3150800CBD00FCD0FC495E80700292384E80700002431
S3150800CBE01D4A1E49CDE903231D4BCDE90944CDE96C
S3150800CBF005131C4B1C4A1B680B9419AD08AE176825
S3150800CC00CDE90E440794109408930FCE0FC5174B21
S3150800CC100D972B600DAE1EAD0FCE0FC52020144B01
S3150800CC2012AA2B60134B19A92393134B2694CDE90B
S3150800CC302403124B12482793124B009303ABFBF7BE
S3150800CC40FBFC054621464FF4E1301AF0E6FF28467C
S3150800CC5029B0F0BD10DF030800000A5000050006E1
S3150800CC600009000830C503082CC5030824000A502B
S3150800CC703C000A50C432002000010100343800206C
S3150800CC80A41A0020EC190020831E012B10B50C46AF
S3150800CC9019D8012917D8184B04221B6C0521002026
S3150800CCA0C3F34013F8F716FB24B1144B186803684E
S3150800CCB0F3B910BD114B18680368002BF9D0BDE80D
S3150800CCC01040FBF787BCA31E012B0CD80128F0D80F
S3150800CCD0BDE810400022084B05211B6C1046C3F323
S3150800CCE04013F8F7F7BA002CE4D0012CDDD0E0E7C2
S3150800CCF0BDE810401DF007BA00C0035048380020B0
S3150800CD0008B504490448FBF79FFEBDE80840FFF74D
S3150800CD105BBF00BF4C380020CC1A002001481DF02C
S3150800CD2077BA00BFA41A0020014B5A6A1868104740
S3150800CD30A41A002008B504481AF0AFFFBDE8084059
S3150800CD4002481AF0AABF00BF44DF03082CDF030815
S3150800CD5001481BF069B800BF5CDF030801481BF0F7
S3150800CD6063B800BF74DF03087FB50368264A23F457
S3150800CD707F4323F00703934243D10021062216205E
S3150800CD80224B0AF0E3F9014608B100BEFDE7082286
S3150800CD9012201F4B0AF0DAF9014608B100BEFDE77A
S3150800CDA0032214201B4B0AF0D1F908B100BEFDE797
S3150800CDB00DF1070102A80FF00FFF014608B100BEEA
S3150800CDC0FDE7BDF80C3008225BBAADF810309DF8C7
S3150800CDD00B3018208DF81230FF238DF81330FE2300
S3150800CDE08DF814309DF80A308DF81530BDF80830E6
S3150800CDF05BBAADF8163004AB0AF0A8F908B100BE64
S3150800CE00FDE707B05DF804FBA0000100A1DF0308F9
S3150800CE1098DF030894DF030807EE900A114BF8EE33
S3150800CE20677A03EB810393ED007A0F4B77EEC77AA7
S3150800CE3003EB8103D3ED006A76EEC76A87EEA67A1E
S3150800CE40B5EEC07AF1EE10FA08D4B7EE000AB4EEE1
S3150800CE50C07AF1EE10FA30FE070A70479FED030A12
S3150800CE60704700BFF0DF0308E0DF0308000000009A
S3150800CE70DFED1D7A9FED1D7A30EE670AC0EE077A60
S3150800CE80F5EEC07AF1EE10FA08B52DED028BB0EE8C
S3150800CE90608A23D4B7EE000AF4EEC07AF1EE10FAEF
S3150800CEA030FE270AF7EE080A18F02EFA9FED107AD8
S3150800CEB060EE080AC0EE877AF5EEC07AF1EE10FA4F
S3150800CEC0B0EE080A0DD4F4EEC07AF1EE10FA70FE50
S3150800CED0277A87EE800ABDEC028B08BD9FED050A0E
S3150800CEE0E0E7DFED047AF4E7CDCCCC3D6666663F35
S3150800CEF00000E14500000000002310B5044688B094
S3150800CF00836543670F4B036001A8FEF7B9FC01AAC6
S3150800CF10092120460C4B1FF043FD01A8FDF720FF11
S3150800CF2001AA13212046094B1FF03AFD01A8FEF776
S3150800CF30AFFD20460E21064B01AA1FF031FD204603
S3150800CF4008B010BDCCDF03088BAE020857AE020846
S3150800CF5053AE020808B504481DF01AFCB0FA80F36F
S3150800CF60024A5B09137008BD84220020E4320020BF
S3150800CF702DE9F0472DED068B9846A44B90B01B780B
S3150800CF80074608EE101A9146209C002B00F03181C6
S3150800CF90002C00F03081022800F22F819C481DF0F9
S3150800CFA04AFE002840F00981002599481DF043FEF5
S3150800CFB0002800F028819648FDF750FD002800F06B
S3150800CFC0228100211EF055FF0646002D00F01B8128
S3150800CFD0002800F018812B7F012B40F0108190F873
S3150800CFE01CA0BAF1010F40F00A8128461FF07CFC0C
S3150800CFF00C2840F0068130461FF076FC042840F0E5
S3150800D0000081F8EE487A9FED838AF4EEC87AF1EE4D
S3150800D01010FA4FF00001484638FE278AFFF7FCFE53
S3150800D02051464046B0EE40AAFFF7F6FE0221BDF88B
S3150800D0307800F0EE409AFFF7EFFE0321BDF87C007A
S3150800D040B0EE409AFFF7E8FEF7EE00AAF0EE408A47
S3150800D050002F00F0BD80012FDFED6F7A00F0BF8052
S3150800D060B0EE677AF0EE6A6AB0EE480ACDED066A67
S3150800D070CDED047A8DED057A18F0B6F99FED677A4D
S3150800D080C0EE077AF0EE480AB0EE4A0ACDED077A06
S3150800D0908DED08AACDED099A8DED0A9ACDED0B8A8C
S3150800D0A0FFF7E6FEF0EE480A8DED0C0AB0EE690AC7
S3150800D0B0FFF7DEFEF0EE480A8DED0D0AB0EE490ADE
S3150800D0C0FFF7D6FEF0EE480A8DED0E0AB0EE680AB6
S3150800D0D0FFF7CEFE8DED0F0A2A6904AF3B4603CB58
S3150800D0E0516010A98B4210601F4602F10802F5D163
S3150800D0F047481DF07FFB00285AD16A46DFED466A8D
S3150800D1009FED477A336903F11001F3EC017AF5EEE6
S3150800D110C07AF1EE10FA67D4F4EEEA7AF1EE10FA74
S3150800D1207AFEA77A67EE877A9942E2EC017AECD121
S3150800D130DDED016A9DED006AB4EEE66AF1EE10FADD
S3150800D1409DED027AC4ED016A58BFF0EE466AF4EE28
S3150800D150C76A4CBF01230023F1EE10FADDED037A0E
S3150800D16084ED027A58BFB0EE667AF4EEC77A48BF05
S3150800D1700223F1EE10FAC4ED037AD8BFF0EE477A2F
S3150800D1809FED287AF4EEC77AC8BF0323F1EE10FAAA
S3150800D19084ED006AC4ED057A237428DA9FED227AB5
S3150800D1A0F4EEC77AF1EE10FAACBF012300236374DC
S3150800D1B010B0BDEC068BBDE8F0871548FDF74EFCB0
S3150800D1C000283FF4F1AE00211EF03AFE0546ECE6D3
S3150800D1D09FED117AF0EE6A7AF0EE476A44E7B7EE09
S3150800D1E0007AF0EE676A3FE7F0EE667A9AE702237E
S3150800D1F0DDE71120DCE72220DAE72120D8E70F2037
S3150800D200D6E72320D4E70120D2E700BFE432002086
S3150800D2108422002000C0A846000000001BB01F4161
S3150800D2200000C84200008C4200000C4203289ABF46
S3150800D230024B53F820000248704700BFB4DF0308CA
S3150800D2400AC1030802289ABF024B53F82000024875
S3150800D250704700BFA8DF03080AC1030810B5164CBB
S3150800D2602046FFF749FE2046144A15492AF0F2FEE1
S3150800D2704FF48272002113482BF00FF8114A124B13
S3150800D28001211360114B0F48C2F804314FF437637C
S3150800D290C2E94234BDE810400D4BC2F810310D4BBF
S3150800D2A0C2F814310423C2E9461300230A49C2F816
S3150800D2B02031024A2AF0CEBEA8230020C03700201B
S3150800D2C007C9020884220020E0DA030800E0030800
S3150800D2D0C438002070EB03082FC9020881F000410A
S3150800D2E002E000BF83F0004330B54FEA41044FEA3D
S3150800D2F0430594EA050F08BF90EA020F1FBF54EAD8
S3150800D300000C55EA020C7FEA645C7FEA655C00F073
S3150800D310E2804FEA5454D4EB5555B8BF6D420CDD44
S3150800D3202C4480EA020281EA030382EA000083EAC7
S3150800D330010180EA020281EA0303362D88BF30BD67
S3150800D34011F0004F4FEA01314FF4801C4CEA1131BD
S3150800D35002D0404261EB410113F0004F4FEA03331C
S3150800D3604CEA133302D0524263EB430394EA050FA7
S3150800D37000F0A780A4F10104D5F1200E0DDB02FA16
S3150800D3800EFC22FA05F2801841F1000103FA0EF2AA
S3150800D390801843FA05F359410EE0A5F120050EF170
S3150800D3A0200E012A03FA0EFC28BF4CF0020C43FAA1
S3150800D3B005F3C01851EBE37101F0004507D54FF0AE
S3150800D3C0000EDCF1000C7EEB00006EEB0101B1F5FE
S3150800D3D0801F1BD3B1F5001F0CD349085FEA300044
S3150800D3E04FEA3C0C04F101044FEA445212F5800F4F
S3150800D3F080F09A80BCF1004F08BF5FEA500C50F1EC
S3150800D400000041EB045141EA050130BD5FEA4C0CCE
S3150800D410404141EB0101013C28BFB1F5801FE9D22B
S3150800D42091F0000F04BF01460020B1FA81F308BF4E
S3150800D4302033A3F10B03B3F120020CDA0C3208DD1A
S3150800D44002F1140CC2F10C0201FA0CF021FA02F1F5
S3150800D4500CE002F11402D8BFC2F1200C01FA02F165
S3150800D46020FA0CFCDCBF41EA0C019040E41AA2BF8A
S3150800D47001EB0451294330BD6FEA04041F3C1CDA52
S3150800D4800C340EDC04F11404C4F1200220FA04F072
S3150800D49001FA02F340EA030021FA04F345EA03011C
S3150800D4A030BDC4F10C04C4F1200220FA02F001FADE
S3150800D4B004F340EA0300294630BD21FA04F0294660
S3150800D4C030BD94F0000F83F4801306BF81F48011F9
S3150800D4D00134013D4EE77FEA645C18BF7FEA655C6C
S3150800D4E029D094EA050F08BF90EA020F05D054EA3E
S3150800D4F0000C04BF1946104630BD91EA030F1EBF43
S3150800D5000021002030BD5FEA545C05D14000494146
S3150800D51028BF41F0004130BD14F580043CBF01F539
S3150800D520801130BD01F0004545F0FE4141F470011F
S3150800D5304FF0000030BD7FEA645C1ABF19461046FA
S3150800D5407FEA655C1CBF0B46024650EA013406BFFB
S3150800D55052EA033591EA030F41F4002130BD00BFBA
S3150800D56090F0000F04BF0021704730B54FF4806477
S3150800D57004F132044FF000054FF0000150E700BFF8
S3150800D58090F0000F04BF0021704730B54FF4806457
S3150800D59004F1320410F0004548BF40424FF0000144
S3150800D5A03EE700BF42004FEAE2014FEA31014FEA87
S3150800D5B002701FBF12F07F4393F07F4F81F06051D6
S3150800D5C0704732F07F4208BF704793F07F4F04BF21
S3150800D5D041F40021704730B54FF4607401F00045FE
S3150800D5E021F000411CE700BF50EA010208BF70475E
S3150800D5F030B54FF000050AE050EA010208BF70474F
S3150800D60030B511F0004502D5404261EB41014FF4B7
S3150800D610806404F132045FEA915C3FF4D8AE4FF0BF
S3150800D62003025FEADC0C18BF03325FEADC0C18BFA2
S3150800D630033202EBDC02C2F1200300FA03FC20FAF3
S3150800D64002F001FA03FE40EA0E0021FA02F1144440
S3150800D650BDE600BF70B54FF0FF0C4CF4E06C1CEA59
S3150800D66011541DBF1CEA135594EA0C0F95EA0C0FCA
S3150800D67000F0DEF82C4481EA030621EA4C5123EA3D
S3150800D6804C5350EA013518BF52EA033541F480116C
S3150800D69043F4801338D0A0FB02CE4FF00005E1FB1F
S3150800D6A002E506F00042E0FB03E54FF00006E1FB69
S3150800D6B003569CF0000F18BF4EF0010EA4F1FF04AC
S3150800D6C0B6F5007F64F5407404D25FEA4E0E6D41EC
S3150800D6D046EB060642EAC62141EA55514FEAC520FD
S3150800D6E040EA5E504FEACE2EB4F1FD0C88BFBCF579
S3150800D6F0E06F1ED8BEF1004F08BF5FEA500E50F12A
S3150800D700000041EB045170BD06F0004646EA0101EF
S3150800D71040EA020081EA0301B4EB5C04C2BFD4EB21
S3150800D7200C0541EA045170BD41F480114FF0000E1A
S3150800D730013C00F3AB8014F1360FDEBF002001F088
S3150800D740004170BDC4F10004203C35DA0C341BDC02
S3150800D75004F11404C4F1200500FA05F320FA04F0D4
S3150800D76001FA05F240EA020001F0004221F0004108
S3150800D77010EBD37021FA04F642EB06015EEA430E7B
S3150800D78008BF20EAD37070BDC4F10C04C4F12005AB
S3150800D79000FA04F320FA05F001FA04F240EA02005E
S3150800D7A001F0004110EBD37041F100015EEA430E2F
S3150800D7B008BF20EAD37070BDC4F1200500FA05F24F
S3150800D7C04EEA020E20FA04F301FA05F243EA0203CE
S3150800D7D021FA04F001F0004121FA04F220EA0200DD
S3150800D7E000EBD3705EEA430E08BF20EAD37070BD23
S3150800D7F094F0000F0FD101F00046400041EB010103
S3150800D80011F4801F08BF013CF7D041EA060195F0E4
S3150800D810000F18BF704703F00046520043EB03039E
S3150800D82013F4801F08BF013DF7D043EA060370478B
S3150800D83094EA0C0F0CEA135518BF95EA0C0F0CD096
S3150800D84050EA410618BF52EA4306D1D181EA0301DC
S3150800D85001F000414FF0000070BD50EA410606BFD6
S3150800D8601046194652EA430619D094EA0C0F02D11B
S3150800D87050EA013613D195EA0C0F05D152EA033660
S3150800D8801CBF104619460AD181EA030101F000417E
S3150800D89041F0FE4141F470014FF0000070BD41F0C7
S3150800D8A0FE4141F4780170BD70B54FF0FF0C4CF4A1
S3150800D8B0E06C1CEA11541DBF1CEA135594EA0C0FC0
S3150800D8C095EA0C0F00F0A7F8A4EB050481EA030E0D
S3150800D8D052EA03354FEA013100F088804FEA0333F4
S3150800D8E04FF0805545EA131343EA12634FEA0222C2
S3150800D8F045EA111545EA10654FEA00260EF0004183
S3150800D9009D4208BF964244F1FD0404F5407402D2D4
S3150800D9105B084FEA3202B61A65EB03055B084FEA65
S3150800D92032024FF480104FF4002CB6EB020E75EB62
S3150800D930030E22BFB61A754640EA0C005B084FEA8A
S3150800D9403202B6EB020E75EB030E22BFB61A754607
S3150800D95040EA5C005B084FEA3202B6EB020E75EB52
S3150800D960030E22BFB61A754640EA9C005B084FEACA
S3150800D9703202B6EB020E75EB030E22BFB61A7546D7
S3150800D98040EADC0055EA060E18D04FEA051545EAC6
S3150800D99016754FEA06164FEAC30343EA52734FEA6F
S3150800D9A0C2025FEA1C1CC0D111F4801F0BD141EAE8
S3150800D9B000014FF000004FF0004CB6E711F4801F4D
S3150800D9C004BF01430020B4F1FD0C88BFBCF5E06F2D
S3150800D9D03FF6AFAEB5EB030C04BFB6EB020C5FEA3D
S3150800D9E0500C50F1000041EB045170BD0EF0004E92
S3150800D9F04EEA113114EB5C04C2BFD4EB0C0541EAC4
S3150800DA00045170BD41F480114FF0000E013C90E6C0
S3150800DA1045EA060E8DE60CEA135594EA0C0F08BF84
S3150800DA2095EA0C0F3FF43BAF94EA0C0F0AD150EA83
S3150800DA3001347FF434AF95EA0C0F7FF425AF104616
S3150800DA4019462CE795EA0C0F06D152EA03353FF43E
S3150800DA50FDAE1046194622E750EA410618BF52EABB
S3150800DA6043067FF4C5AE50EA41047FF40DAF52EA8F
S3150800DA7043057FF4EBAE12E74FF0FF3C06E000BF2C
S3150800DA804FF0010C02E000BF4FF0010C4DF804CD39
S3150800DA904FEA410C7FEA6C5C4FEA430C18BF7FEAF9
S3150800DAA06C5C1BD001B050EA410C0CBF52EA430C27
S3150800DAB091EA030F02BF90EA020F0020704710F1A7
S3150800DAC0000F91EA030F58BF994208BF90422CBF36
S3150800DAD0D8176FEAE37040F0010070474FEA410C2F
S3150800DAE07FEA6C5C02D150EA013C07D14FEA430C4D
S3150800DAF07FEA6C5CD6D152EA033CD3D05DF8040BBE
S3150800DB00704700BF8446104662468C4619466346EF
S3150800DB1000E000BF01B5FFF7B7FF002848BF10F1C6
S3150800DB20000F01BD4DF808EDFFF7F4FF0CBF01200B
S3150800DB3000205DF808FB00BF4DF808EDFFF7EAFF87
S3150800DB4034BF012000205DF808FB00BF4DF808ED42
S3150800DB50FFF7E0FF94BF012000205DF808FB00BF37
S3150800DB604DF808EDFFF7CEFF94BF012000205DF8C1
S3150800DB7008FB00BF4DF808EDFFF7C4FF34BF0120CE
S3150800DB8000205DF808FB00BF4FEA410212F50012BB
S3150800DB9015D211D56FF47873B3EB625212D94FEAE6
S3150800DBA0C12343F0004343EA505311F0004F23FAD0
S3150800DBB002F018BF404270474FF00000704750EA25
S3150800DBC0013005D111F0004008BF6FF000407047E2
S3150800DBD04FF00000704700BF7BB972B90029BEBF7D
S3150800DBE000204FF0004106E008BF00281CBF6FF078
S3150800DBF000414FF0FF3000F033BAADF1080C6DE983
S3150800DC0004CE002909DB002B1ADB00F083F8DDF8C7
S3150800DC1004E0DDE9022304B07047404261EB4101AC
S3150800DC20002B1BDB00F076F8DDF804E0DDE90223C3
S3150800DC3004B0404261EB4101524263EB4303704733
S3150800DC40524263EB430300F065F8DDF804E0DDE9D2
S3150800DC50022304B0404261EB41017047524263EB34
S3150800DC60430300F057F8DDF804E0DDE9022304B0C9
S3150800DC70524263EB4303704753B94AB9002908BFB8
S3150800DC8000281CBF4FF0FF314FF0FF3000F0E8B915
S3150800DC90ADF1080C6DE904CE00F03CF8DDF804E0BF
S3150800DCA0DDE9022304B0704738B500220023044694
S3150800DCB00D46FFF741FF28B920462946BDE83840FA
S3150800DCC000F00AB8204605F1004100F005F8404288
S3150800DCD061EB410138BD00BFD0B500220B4B0646AB
S3150800DCE00F46FFF7B7FC00F0BDF90446FFF738FC0E
S3150800DCF00022074BFFF7AEFC02460B463046394674
S3150800DD00FFF7F0FA00F0AEF92146D0BD0000F03D6D
S3150800DD100000F0412DE9F04F8C46099E04460F4657
S3150800DD20002B48D18A4215465ED9B2FA82F33BB136
S3150800DD30C3F120029F409D409C4020FA02F21743FF
S3150800DD404FEA154E1FFA85FC220CB7FBFEF10EFBB7
S3150800DD50117701FB0CF042EA0742904207D9AA184C
S3150800DD6001F1FF3702D2904200F258813946121A61
S3150800DD70A4B2B2FBFEF00EFB102200FB0CFC44EA38
S3150800DD800244A4450BD92C1900F1FF322CBF0127F8
S3150800DD900027A44502D9002F00F04381104640EA27
S3150800DDA00140A4EB0C0400211EB1DC400023C6E9A7
S3150800DDB00043BDE8F08F8B4206D90EB1C6E90001D3
S3150800DDC000210846BDE8F08FB3FA83F1002951D146
S3150800DDD06345C0F01681824240F213810846002E40
S3150800DDE0E7D0C6E90047E4E7002A00F0AF80B2FAB8
S3150800DDF082F3002B40F0C2808A1A4FEA154EAFB262
S3150800DE000121200CB2FBFEFC0EFB1C2240EA02425A
S3150800DE1007FB0CF090420ED9AA180CF1FF382CBF5C
S3150800DE204FF001094FF00009904203D9B9F1000FEC
S3150800DE3000F0F080C446121AA4B2B2FBFEF00EFB44
S3150800DE40102200FB07F744EA0244A7420ED92C1910
S3150800DE5000F1FF322CBF4FF0010E4FF0000EA74223
S3150800DE6003D9BEF1000F00F0D2801046E41B40EA49
S3150800DE700C4099E7C1F120058B400CFA01F400FA31
S3150800DE8001F922FA05F72CFA05FC8A401F4320FA05
S3150800DE9005F3380C23431FFA87FE1C0CBCFBF0F86D
S3150800DEA000FB18CC44EA0C4408FB0EFCA4450ED92A
S3150800DEB03C1908F1FF3A2CBF4FF0010B4FF0000B4D
S3150800DEC0A44503D9BBF1000F00F0B880D046A4EBF7
S3150800DED00C041FFA83FCB4FBF0F300FB134403FBAA
S3150800DEE00EFE4CEA0444A6450ED93C1903F1FF3050
S3150800DEF02CBF4FF0010C4FF0000CA64503D9BCF11E
S3150800DF00000F00F09F80034643EA0840A4EB0E0486
S3150800DF10A0FB02EC64457346E04602D307D1F145FF
S3150800DF2005D2BEEB02036CEB070C0138E0465EB186
S3150800DF30B9EB030264EB080404FA05F522FA01F3C7
S3150800DF40CC401D43C6E90054002132E742082F465B
S3150800DF504B08AC4642EAC172AE46C407110C92B2EF
S3150800DF6041EA034142EA0142B1FBF5F1B3FBF5F0A0
S3150800DF701F23A2EB0C0241EA004142E79D40C3F190
S3150800DF80200299409C402CFA02FC4FEA154E20FAD2
S3150800DF9002F2AFB2BCFBFEF80A430EFB18CC110C1A
S3150800DFA041EA0C4108FB07FC8C4550D9691808F171
S3150800DFB0FF302CBF4FF001094FF000098C4502D9FC
S3150800DFC0B9F1000F30D0A1EB0C01B1FBFEF808FB4C
S3150800DFD007FC0EFB181192B242EA0142624534D29E
S3150800DFE0AA1808F1FF312CBF4FF001094FF00009BC
S3150800DFF06245BED2B9F1000FBBD1A8F102012A448D
S3150800E000B7E7841A6CEB030201201746E7E62C44AF
S3150800E01002382BE7ACF1020C2A440CE702392A44F1
S3150800E020A5E62C440238BAE6A5EB0C0CA8F10200CA
S3150800E0306144B1FBFEF808FB07FCCAE7A8F1020831
S3150800E0403C4444E7023B3C445EE7414691E7A1EB8A
S3150800E0500C014046B1FBFEF808FB07FCB9E700BF18
S3150800E060704700BF4A0011D212F5001211D20DD521
S3150800E0706FF47873B3EB62520ED44FEAC12343F0C0
S3150800E080004343EA505323FA02F070474FF000006A
S3150800E090704750EA013002D14FF0FF3070474FF019
S3150800E0A00000704730B5837985B001901844C06880
S3150800E0B00D4600F0380016F035FB044628B901A8CD
S3150800E0C01EF070FE022005B030BD294601981EF0EC
S3150800E0D073FE46220A490DF10F001EF0ABFD0199A9
S3150800E0E004F10C001EF036FF482205490DF10F0019
S3150800E0F01EF0A1FD204628F01AFF0020E3E700BF26
S3150800E1003CC1030813B5044678B1DC2208490DF171
S3150800E11007001EF08FFDE0681EF07FFEDE22044633
S3150800E12003490DF107001EF086FD204602B010BD1A
S3150800E1303CC1030813B5044690B140F29E220A4931
S3150800E1400DF107001EF076FD04F10C001EF049FEE5
S3150800E1504FF42872044604490DF107001EF06BFDC2
S3150800E160204602B010BD00BF3CC10308054B10B5E0
S3150800E17053F8204004B910BD2046636898472468C0
S3150800E180F8E700BF382400200020134B10B518709C
S3150800E190124B134CC3E90000124B206018706060E4
S3150800E1A0A06000F043FA80B2A0F10E036380A0F1EC
S3150800E1B01403013060810C49201DE3801CF038F8F7
S3150800E1C020460A491CF034F804F108000849BDE85D
S3150800E1D010401CF02DB800BFE6320020382400207D
S3150800E1E02E320020E532002088C1030891C10308B9
S3150800E1F09BC1030870B5044648B32BF0B3FC002353
S3150800E20063712379054613F0100605D01023237190
S3150800E210BDE870402BF0A1BC0D4903F0030331F8AB
S3150800E22023203046013A21F823202146094C00F0E4
S3150800E230EFF923781BB13046FFF798FF2670064B97
S3150800E2405B6813B10120FFF791FF2846E0E770BD30
S3150800E2502E320020E63200203824002038B5044645
S3150800E260057A2BF07FFC054B53F82520226043F8EE
S3150800E2702540BDE838402BF070BC00BF382400208C
S3150800E28010B5064B00F0E0001A78541C1C70044BBD
S3150800E29003F8320003EBC203596010BDE5320020D3
S3150800E2A0202400200023F0B50E4D0F492C789C42FF
S3150800E2B00FD951F833705E1C87424FEAC3020ED15C
S3150800E2C00A490A440133A34202F1080202D3013C77
S3150800E2D02C70F0BD92E8030002E90300F2E733462A
S3150800E2E0E5E700BFE5320020242400202024002092
S3150800E2F02DE9F04F04468BB00592420748BF00F05F
S3150800E300F70402912BF02EFCDFF894A104F0030623
S3150800E3100AEB86033AF826205B8880469A4204F080
S3150800E320EF094FEA860739D2002000F053F905466F
S3150800E330A0B33AF8263001332AF8263040462BF0A7
S3150800E3400CFC002D40F0828023071DD51F2C1BD9FD
S3150800E35004F0E003574403932BF004FC3AF8262014
S3150800E360AA467B88DFF838819A422CBF4FF0000B0B
S3150800E3704FF0010B464F2BF0F0FB08EB8603069394
S3150800E380444B1B789A450ED3C4F3800080F00100F5
S3150800E390494600F0010000F09FF86EE001223E4B6E
S3150800E3A000251A70CAE73B78039A1A4204D07B689C
S3150800E3B00193019B1B681BB90AF1010A0837DFE7BD
S3150800E3C009935A79D00709D51A79510706D5BBF1A9
S3150800E3D0000F0CD189EA0202920708D001931B6844
S3150800E3E0002BEED1E5E701212B4A117026E00198B2
S3150800E3F01EF0F7FC90F804B0099009A81EF0D2FCAC
S3150800E4005946002000F068F82BF0ACFB069B38F85C
S3150800E41026205B8804909A4234BF4FF0010B4FF0D8
S3150800E420000B03D2002000F0D5F80990099B002BB9
S3150800E430D9D038F82620013228F8262004980793E0
S3150800E4402BF08BFB079B002BB3D01D4628461EF0EE
S3150800E4503AFE029B029AAB71059B85F80490134419
S3150800E460EB710E4B5B6843B12BF07CFB0446012035
S3150800E470FFF77CFE20462BF070FB0948452200EB8F
S3150800E480860029461BF0D9FE28460BB0BDE8F08F5A
S3150800E49020240020E5320020E6320020382400201F
S3150800E4A02E3200200022014B1A60704740240020BB
S3150800E4B010B504462BF056FB064B1A682AB91C60A1
S3150800E4C02260BDE810402BF048BB1B68A342F4D17C
S3150800E4D010BD00BF4024002070B505460E46054B0A
S3150800E4E01C6804B970BD6368314628469847246895
S3150800E4F0F7E700BF402400202DE9F0474FF6FC77E8
S3150800E50000251646DFF8748003311A4B08EB001411
S3150800E5100F404FEA001A1B686280814628F80A7085
S3150800E52002FB07F0E560984717FB06F39BB2024625
S3150800E53060602381E0B11049204651F829101BF08C
S3150800E54079FE29462289606829F0A7FE29462B46C6
S3150800E5509E4205DC0020D044A8F80260BDE8F0879A
S3150800E5606268E068551850500133E5603944EFE7B2
S3150800E5701A20F3E74424002074EB03084C240020F7
S3150800E58010B5094C04EB001463682BB120461BF048
S3150800E59053FE60681EF089FF2046BDE81040102231
S3150800E5A0002129F07ABE00BF4C240020034B02014B
S3150800E5B0C3E900100021024829F06FBE4424002058
S3150800E5C04C2400200022024BC3E90022704700BFFA
S3150800E5D04424002038B5094B020103EB0014E56812
S3150800E5E0204629469A5A1BF028FE25B12B68E36077
S3150800E5F06388013B6380284638BD00BF4C24002051
S3150800E600024B03EB00139878704700BF4C24002098
S3150800E610054B03EB0010C3680B604388C1600133E8
S3150800E62043801BF00BBE00BF4C240020044A0101A6
S3150800E63002EB0013505A10B11B89B3FBF0F0704778
S3150800E6404C24002038B5124D2B78FBB9114B002805
S3150800E65008BF1846046804B91C680D200E49FFF760
S3150800E660A5FF5423B4FBF3F200235121184692B2B6
S3150800E670FFF742FF044620B1FFF7A4FF19242046FE
S3150800E68038BDFFF781FD01232B70F8E71224F6E762
S3150800E690E732002068A30308A9E6000801490846EE
S3150800E6A01BF0C6BDA8EB0308012838BF012038B502
S3150800E6B0C41C24F0030420461BF0EBFE0546014665
S3150800E6C0224608481BF0B9FD2DB921460220FFF75E
S3150800E6D003FF284638BD22460021284629F0DDFDDD
S3150800E6E0F7E700BFA8EB030830B5427E037E044671
S3150800E6F0B2EB931F4FF0000589B03CD25200214877
S3150800E70021491341CDE9040103F00303E17D2533D3
S3150800E71004A88DF81930CDF81A50ADF81E508DF8AA
S3150800E720181000F035FD627ECDE90155A38A0395E0
S3150800E7300AB9DA071CD5012223F001039BB2A3828A
S3150800E7408DF8082003F00C03003B18BF0123A27DB7
S3150800E7505B0001A88DF80A308DF809201FF007F92B
S3150800E760206A21F05BFB637E0133637609B030BD16
S3150800E77022680192E6E74577312009B0BDE83040C6
S3150800E78005F0AABAD6BE898E55555500212810B56A
S3150800E7900C460ED18B8A9B0707D4084805F036FA33
S3150800E7A02046BDE81040FFF79FBFBDE8104005F0C2
S3150800E7B02DBFBDE810401EF0B7BE00BFC1E7000878
S3150800E7C0F0B553280C4685B00FD0552874D051287B
S3150800E7D078D18B8A03F00C03002B6DD00120897D3C
S3150800E7E005B0BDE8F04000F071BA0027204603A93D
S3150800E7F003971EF05CFE054600285BD0037803F0FD
S3150800E8000F03032B2BD1206A21F003FBA18A0646AE
S3150800E810C1F38001284621F0ADFB00284AD12946DC
S3150800E82080233246204621F06FFB0546002841D159
S3150800E830274805F0EBF9294604F1240021F005FAEA
S3150800E8400646A17D284600F02BFA304621F0E6FA66
S3150800E8502046039905B0BDE8F0401EF058BE052BCA
S3150800E86028D1206A21F0D5FAA18A04F14803019338
S3150800E870C1F3801306460093C1F300123B462846AF
S3150800E880C1F3C00121F07EFBA0B929464FF480737D
S3150800E8903246204621F038FB054658B9039821F040
S3150800E8A004FA00F0A3FB3120657705B0BDE8F04017
S3150800E8B005F012BA00F09AFB204605B0BDE8F04014
S3150800E8C0FFF712BF05B0BDE8F0401EF02DBE00BF31
S3150800E8D0D5E80008512810B50C4607D1054805F0BB
S3150800E8E095F92046BDE81040FFF7FEBEBDE810408A
S3150800E8F01EF01ABEC1E700080120014905F074B9E7
S3150800E9008DE7000821281FB50C4634D11C4805F0B0
S3150800E9107DF904F1100000F03BFC94F8240021F086
S3150800E9206DF994F82030626813F0010394F8221008
S3150800E93012D00023CDE90233A36868461344019335
S3150800E940012300928DF80A308DF80B108DF80C30E3
S3150800E95000F0DEF904B010BDCDE9013302236846A4
S3150800E96000928DF805108DF806301FF000F8204645
S3150800E9701EF05FFEEEE704B0BDE810401EF0DCBDF9
S3150800E9809FD602080320014905F02EB905E90008BB
S3150800E99037B5174D0446EB6993F87D2012B9002068
S3150800E9A003B030BD01281AD002280CBF022201226A
S3150800E9B08DF8042001228DF805209A6F286922F027
S3150800E9C044029A6701A928F075FB0028E8D1012CB2
S3150800E9D007D1EA69936F43F040039367DFE70422A0
S3150800E9E0E6E7022CDBD1EA69936F43F00403F4E708
S3150800E9F0280B002037B5184D0446EA6992F87D3091
S3150800EA0013B9002003B030BD01281CD002280CBF62
S3150800EA10022301238DF8043001238DF80530936F06
S3150800EA20286923F4805323F00203936701A928F089
S3150800EA3057FB0028E6D1012C07D1EA69936F43F00A
S3150800EA4002039367DDE70423E4E7022CD9D1EA69D8
S3150800EA50936F43F48053F4E7280B00200422F0B5A3
S3150800EA601D4E0546F36985B083F87C2040791EF073
S3150800EA706CFF2C79074694B1A879FFF789FF0446FD
S3150800EA8038BB01466A7901201EF039FF3B4622460B
S3150800EA907179306905B0BDE8F04028F0AFBA2B6847
S3150800EAA06879039402931EF050FF0090224671790C
S3150800EAB0306902AB28F0A4FA044650B9A879FFF7E2
S3150800EAC067FF044628B9024601216B7928681EF0BB
S3150800EAD017FF204605B0F0BD280B0020014B18692A
S3150800EAE028F0F3BB280B0020014B186928F0EFBB70
S3150800EAF0280B0020F8B52BF035F80646164FFB69AB
S3150800EB0093F86F4093F86E300434E41AE4B20CB903
S3150800EB10042507E001201EF0E0FA014688B9C4F191
S3150800EB200405EDB230462BF018F844B1FA694FF0F7
S3150800EB300060936F43F01003936705F0E9F92846E0
S3150800EB40F8BD06481EF010FAFA69013C92F86E30D4
S3150800EB50013382F86E30D9E7280B00203C0B0020E1
S3150800EB602DE9F843DFF86C800546D8F81C3093F891
S3150800EB706E4093F86F30E41AE4B298B12AF0F2FFC7
S3150800EB802E460746306820B1042C0ED130461EF0BA
S3150800EB9009F929680E481EF0DDF938462AF0DDFF26
S3150800EBA000232B602046BDE8F883D0F800901EF0BD
S3150800EBB08AFA3368D8F81C20C3F8009092F86E30A9
S3150800EBC0013401333668E4B282F86E30DAE700BF02
S3150800EBD03C0B0020280B00202DE9F0414FF00008DF
S3150800EBE082B00546CDF8048038B3154F01AC0AE06B
S3150800EBF023601B687B612368C3F800802668453D4F
S3150800EC00002D344610DD7B69002BF1D101201EF062
S3150800EC1064FA064620600028F1D101A8FFF7A0FF94
S3150800EC20304602B0BDE8F081019E3046737943F064
S3150800EC300103737102B0BDE8F0810646F5E700BF2F
S3150800EC40280B002008B505F00BFB024B1030D861E5
S3150800EC5008BD00BF280B002038B504460A4DFFF74B
S3150800EC60F1FFEB692A689A6764B1A08804F040FF4F
S3150800EC7004F05AFF0122EB6983F87C20FFF73AFF7C
S3150800EC80002038BD0120F3E7280B0020034BDA6982
S3150800EC90936F43F480339367704700BF280B0020B7
S3150800ECA0042238B5084B0D46DB6983F87C20FFF74C
S3150800ECB06FFE044608B100F023FC2A460021012015
S3150800ECC01EF01DFE204638BD280B0020022238B54E
S3150800ECD0094B0D46DB6983F87C20FFF78BFE04465B
S3150800ECE008B100F00DFC2A46002101201EF007FE9F
S3150800ECF01EF028FE204638BD280B0020034A13685C
S3150800ED0023F40043136000F0D1BD00BF280B002098
S3150800ED107FB52D4E0446F569102295F87C30002102
S3150800ED20022B14BF02230823684685F87C3029F095
S3150800ED30B4FA237A002B3DD001238DF8043063689A
S3150800ED400293A37A53B195F87D0004F0BBFE029BAB
S3150800ED5002881344029301238DF80D30637A207BD1
S3150800ED608DF80E30FFF746FE0546C0B9E07A1EF06C
S3150800ED70ECFD6A4603467179306928F043F9054681
S3150800ED8068B9F369227AB3F87A10E37A01F00101D7
S3150800ED909AB11A4601201EF0B2FD1EF0D3FDF269A3
S3150800EDA0936F23F48033936715B1284600F0A8FBC8
S3150800EDB004B070BD23680093C1E70A4620680121A4
S3150800EDC01EF09EFDE9E700BF280B0020F0B51B4B9F
S3150800EDD087B0DD6995F86C4004EBC404A600AF590A
S3150800EDE005EB840417B1204607B0F0BD1A79A7735E
S3150800EDF06273032101AA1869A76028F0CFF9A85100
S3150800EE002046039A049B1036AA513544BDF80820BB
S3150800EE109DF804106B60BDF806300729A3EB0203C2
S3150800EE20638308BFA368228308BF43F00103A7834F
S3150800EE30276208BFA36007B0F0BD00BF280B0020FB
S3150800EE4083689B0700D5704730B5154D87B00446D3
S3150800EE5001686A46286928F0A3F950B9238B628BA2
S3150800EE606946134403332869ADF8043028F09AF943
S3150800EE7008B107B030BD009B9DF90E00636000F035
S3150800EE8005FD2073EB699DF8111093F87D0004F0D9
S3150800EE900DFEA368A07343F00203A36007B030BD5C
S3150800EEA0280B0020F8B54FF6FF741E46A142038BC7
S3150800EEB0B0F81AC008BF818B9C4418BF818361458E
S3150800EEC0054636DA4FF6FF708242ACEB010C02D0EB
S3150800EED09445A8BF94468B421FFA8CF407D800279E
S3150800EEE0A74216D3AB8B38463B44AB83F8BD5B1AB7
S3150800EEF0A342A8BF23462A69304611449AB2174648
S3150800EF001EF046FA80B2B84218D1298BA7420B46A2
S3150800EF10E8D23046C91AE61B6B69B6B2324613FA0E
S3150800EF2081F11EF035FA80B2361AB6B226B92746EE
S3150800EF30D8E700273846F8BD384480B20746AB8B79
S3150800EF401844A8833846F8BDF8B524260F4FFC693F
S3150800EF5094F86D3006FB034421461EF011FD054664
S3150800EF602AF000FE0022F969226291F86D305E43AC
S3150800EF708A5103220133B3FBF2F202EB42029B1AD7
S3150800EF8081F86D302AF0E9FD2846F8BD280B0020E7
S3150800EF902421044BDB6993F86C2001FB02311EF037
S3150800EFA0EFBC00BF280B002010B5094CE369986F29
S3150800EFB010F400700AD0206928F00CF930B9012144
S3150800EFC0206928F005F980F00100C0B210BD00BF25
S3150800EFD0280B0020044BDA69926F920503D50021AD
S3150800EFE0186928F0F5B87047280B002010B5154C9D
S3150800EFF0E36993F87C30012B08D0002211461046AD
S3150800F0001EF07DFC0122E36983F87C20012203219E
S3150800F010206927F0EEFF00220121206928F0C4F8B4
S3150800F020FFF7D8FF00201EF094FC1EF094FC002089
S3150800F0301EF092FCE269936F23F4847343F4C04391
S3150800F040936710BD280B002010B52AF08BFD0446E7
S3150800F050FFF7CCFF074B5620DA69B2F87630013352
S3150800F060A2F8763004F080FE2046BDE810402AF06B
S3150800F07074BD00BF280B002010B5114CE269936FD0
S3150800F080190704D523F008039367FFF7DDFFE26944
S3150800F090936FD80604D523F010039367FFF72AFD6C
S3150800F0A0E269936F990609D523F02003936705F063
S3150800F0B0E3FA18B1BDE81040FFF7C6BF10BD00BFA0
S3150800F0C0280B002008B5FFF791FF00F0EFFB094A6F
S3150800F0D01368D16923F40043136053690022501C56
S3150800F0E023B981F86E2081F86F3008BD02461B6887
S3150800F0F0F5E700BF280B0020014B186928F07AB8FD
S3150800F100280B0020002208B5104611461EF0F7FB12
S3150800F110034B18690EF0FAFA1EF01AFC08BD00BF78
S3150800F120280B0020024B5878C0F38000704700BFB8
S3150800F130280B002038B5154C0546E36993F87D3051
S3150800F14083420ED0431E042B08D8DFE803F0030BD6
S3150800F1500F14160020690EF00BFF10B9E36983F847
S3150800F1607D5038BD20691EF0F9FBF6E700212069BD
S3150800F1701EF0F6FBF1E70221F9E7FFF7D3FF0028B7
S3150800F180ECD020691EF0EEFBE7E700BF280B002055
S3150800F1907FB50446114E407A002530711EF090FB6B
S3150800F1A07071207AFFF7C6FF636869460093236883
S3150800F1B030690193637A8DF80A50ADF80830ADF8D6
S3150800F1C00C5028F0D6F82A46294628461EF0B9FBE0
S3150800F1D020681EF0BFFB04B070BD00BF280B0020DE
S3150800F1E038B50B4C05462368206923F480632360F1
S3150800F1F028F06FF838B10DB9002038BD236843F4FC
S3150800F20080632360F8E7002DF6D00C20F5E700BFF1
S3150800F210280B0020F0B53B4C0746216889B011F051
S3150800F220010165D12022204629F037F8364827F013
S3150800F230F3FE064610B1102009B0F0BD334D344B2D
S3150800F24001A82B6005F010F8029B2046AB82019BB3
S3150800F25032462B622F4B29461B886B822E4B1B6826
S3150800F260EB612E4B1B882B822D4B1B68AB614FF035
S3150800F270FF3340F8103F0EF0EDF90028DBD1BB68EC
S3150800F280DB0237D4012000F047FB0028D3D1022245
S3150800F2904FF0FF31206927F052FF0028CBD101201B
S3150800F2A0FFF79EFF206928F039F80028C3D11D4EC4
S3150800F2B001AD0FCE0FC596E8070085E8070020695F
S3150800F2C001A90EF0D1FA0028B5D1012120690EF066
S3150800F2D027FA0028AFD1144A144920691EF011FBF9
S3150800F2E000F058FA0028A6D1236843F001032360EA
S3150800F2F00020A1E70E4920690EF0EAF90028C1D0DE
S3150800F30099E700BF280B0020690345EC1C2500205F
S3150800F31029F50008E4EF0308E8EF0308E6EF030819
S3150800F320ECEF0308B8EB0308BDD80208EBD80208CF
S3150800F330B2EB030870B505460E4614460AB11EF030
S3150800F34002FB0448234632462946BDE87040006958
S3150800F35027F022BF280B0020F8B505460E46FFF712
S3150800F36035FD2F680446CFB9638B008B18440A30E5
S3150800F37080B2FFF731FC0346286000B382790C326D
S3150800F3801344A2681A71618B228BDF710A441A81B1
S3150800F3900D4A0A2112799A711DF0D4FC4FF6FF71B5
S3150800F3A02B68B2B22046FFF77DFD074A5369D1693B
S3150800F3B00022501C23B981F86E2081F86F30F8BD01
S3150800F3C002461B68F5E700BF280B0020242238B543
S3150800F3D005460B4BDC6994F86C3002FB0344204667
S3150800F3E0FFF72EFDAA790C32AB18197941F0020104
S3150800F3F019716168A950227B5A71A27BDA7138BDEE
S3150800F400280B0020024BDB6993F87D00704700BF8C
S3150800F410280B0020044BDA69936F034393674FF078
S3150800F420006020F0B6BC00BF280B002038B501F0FC
S3150800F430D7FF324C28B3857D25BBE36993F87C203A
S3150800F440022A10D1B3F8722053200132A3F8722091
S3150800F45004F08AFC01201EF07FFA2421E26992F862
S3150800F4606C304B43D550E26992F86E3092F86F20B3
S3150800F4709B1ADBB2032B40D8BDE838401020FFF7B3
S3150800F480C9BFFF25284604F0B7FB002831D0E36939
S3150800F49093F87C20022AE6D1B3F872205320013271
S3150800F4A0A3F8722004F060FC01201EF055FA2368C8
S3150800F4B01D0407D5E36993F87C30012B02D052204E
S3150800F4C004F052FC2422E16991F86C305A438818FA
S3150800F4D08068C0F38005400741BF03220133B3FBB0
S3150800F4E0F2F202EB420246BF9B1A81F86C308D504D
S3150800F4F0B9E7322004F038FCB5E738BD280B002000
S3150800F50038B505462AF025FB0446064B0820DB6974
S3150800F51083F87E50FFF77EFF2046BDE838402AF084
S3150800F52013BB00BF280B0020F8B515461C46064637
S3150800F530194610461EF00BFA2A46234630461EF098
S3150800F54069FA4E4ED6E9022300EA020401EA0305E7
S3150800F5500D2C75F100034DD20D2C75F1000318D34F
S3150800F560474B23402BB124F0011323F4A0432B432C
S3150800F57076D004F17F432B4365D0610152D5F369F8
S3150800F580996FCA054ED521F4807193F87C20996746
S3150800F59026E00C2CE4D801A353F824F0F3F5000870
S3150800F5A061F5000861F5000861F5000841F60008F4
S3150800F5B061F5000861F5000861F50008D7F500084F
S3150800F5C061F5000861F5000861F50008D1F5000845
S3150800F5D000201EF0C1F9FFF729FFF36993F87C2094
S3150800F5E0082A04BF022283F87C20204629461EF0FA
S3150800F5F089F9F8BDA4F58043083B2B43B0D1FFF742
S3150800F60015FFF36993F87C20022AE9D140F6020136
S3150800F610986F814318BF0122552083F87C2004F097
S3150800F620A3FBDAE72AF095FA64220746F36908206D
S3150800F63083F87E20FFF7EEFE38462AF085FACCE7F7
S3150800F6401EF08BF9C9E7F2695120B2F87030013320
S3150800F650A2F8703004F088FB01201EF07DF9BCE7A3
S3150800F660F36993F87C20012ABFD040F60202996F0D
S3150800F6708A4314BF01220222CEE700BF280B0020CE
S3150800F6800150010030B50C460021054685B00948F1
S3150800F6900091006903AB0DF10E02F9F727FC15B1CD
S3150800F6A0BDF80E302B8014B1BDF80C30238005B0A0
S3150800F6B030BD00BF280B002013B504460DF1060126
S3150800F6C00020FFF7DFFFBDF90600074BC828A8BFD3
S3150800F6D0C820A042A8BF2046B3F904209042B8BF6C
S3150800F6E01046588002B010BD3A32002070B586B078
S3150800F6F0ADF80C20ADF80E304FF0C8124FF082135B
S3150800F700ADF80800ADF80A1000200DF10601CDE9A4
S3150800F7100423FFF7B7FF02A804220346BDF90660D3
S3150800F72004ACB0F9001034F9025BB142A8BF314607
S3150800F730A942A8BF2946013A12F0FF0220F8021B87
S3150800F740EFD103CB034AC2F80600C2F80A1006B086
S3150800F75070BD00BF3A32002013B5044600210DF1F2
S3150800F7600600FFF78FFFBDF90600084A084B9042CE
S3150800F770B8BF1046A042B8BF2046B3F9022090424F
S3150800F780A8BF1046988002B010BD00BFD4FEFFFF88
S3150800F7903A32002038B5144B002118691AF0E6FFF2
S3150800F7A00446E8B947F6FF7310498D1E086048609D
S3150800F7B08860881C21F8023CFFF764FFB5F904202D
S3150800F7C0B5F902309A420DDCC820FFF775FF0848E4
S3150800F7D0FFF7C2FF64231A4619461846FFF786FF45
S3150800F7E0204638BD1024FBE7280B00203C320020B9
S3150800F7F0D4FEFFFF084B10B5B3F9024030B903EB4E
S3150800F8004103B3F904309C42A8BF1C46A242A8BFD4
S3150800F8102246104610BD00BF3A3200200346044A6D
S3150800F820B2F904001BB1034B1B8BC01A00B2704718
S3150800F8303A320020280B0020C82838B50EDC084BC1
S3150800F840084D1A8B801AB5F9002004B2A24205D0D9
S3150800F850214618690EF0A4F900B92C8038BD00BFFE
S3150800F860280B00203A3200208BB200294FF00A01FB
S3150800F870B4BF053B05339BB21BB293FBF1F3024AB7
S3150800F88010835383704700BF280B0020024B5B8B05
S3150800F890C01A40B2704700BF280B0020024B1B8BD2
S3150800F8A0C01A00B2704700BF280B00200022044B84
S3150800F8B0DB691A605A629A64A3F86C20704700BF25
S3150800F8C0280B00200A4B418BDA6992F86E3092F8C1
S3150800F8D06F209B1A5BB203EB031203EB8203028BC6
S3150800F8E050180A30834234BF00200120704700BFF9
S3150800F8F0280B0020074B418BDA69038B0B44452103
S3150800F9004E33B3FBF1F392F86F100B4482F86F3065
S3150800F910704700BF280B002007B50A490A4AD1E9F3
S3150800F9200203024343F02003C1E90223CDE9002381
S3150800F9304FF0FF324FF0FF33086927F0D3FB03B0CF
S3150800F9405DF804FB280B00200DD50155014B1870F6
S3150800F950704700BFA13A0020054A08B5926882425E
S3150800F96005D0427942F0030242710DF0B5FB08BD9D
S3150800F9704025002010B507481DF014FA054B1C4613
S3150800F980181D1DF00FFA04F10800BDE810401DF01F
S3150800F99009BA00BF4025002010B502201DF09DFBC6
S3150800F9A0034C606002201DF098FBA06010BD00BFEC
S3150800F9B04025002008B5FFF7DDFF0022024BDA607C
S3150800F9C0BDE80840FFF7E8BF40250020014B58680E
S3150800F9D0704700BF40250020014B9868704700BF5C
S3150800F9E04025002038B5104DEB681BB1EB689847E9
S3150800F9F00023EB602B688BB10B481DF0F2F9044627
S3150800FA0060B12B681BB14FF0004020F0C2F92046C8
S3150800FA101EF02FF818B120461EF02DF838BD2046E6
S3150800FA2021F028FFFAE700BF4025002010B5084C52
S3150800FA30E0604FF0004020F0ACF900BF00BF00BF07
S3150800FA4000BFE3681BB1E36898470023E36010BD75
S3150800FA504025002038B5827943790244527B044612
S3150800FA6012F0300F06BF23F0020343F0010303F040
S3150800FA70FC0343712AF076F80546214605481DF031
S3150800FA8069FA4FF0004020F084F92846BDE838406E
S3150800FA902AF063B8402500202DE9F041244E0021C4
S3150800FAA07468FE20A57901F0A1FE074600F02AFA3F
S3150800FAB050B141F20C00C2B20023B06842F205010F
S3150800FAC0BDE8F0411EF025B800F042FA0028F0D152
S3150800FAD00C352C44237AE51C9B09022BE9D0012B13
S3150800FAE018D9237AA11C03F03F02073443F0C00358
S3150800FAF011F8010F8C4242EA000203EA0003F7D12B
S3150800FB00002AD6D0FF2BD4D057B9284620F0E9F8DA
S3150800FB100020D0E7294620F0F7F80028E1D0C8E70A
S3150800FB20294638461EF01BFE0028EED0C3E700BF64
S3150800FB3040250020F0B5184E85B07568AB790C33B2
S3150800FB401D4404F081FAB5F80920B5F807108A4271
S3150800FB501FD8032A1DD903291BD96F79CFB1C043F2
S3150800FB6060F0050010EA070413D1EB78A879CDE90F
S3150800FB7001742C79009400F065F900280CBF0C225A
S3150800FB80002242F24101B06805B0BDE8F0401DF020
S3150800FB90F6BF1122F5E700BF4025002010B50D4C31
S3150800FBA0626893790C331A441179D078003918BFF2
S3150800FBB001210038B2F8073018BF0120B2F8052035
S3150800FBC000F0CEF942F242010246A068BDE81040B4
S3150800FBD01DF0D5BF4025002010B5084C6068837914
S3150800FBE018440F3004F0E8F80023A0681A46BDE868
S3150800FBF010404FF628411DF08CBF00BF402500205D
S3150800FC00F8B507460D4616461C4623B901201DF0D1
S3150800FC1064FA0446C8B106220C2120461DF094FF5A
S3150800FC20691EC9B2032988BF0022A37998BF074A6B
S3150800FC3003F10C0398BF525C234420469F80DE7074
S3150800FC40DA719A71FFF788FE0120F8BDD4EB030834
S3150800FC50F8B5FFF7BBFE83791844B0F80F60B0B269
S3150800FC6002F0B8FD0446C0B11FF049FD0138C0B224
S3150800FC70032814D800270B4B1C5CFFF7ADFE05467E
S3150800FC8004233A4642F230011DF043FFAB790C33A8
S3150800FC90E818C68004724472F8BD0227EDE700240E
S3150800FCA02746EAE7D4EB03082DE9F0411D4613433E
S3150800FCB007460C461646BDF8188006D12046BDE80C
S3150800FCC0F0411A4619461EF0CEB84146204621F0A4
S3150800FCD0EDFE78B1214638461FF083FA4023867434
S3150800FCE0C5742146069338464346BDE8F041024AA4
S3150800FCF021F002BFBDE8F08143DF0208F7B50E46E2
S3150800FD0005461FF0F9FCB37900780C3333445F7865
S3150800FD109B7800EA10101F4038401EF06CF8044625
S3150800FD2068B928461EF070F838401EF064F8044694
S3150800FD3028B928461FF0E3FC03F0AEFE0446284621
S3150800FD4000211FF06CFB1721304621F08BFE304650
S3150800FD5021F079FE314644708470284621F068FE09
S3150800FD60032128461FF094FA4022034600922946AA
S3150800FD700020024A21F0C0FE03B0F0BDF7DE0208FB
S3150800FD8008B581B2074821F019F9012001F0FCF9FC
S3150800FD9030B9054A137D59075CBF43F00203137552
S3150800FDA008BD00BF58250020502500204FF010132D
S3150800FDB070B51F4C0025A3644FF4E0632046012666
S3150800FDC0A4F84C301B4B43F6FF71E3651A4B65628A
S3150800FDD040F8583F84F860601DF01FFE04F034F9BF
S3150800FDE04FF48073A4F85230144B84F85600A3617C
S3150800FDF0134BA4F84E601A6884F85150A4F8B860FA
S3150800FE0084F8B5502575137852782946134433413A
S3150800FE1004F108006375A4F8C050A4F8B65021F0A0
S3150800FE20CDF8294604F19400BDE8704021F0C6B823
S3150800FE305025002055555500D6BE898EEFE002089C
S3150800FE40B82600202DE9F8432D4C9946636A0F46DB
S3150800FE50D90715469DF824609DF828804DD40028BA
S3150800FE603AD004F1240353E8003F43F0020304F1B7
S3150800FE70240141E80032002AF3D1626A9DF8203055
S3150800FE8022F4C07242EAC312052E626284F85460F4
S3150800FE9007D1FFF747F968B96D00ADB2BD4228BF73
S3150800FEA03D4694F854309A0722D413F0040F14BF31
S3150800FEB003260126636A84F86060A4F84870A4F8EB
S3150800FEC04A5084F84C90B8F1000F13D043F48013CD
S3150800FED001206362BDE8F88304F1240353E8002F88
S3150800FEE0194622F0020241E80023002BF4D1C4E7A8
S3150800FEF00226DFE723F48013EAE70020EAE700BFDB
S3150800FF0050250020024B93F82400C0F38000704768
S3150800FF105025002008B5FFF7F5FFB0B10B4B586A1E
S3150800FF2020F0040210F001005A6203D1BDE808402F
S3150800FF3000F0D2BC00F0A6FD1DF0D5FD00F058FA81
S3150800FF40BDE80840002000F0EBBC08BD50250020A5
S3150800FF50024B586A00F00100704700BF5025002088
S3150800FF6070B54A4C1646636A03F0010288B972B145
S3150800FF7029F0F8FD0546606A20F0010210F0040039
S3150800FF80626201D100F0A8FC284629F0E6FD0020AF
S3150800FF9070BD002AFBD19B0704D5236B03B3012050
S3150800FFA000F004FB94F84C3003F0FD03012B1FD03E
S3150800FFB029F0D8FD05460EB304F1240353E8003FA3
S3150800FFC043F4804304F1240141E80032002AF3D1C6
S3150800FFD0FFF792F842F2107303FB0600606319E01C
S3150800FFE002201DF07AF820630028D8D10720CFE731
S3150800FFF01FF0A3FE0028DBD11220C9E704F1240371
S3150801000053E8003F23F4804304F1240141E8003218
S31508010010002AF3D104F1240353E8003F43F0010316
S3150801002004F1240141E80032002AF3D1636A13F08E
S315080100300403A9D140F27122E363B4F84A30E260BD
S31508010040023B534323611DF039FC0323B0FBF3F351
S3150801005003EB4303C31A253384F8613000F0D4F95E
S31508010060FFF74AF860602064B4F8C000002808BFAA
S31508010070F520FFF785FE064B04481A68137852786F
S3150801008013445B1063751EF033F97DE75025002094
S31508010090B8260020F0B5244C87B0A06A00B3E76AF9
S315080100A0BE7902F0AFFB0C36BA5DBD190223FF26F5
S315080100B0CDE9043695F8233000215B090393AB8B10
S315080100C0D20902936B8B80B201932B8B009305F1B6
S315080100D0080321F06AFAA06A02F03EFE0023A36231
S315080100E0E06AFEF787F80023E362636A23F00402F5
S315080100F0D907626208D594F85450052D06D1FFF741
S3150801010011F818B184F8605007B0F0BD94F854306E
S315080101109A0707D413F0040F14BF0323012384F8A5
S315080101206030F1E70223FAE75025002013B5154C94
S3150801013029F018FD236A01930023236229F00DFD96
S31508010140019BA3B9636A1A0406D51DF041FDA0B146
S31508010150636A23F400436362636A1B0305D5FFF7E9
S3150801016099FF636A23F40023636202B010BD01A8F4
S315080101701CF037FE1DF0A2FDE2E74FF080401FF0AC
S3150801018008FEE9E75025002037B505460846114619
S31508010190254A526A02F41072B2F5107F04D1022B75
S315080101A040D0032B08BF01230193162300F0010257
S315080101B00093284605231DF0DBFFAC7921F0BBFB34
S315080101C00C342C440321C4F80E0004F1120006F085
S315080101D061F8BDF8203004F11E002383BDF82430F0
S315080101E0E38202236375BDF818306383BDF81C30BA
S315080101F0A38304F085FC0C22A37CB3FBF2F102FB7A
S31508010200113394F82320053363F3040284F8232079
S3150801021003F082FC94F8233060F3471384F8233003
S3150801022003B030BD0023BFE7502500202DE9F0417A
S31508010230054686B00020884617461CF04EFF06463E
S31508010240002800F0BA805E4CC4F82880687810F05F
S31508010250010000F0998004F1240353E8003F43F0BC
S31508010260400304F1240141E80032002AF3D12A7936
S31508010270636A023A012A00F2948043F400736362C6
S3150801028080F001004FF000081DF021FC05AB029338
S3150801029004AB0193EB89CDE904880093AB89EA8A1B
S315080102A0A98AA06A03F0B0FB40F2E242059BCDF8A9
S315080102B00C80B3FBF2F39BB202936B8A304601932F
S315080102C02B8A6A1D0093A9782B79FFF75DFFB3790D
S315080102D0049A33441A63E66229F044FC064640460A
S315080102E000F064F9636A43F004036362354B1A68E4
S315080102F09379D27913445B106375EB7803F005059E
S31508010300052D84F8553051D1FEF70CFF00B90325A8
S31508010310636A84F8605013F001022ED1E263002F5C
S3150801032048D043F48013B4F8C0006362002808BFBC
S31508010330F520FFF725FD40F27122B4F84A30E26054
S315080103405343A3F5E17323611DF0B8FA0323B0FB08
S31508010350F3F303EB4303C31A253343F6FF711A4834
S3150801036084F861301DF059FB00F04EF8FEF7C4FE23
S315080103706060206412481DF0BBFF304629F0EDFB92
S31508010380002006B0BDE8F08104F1240353E8003FDC
S3150801039023F0400304F1240141E80032002AF3D195
S315080103A065E723F40073002063626BE75B07AED44D
S315080103B00125ADE723F48013B5E70720E1E700BF80
S315080103C050250020B8260020A825002001238340B7
S315080103D0DB43064901F1240252E8002F1A4001F1D4
S315080103E0240C4CE800200028F4D170475025002041
S315080103F0044A4FF08040536A43F4002353621FF0C6
S31508010400C8BC00BF5025002038B5FFF7A1FD184D1F
S31508010410044608B195F85440FFF774FD10B195F8F4
S3150801042055301C4304F00504052C0DD1FEF77AFE60
S3150801043050B995F86030012B03D1032385F8603054
S3150801044038BD012385F8603095F8613095F84D106F
S31508010450253BDBB20133DBB2032B28BF002341FA6C
S3150801046003F2D207F6D5253385F86130E8E700BFF0
S315080104705025002008B5FEF73FFE054A516C506429
S315080104800B1A002BBFBFD36B5B1A1B18D36308BDAE
S315080104905025002040F271232DE9F041414C0E46CA
S315080104A0E36018B1237D43F00803237540F27125F3
S315080104B0FEF722FEB4F84870216C7D436B181B1AAF
S315080104C0A3F59672A7B1AA4212DD8D4210D86FF430
S315080104D096721344B3FBF5F3B1FBF5F2934228BFC9
S315080104E0134605FB1311A5F59672121A21640A44DF
S315080104F040F2712CB4F84A30D4F83C801F1F0CFB2B
S3150801050003F3E1682089984508440CFB07F72CBFDB
S315080105100021A3EB080116B10E1E18BF0126B84526
S3150801052000D316B1904200DAF1B9227DA3F5E17341
S3150801053022F0080223612275FFF766FF236CB8458E
S315080105401D444FF0000365602564E363164D18D218
S31508010550FFF7D8FC2B6810B3DA79197B637D5B1A30
S31508010560934218DA627507E0237D9142D4BF21616F
S31508010570226143F0080323750A48BDE8F0411DF0DE
S31508010580B7BEFFF7BFFC2B6838B19A791B7B617D33
S315080105900B449342E6DC6375EEE71A78F6E75A7878
S315080105A0DBE700BF50250020B826002038B50546F0
S315080105B00D4C80B10320FFF709FF002384F8513061
S315080105C00123A4F84E300420FFF700FFBDE83840A8
S315080105D01020FFF7FBBE0520FFF7F8FE012384F87C
S315080105E0B550A4F8B830EEE750250020324B70B567
S315080105F05A6A0D4631B316075CD503F1510603F164
S315080106004E0498B3D10624D52288012A21D9520845
S3150801061004202280FFF7DAFE1020FFF7D7FE238891
S315080106200BB9012323801DF049F92388B0FBF3F2A6
S3150801063002FB13003070002D3AD00320BDE870404C
S31508010640FFF7C4BE940635D503F1B50603F1B80420
S31508010650D7E703F1240252E8002F42F0100203F112
S31508010660240040E800210029F3D1D5E7D20312D5A9
S315080106702288B3F8521091420DD9520092B22280C3
S31508010680B3F852301020934228BF13462380FFF750
S315080106909DFE0420C1E703F1240252E8002F42F42B
S315080106A0803203F1240040E800210029F3D1F0E764
S315080106B00520C3E770BD00BF5025002070B58AB07C
S315080106C005466B464D4AAC7910685168127A03C3E0
S315080106D00C3408201A702C4403F02AFC20B101229C
S315080106E02846A11D1CF03AFB0021A3790DF1210032
S315080106F08DF80F30A37ACDF8211003F00F0303F11B
S3150801070028026A4412F8282C8180ADF810208DF849
S315080107102010062B12D8DFE803F0045911116811CD
S315080107205500374A02F1240353E8003F43F40053C6
S3150801073002F1240040E800310029F3D1A37A0DF132
S315080107401301C3F380138DF81230E3680DF112001B
S31508010750CDF81330238A09AEADF8173000231A46AF
S315080107601DF09FF9E3791C218DF819304FF47F4369
S31508010770ADF81A307F238DF81C30637928468DF839
S315080107801D300023ADF81E30AB7903AC1233AB71C3
S315080107901CF052FBAB792B440C33224603CAB242F6
S315080107A018605960144603F10803F6D11068294602
S315080107B0186014481CF0CEFB4FF080401FF0E9FA90
S315080107C00AB070BD0D20FFF701FEB7E7D4F8123065
S315080107D0CDF82130E38A8380EB79063BEB71A37A66
S315080107E0C3F3C0138DF82030A8E7054B5B6A9B0459
S315080107F044BF42F00102ADF810209FE754C2030836
S31508010800502500207025002070B583790C33C41853
S315080108102379DA0702D44FF0FF3070BDA37A03F0CB
S315080108200F05082DF7D8062D01D92846F5E7E27AEE
S31508010830911F1F29EFD8012D1FD10C2AEBD1244E68
S31508010840736A13F0060F01D1DB05EED41DF036F9F4
S3150801085020B91DF02AF90028E7D1DCE7A37A96F832
S315080108604C20C3F3C010B2EBD31FD4D104F112014B
S3150801087000F001001FF048FAEDE7042DD5D114491F
S31508010880144A486A0240002AC5D0096B0029CCD00F
S315080108908A79C3F380130C3288188A5CB3EBD21FAA
S315080108A013D104F10C010622083027F0CDFCB0FA69
S315080108B080F464091DF002F90028B6D1002CB4D1E0
S315080108C01DF0EAF80028B0DBA5E70024F2E700BF2F
S315080108D0502500200800040038B50E4D044600F0E6
S315080108E0D1F8286B18B1FDF785FC00232B631DF0A1
S315080108F0FAF8094804F086FAEB6A0BB1FFF778FDB6
S31508010900044884F001011DF0FFFCBDE838400348A6
S315080109101CF048BA502500205825002070250020D3
S3150801092038B51C4C0546237D23F00803237500F0D2
S31508010930A9F8B4F8C0302BB9A36813F4601F08BF2F
S31508010940A4F8C030134800211DF0DEFC124B606A82
S31508010950A361430406D485F001000021BDE83840AF
S31508010960FFF798BD626B6168521A002AF3DA20F024
S31508010970010242F4004210F00400626201D1FFF75D
S31508010980ABFF4FF080401FF004FAFFF7BBFA0028CF
S31508010990E1D138BD50250020EFE002082DE9F04FDE
S315080109A04FF0000B304C8BB0E66AA36AB779C4E9FD
S315080109B00ABB0C37F51901936B6A9046824689463C
S315080109C00393FEF713FBF35D05F108073946C3F3F5
S315080109D0C01308A88DF820301DF078F8FF238DF88C
S315080109E0213094F8253001A8C3F380030E358DF81C
S315080109F022308DF808B0049507978DF823A08DF855
S31508010A0024908DF8258002F015FA3046FDF7F2FBA1
S31508010A10636A23F02402D907626205D40120FFF72D
S31508010A205BFF0BB0BDE8F08F104B94F854501A6871
S31508010A30052D1378527813444FEA6303637502D17F
S31508010A40FEF770FB40B994F854309A070AD413F0AC
S31508010A50040F14BF03250125012084F86050FFF710
S31508010A605FFFDEE70225F7E750250020B8260020BC
S31508010A70034B5B6A13F0060F0CBFE220F1207047A7
S31508010A805025002008B500F0ABFC054B834206D182
S31508010A90FEF7ACFABDE80840002003F093B808BD9C
S31508010AA05025002070B51E4C1E4803F08BF894F8AB
S31508010AB0603094F861200021C8201FF02FFE0146FE
S31508010AC004F158001CF0A9FF04F158001FF0BAFA06
S31508010AD00022114610461CF034FF66686664FEF76C
S31508010AE00BFB0246FFF7C4FFB61AB6F5FA6F0546C1
S31508010AF00BDC00F031FB627DA0F5E17128461FF0A1
S31508010B00D6FABDE87040FEF74FBA666800F024FBD6
S31508010B103146A0F5E172637D28461FF0AAFAF0E78F
S31508010B2050250020710E010810B5FEF75FFA00F096
S31508010B3019FB40F2EE2398420FDDFFF799FF0446B1
S31508010B4000F00AFB084BA0F5E1715A7D20461FF01B
S31508010B50AEFABDE81040FEF727BAFFF78BFCBDE8F1
S31508010B60104000201DF0D1BA50250020F7B5104CD1
S31508010B70064694F851500F462DB10020013D84F8E0
S31508010B80515003B0F0BD0B4B02201B685978FEF794
S31508010B9087F894F84C303A46CDE900533146032399
S31508010BA0206B1DF0E5FA206B03F080FD0120E8E7D4
S31508010BB050250020B8260020094A02F1240353E8EB
S31508010BC0003F43F0080302F1240040E80031002900
S31508010BD0F3D1044B01201B685978FEF777B800BF9B
S31508010BE050250020B826002070B50A4C636A5B07B9
S31508010BF00DD58B790C33CD1850B9E879CE5829899A
S31508010C001FF074FA0644A6636B7984F8503070BDF8
S31508010C100120F3E7502500202DE9F04F17469846A5
S31508010C208F4B8BB0DD6A0491AC795B6A0C342A5D13
S31508010C30014061F345122A55394603F0400206463A
S31508010C4040460292C3F3801A1CF03AFF05EB040BE7
S31508010C500590285D0BF108031946C00903931CF09A
S31508010C602FFF029B8146002B45D1002845D11CF058
S31508010C7025FF80F00103DBB252463946404603F0B0
S31508010C8001031FF03DFA0390002800F08580029BBE
S31508010C90002B34D1B9F1000F6CD1059B002B69D01B
S31508010CA01CF0FDFE002865D0012208A90DF11F00E0
S31508010CB01CF008FF00286FD09DF81F302A5D591EC9
S31508010CC04B424B41B3EBD21F66D1062208A90BF161
S31508010CD0080027F0B9FA00285ED13B68CBF808303E
S31508010CE0BB88ABF80C302B5D68F3C7132B554FF057
S31508010CF0000AD1461AE00123BEE7029BBCE7584B1E
S31508010D005B6A98051CD44FF0000915F804A04846FB
S31508010D101CF0DDFE3B68CAF3801ACBF80830BB88A5
S31508010D20ABF80C302B5D68F3C7132B554C4F002ECF
S31508010D3038D197F8B530ABB3013B87F8B5302BE01E
S31508010D401CF0AAFE0028DEDB0022114610461CF024
S31508010D50B3FE15F804A081460028D8D00023022145
S31508010D601A460BEB01001DF0D9F92B5D60F38613CA
S31508010D702B55CCE708F1FF32D2F100082B5D48EB81
S31508010D800208B8EBD31F07D1062239460BF1080032
S31508010D9027F05AFA0028AAD00023039303980BB028
S31508010DA0BDE8F08FFEF7A8F9FB6A00F196019A797A
S31508010DB00BF10E0013441A6B9DF8503000961DF086
S31508010DC00FFA284B07461B68002E3DD10220597899
S31508010DD0DFF88C80FDF764FFD8F82C0003F066FC79
S31508010DE0D8F82C309A7913441F6386B31E4802F04B
S31508010DF0E9FE049AD8F8243072B343F48063C8F83C
S31508010E002430029B8BB986B92B5D3246C3F3C013D6
S31508010E100BF1080108A88DF820301CF053FE2B5D54
S31508010E209DF8202062F3C7132B55B9F1000FB5D0F1
S31508010E30002351461A460BF102001DF06FF92B5D8E
S31508010E4060F386132B55A9E70020D979C0E700F08E
S31508010E50C7FA064B8361CCE723F48063CFE700BF6B
S31508010E6050250020B826002035100108E5DA0208C9
S31508010E7053282DE9FF4718D005D8512800F0CE8010
S31508010E8004B0BDE8F087A0F15503012BF8D8553811
S31508010E9018BF01200121FFF7A9FBFFF7EBFA002094
S31508010EA004B0BDE8F0471DF030B9002402A84FF0A0
S31508010EB0FF310294FEF750FA02985C4D68B1FFF7CC
S31508010EC0A3FC0828064605D8594B13F8009019F0D3
S31508010ED0080F09D102A8FDF743FE6B6A13F0060F46
S31508010EE01FD0FFF721FE1CE0072821D16A6A12F4F8
S31508010EF08012EFD1284602991CF0EBFD0028ECD0B0
S31508010F001CF0F2FD68B1FFF7B5FA40F27122B5F8A7
S31508010F104A305343EA6B9A4203D201210846FFF746
S31508010F20B9FA0121084604B0BDE8F047FFF75EBBF0
S31508010F30029B039300F016F96B6A074613F0040344
S31508010F405ED019F002035BD0A0F56E73002B0EDD9F
S31508010F500120039A93790C331A44917A0090C1F3CC
S31508010F6080130C32C1F34011FFF756FE044603986D
S31508010F70FEF72CFA03990120FFF736FE6A6AD107B4
S31508010F8048D5039902F080088B790C3301EB030AE3
S31508010F901CF094FD80F001039AF80A00DBB24FEACF
S31508010FA0D8120AF10C01C0F380101FF0A9F848B352
S31508010FB0C4B96B6A9A0736D519F0010F17D0039889
S31508010FC01DF0C2F970B1A7F21657002F0ADD039872
S31508010FD083790C331844817A0C30C1F38011FFF7F9
S31508010FE0C5FD0446042E02D16B6A9B0712D519F07A
S31508010FF0040F0FD00398FFF761FB002C91D16CE722
S315080110001C46B4E7B8F1000F04D141461CF05CFD5B
S315080110100028CDD003A8FDF7A3FDEEE704B0BDE88F
S31508011020F047FFF7C9BD042EE1D1F3E750250020AB
S31508011030D8EB0308512808B50BD1084802F0C2FDC0
S315080110400122074B104693F95010BDE80840FFF7F7
S31508011050A5BCBDE80840FFF70BBF00BF710E01082C
S315080110605025002010B5074C2368DA0607D523F06A
S315080110701003236018B90220A1681CF044FC002360
S31508011080A36010BD14260020F8B50023027D04468E
S31508011090950703600CD550F8081FC90C01F4FC71BB
S315080110A041F005011FF090FF227D02F0FD02227535
S315080110B0A0681DF0F0F80546100703D5FEF71CF8E1
S315080110C028446060194F62683E4656F8041FAD1AF7
S315080110D079B921603460BB68E3B1607D597D884286
S315080110E019D2217D09070FD5BDE8F8400020FFF781
S315080110F0B9BF88681DF0CFF84B682B441B1A002B23
S31508011100E7DA0E460968E3E759681B690B449B1A37
S31508011110002BE9DAF8BDD3E901101DF0BCF8E36844
S315080111201A44521AC242F5D5DEE700BF142600203A
S31508011130014610B5044603201CF0E5FB054B1B6868
S31508011140D90305D4237D5A075CBF43F002032375EF
S3150801115010BD00BF14260020014BD868DC38704743
S3150801116014260020034B10B5DC68FDF7C5FFDC3CEF
S31508011170201A10BD1426002018220021014827F044
S315080111808CB800BF14260020034B1B6803EA0040F5
S31508011190003818BF012070471426002030B5B8B1B1
S315080111A04468ACB1104D2B691A4692B943B19A6895
S315080111B08A1A41BF5242B2FBF4F202FB04440919EE
S315080111C00A4C81604BB9036020602B7D01332B7576
S315080111D030BD8242FCD01268E7E79A68521A002AA3
S315080111E0F1DA1C461B68EDE71426002024260020A8
S315080111F040B1436833B1084B1A7D013A1A7553F861
S31508011200102F02B970471A68904202D102681A6013
S31508011210704713461268F4E71426002038B50446C9
S31508011220094D0846AB68A34201D1FFF71BFF6A685F
S31508011230064B22B11A68A24202D122681A6038BD49
S3150801124013461268F5E700BF142600201826002069
S315080112502DE9F3475C4E33685A0700F1B280B3684B
S31508011260002B40F0AE8056E8003F43F0040346E801
S315080112700032002AF7D17468B4B1FDF73DFF01AA1F
S3150801128007460146204625691DF00DF808B920468E
S3150801129021E0019BA5EB03082568ADB9636808F150
S315080112A0DC084344C6E9024356E8003F23F0040339
S315080112B046E80032002AF7D1B468002C4DD102B0B5
S315080112C0BDE8F047FDF71EBF3946284601AA1CF0BE
S315080112D0EAFF18B92846FFF72BFFCCE7D5E901A0A5
S315080112E01CF0D9FF2B7DAAEB0000DB0705D4019A78
S315080112F02B699B1AEA689B1A1844626802EB080371
S315080113001B1A002B25DD984504D9E368801ADC33BE
S3150801131083421DD994F8149019F0010F0DD1A068D4
S315080113201CF0B9FF2369E9681A44A2EB0A02E368CB
S31508011330521A121ADC339A420DDC6A7D637D9A428F
S3150801134007D219F0080FA2D0D5F80C802C4600E078
S3150801135080462D68A1E78846F8E7A36813F4601F5D
S31508011360C3F3C24526D100253368214643F010034D
S31508011370012033601CF0C7FA1DB3A36804F1080500
S3150801138013F4601F4FEAD341C3F3C24407D0013CAB
S31508011390E4B201F4FC71284621431FF015FE03212E
S315080113A0284603F049FD64B9284602B0BDE8F0476E
S315080113B003F028BD04F1080003F0DCFC0028D2D1B3
S315080113C0D2E702B0BDE8F0871426002008B5034B22
S315080113D0996809B11CF097FA08BD00BF14260020C8
S315080113E0014B9868704700BF142600200C4B70B556
S315080113F09C68844212D1214602201CF084FAD4E961
S3150801140001601CF048FF0546FDF776FE801BE842A1
S3150801141021464CBF012003201CF075FA70BD00BFA0
S3150801142014260020114B70B59D682C692E6816B9D3
S315080114306868204470BD727D6B7D9A420FD8B0688A
S315080114401CF029FF6FF0DB036A6871689B1A0B446D
S3150801145029691B1A8B42D4BFD0185018EAE73046BF
S315080114601CF06EFF0028EAD13668E0E71426002052
S31508011470884270B505460E46144621D0164B1B699F
S315080114800BB35B68B3FBF2F302FB03F085420CD89E
S31508011490814215D2B0FBF5F5B0FBF5F0B04228BF95
S315080114A03046B0FBF4F060430AE0B5FBF0F3DBB27B
S315080114B000FB03F2954204D89642304628BF1046EF
S315080114C070BD0133F3E71CF0A3FA731BB0FBF3F20B
S315080114D002FB13002844E1E714260020014B187883
S315080114E0704700BFE8320020437D0F4A1B01DBB27B
S315080114F082F82E3382F82F3382F8313382F830336B
S3150801150082F8323382F8333382F8343382F835334A
S3150801151082F8373382F83633037E23B9037D1B01FC
S31508011520DBB282F8223C704700E100E037B5054698
S3150801153002F010FD044698B92846FFF7D5FF2B8A15
S315080115400DF10601ADF804306B8A01A8ADF8063035
S315080115501CF007FF0122034B1A70204603B030BD69
S315080115600224FAE7E8320020982238B50546164BD8
S3150801157000211C6B2D0202FB0044204626F08DFE3D
S31508011580124B45F001051B6804F10800DB780021C0
S315080115906375E5821FF012FD4FF008236365132377
S315080115A0A4F858304FF60773A4F86030FF23084AA9
S315080115B084F86230074B2046C4E91E32C4E9223258
S315080115C0BDE838401DF0B2BC2C260020B826002004
S315080115D055555500D6BE898E10B50A4B98241A6BF7
S315080115E093F834000023803AD9B2884201D8002002
S315080115F010BD013304FB03F151580029F4D0012031
S31508011600F6E700BF2C260020034B1B6BC01A034BC1
S31508011610C0105843C0B270472C2600201BCA6B283D
S31508011620F8B580F85E2000221E1E0D460CBF4FF449
S315080116308C718C2180F85F20026A00F1080722F478
S3150801164080720262C2680446026101F26311384679
S315080116501FF0B4FC0120FFF797FD28B9237D5A072F
S315080116605CBF43F002032375A1683846C1F3C8413C
S3150801167041F0A0011FF0A8FC5DB140F27123B4F856
S315080116805620C2EB05125A43236A626243F48073F9
S3150801169023621EB1236A43F4002323620C4B1B68A1
S315080116A0DB78637528F05EFA237D064643F0080366
S315080116B0237525B1FDF720FD636A0344636220465D
S315080116C01CF016FE304628F048FA0020F8BD00BF87
S315080116D0B8260020F8B51F4683690446164613B195
S315080116E0C9B1002515E00029FBD01DF051F80546C2
S315080116F078B9B4F858309B0710D5E36B73B91BF06A
S31508011700ECFCE06350B9294620461DF0A4FB41F2E2
S3150801171007052846F8BD1DF09EFBE2E7044B3A464D
S31508011720A361314601232046FFF77AFFD9E700BFB7
S315080117300D24010838B5044600284CD0083003F0BA
S3150801174061FB0025FF2304F1380084F86130A561A7
S315080117501BF028FB04F140001BF024FB04F13400C4
S315080117601BF020FB04F12C001BF01CFB04F13C00D0
S315080117701BF018FB04F130001BF014FB04F14400C4
S315080117801BF010FB154B186B154B201AC01058434C
S31508011790C0B21CF0CDF8014628461CF0C4F8A06C6E
S315080117A010B101F0D9FAA564E06C18B11CF05BF927
S315080117B00023E364206D1CF0A8F900232365FFF7D5
S315080117C00BFF08B1002038BD06481BF0EBFA0648A6
S315080117D01BF0E8FAF6E741F24200F4E72C2600206E
S315080117E01BCA6B285026002054260020F0B5104B42
S315080117F002461E6B93F834C035464FF0FF3400237A
S315080118009C4508DC91B1631C10D0982303FB046046
S3150801181080F86120F0BD95F8617028469742F9D0A5
S31508011820FF2F08BF1C4698350133E9E70020F1E789
S315080118302C260020014BD86A704700BF2C260020B1
S3150801184070B500249826074D95F83430A34201DC7B
S31508011850002070BD286B06FB0400FFF76BFF0134FF
S31508011860F2E700BF2C26002038B50A4DFFF7E8FF3E
S31508011870EB6A13B100221A60DA801FF0ABFB002471
S3150801188095F83430A34200DC38BD2046FFF76CFEDC
S315080118900134F5E72C260020F8B5054600249827DB
S315080118A0074E96F83420E3B29A4201D80020F8BDD3
S315080118B0306B297807FB03001CF086FF0134F0E73B
S315080118C02C26002070B52D4C0646E06A18B1FCF7A7
S315080118D091FC0023E362002529481BF063FAA562FF
S315080118E0FFF7C2FF28461CF027F87EB9002503201A
S315080118F084F834602563E586FCF742FEAE4217DCC0
S3150801190094F834001CF018F830B970BD02201BF0A9
S31508011910E4FBE0620028E9D10025E06A84F8345046
S31508011920256338BB00201CF007F841F20700ECE7F5
S3150801193006EBC60106EB4101C9002B46012203202D
S3150801194089B2FCF7D9FD05460028E5D10320FCF745
S3150801195041FE20630028DFD098222946724326F0EB
S315080119609CFC94F83430AB42CADD2846FFF7FCFDEF
S315080119700135F6E7FCF73EFCE562D3E72C260020A5
S31508011980542600202DE9F04300268BB0DFF8E080CD
S3150801199008AF98F83430B34202DC0BB0BDE8F083E7
S315080119A09823D8F8304003FB064494F86130FF2B9E
S315080119B00DD0236A980306D504F1440948461BF05D
S315080119C05FFA054628B9226A12F4A02F1DD10136FD
S315080119D0DFE7AB7939460C332B44D8689A7A1B8AE8
S315080119E0C2F38012BB8000238DF81F2038601A4687
S315080119F00DF11F001CF055F83B4628469DF81F209F
S31508011A0094F861101CF0F1F8D8E7B4F8583003F0EF
S31508011A101D031D2B17D13C23FF210020CDE90431DD
S31508011A20CDE902000121CDE9000004F16903C2F301
S31508011A3080021FF0BAFDA8B94FF080500BB0BDE87F
S31508011A40F04302F065BA12F4803F08BF3C214FF01B
S31508011A50000218BF432194F85F3094F861001FF023
S31508011A6069FBE8E7236A23F4A0232362AFE700BFF3
S31508011A702C2600202DE9F74F99465A4B88461B68B4
S31508011A801646019305469DF830B00D9CFFF7BCFD3F
S31508011A901BF04EFF98F8007082461EBB00260021F7
S31508011AA0384602F0CDFFC7F38002C2EBC2020244F8
S31508011AB093B216FA82F2FF2A1CD9C3F1FC039EB22D
S31508011AC047F010071BF0FAFE2523B0FBF3F202FBE1
S31508011AD013010020C9B203F063F84FF0010985F834
S31508011AE091000CE030461BF0D3F94845D6D9A0EB56
S31508011AF00906D4E7FB06B6B2C7F30019E2D4BBF16F
S31508011B00000F01D095F858B000235A4639462046A9
S31508011B101EF044FB20461EF076FB294620461EF0A1
S31508011B207FFB514620461EF0A4FB204605F17301B2
S31508011B301EF0FAFBB9F1000F48D095F8902095F8F8
S31508011B409110204602F052FF294620461EF0FBFB63
S31508011B5090B1019B6968DB68E2791944A379286D1C
S31508011B60D21A0C3353FA82F22244A0B31BF0C3FFF4
S31508011B70014620461BF0E6F8B9F1000F2FD0B5F95A
S31508011B80941020461EF0E2FB514620461EF0B3FB98
S31508011B90294620461EF0D7FB20B1286D10B12146F3
S31508011BA01BF0ACFF314620461EF0E4FBB9F1000FED
S31508011BB006D028461CF053FE0146204602F05EFF79
S31508011BC0304688F8007003B0BDE8F08F95F880209C
S31508011BD095F88110B5E7E86C1BF03EFFC8E7B5F943
S31508011BE08410CEE7FC2600202DE9F04F01280C468B
S31508011BF08DB007D0312800F09E810DB0BDE8F04FB9
S31508011C0000F004BCDFF8E88200264046B74B40F8EE
S31508011C10246B1D681BF0C6F8D8F8283003B1DE809E
S31508011C20204600F0FDFA218D2046276A1CF049FE60
S31508011C3084F86F00204600F00BFAAB8A204643F081
S31508011C400203AB8294F8903005F12409AB76FF23A1
S31508011C50EB76FFF7D9FCA877B4F85A30204603F596
S31508011C60FA73AB601CF0FBFD2B7EAA689B095343F4
S31508011C7003F59673EB60286120461DF074F900217F
S31508011C8094F881001EF049FD1EF0C2F848461DF081
S31508011C90C3FFFFF7CFFD94F86F10064620461CF0E8
S31508011CA026FE0123009300234FF0000A1A468DF8F9
S31508011CB0200008A920460196FFF7DCFEB0792146E7
S31508011CC00C3030441EF012FC3046C6F800A01EF057
S31508011CD0A4F8B4F858302862D807C7F3405726D570
S31508011CE0236AD8F828009904C3F34032C3F340069F
S31508011CF058BF1146CDE900264FF0000248BF04F14E
S31508011D006301C3F30033CDE90213114608ABCDF8DD
S31508011D1020A0ADF824A01EF090FC0023D8F82800D6
S31508011D2003601EF07AF8014648461DF07FFF636B93
S31508011D30214693F806A005930AF10C0A03EB0A0655
S31508011D4030461EF0D3FB2046D4F804B0D5F80C80F3
S31508011D501CF0B9FE08B3059B13F80A3003F00F030C
S31508011D60072B1AD1B3789A0617D0002108AAB01CF6
S31508011D701EF0D2FB9DF829307BB1089A206DD84414
S31508011D8002EB030A002875D01BF0B3FE002871D0B8
S31508011D9052464146206D1BF0AEFE206D28B31BF05E
S31508011DA0A8FE10B3B37803F03F03012B1DD9012117
S31508011DB0F07802F045FEB3780138ADF81C003221FF
S31508011DC0F01C03F03F0307AA1EF07FFA064660B12E
S31508011DD00378092B09D1206D08A91BF08EFE08ABE3
S31508011DE003CBC6F80200C6F80610002F4FD02046CE
S31508011DF0FFF70AFC1BF09CFD804600234FF0250BDC
S31508011E00B4F858A00893CAF3800A606B08A91BF0B6
S31508011E101CFB064600283CD1B4F858309B0714D55C
S31508011E2007A920461CF002FD4FF0250A8046E06B03
S31508011E30214683790C3318441EF058FB0896E06B4B
S31508011E4008A91BF002FB002854D1AB8AC3F3C003CF
S31508011E502B772FB1A87F1BF06BFD83880133838015
S31508011E602120237D43F0010323750DB0BDE8F04F12
S31508011E7001F032BFE06C00288FD01BF0EFFD00287F
S31508011E808BD052464146E06C1BF0E6FD85E7B84625
S31508011E90B3E7089EB3790C331E44BAF1000F03D099
S31508011EA0214630461EF0A4FB1BF008FDB0FBFBF3F0
S31508011EB003FB1B010020C9B202F072FE014630463F
S31508011EC01EF093FAB8F1000F08D0414630461EF0CD
S31508011ED080FB3046B8F804101EF05EFA08981DF02B
S31508011EE09CFF014648461DF0A1FE8EE7FC26002010
S31508011EF02C260020089EB3790C331E44B8F1000F36
S31508011F0003D0304607A91EF084FA1BF0D7FCB0FBB4
S31508011F10FAF303FB1A010020C9B202F041FE014699
S31508011F2030461EF062FA08981DF077FF01464846CA
S31508011F301DF07CFE83E7194B08461D680B7D23F0CF
S31508011F4008030B7500F03CFA20B3154B687F1A6835
S31508011F50637DD17A28B992780B44934205DCDAB2CB
S31508011F6003E0D2785B1A9342F9DA2046218D62752D
S31508011F701CF08CFC20B1002194F891001EF0CDFBD9
S31508011F80697F2046B1FA81F149090DB0BDE8F04FE4
S31508011F901DF014B80DB0BDE8F08F00BFFC26002077
S31508011FA0B82600202DE9F043002685B00E600028EA
S31508011FB04AD089460546CDE90166284602A91BF09D
S31508011FC044FA00283DD002988379034493F80E8099
S31508011FD0039608F03F0808F103070CE0A7422AD246
S31508011FE001983944E41BD0B122461BF0D1F9A0422D
S31508011FF023D10027029803A91BF035FA0028DCD063
S3150801200003998B79CC7903F10C02E41AE4B21144F1
S31508012010002FE3D1002CECD001980028E4D10A4620
S31508012020234601461BF0EFF901900028E1D119205A
S3150801203005B0BDE8F0833F1BDCE701A81AF0B2FE44
S31508012040F5E7019BC9F80030002005B0BDE8F0832B
S3150801205038B50546B0F858201F4BD1071C68C2F39E
S3150801206040034FEA830348BF43F00803A38253079B
S3150801207042BFA38A43F01003A382036AD80642BF6C
S31508012080A28A42F02002A282590742BFA28A42F0DE
S315080120904002A2829A0642BFA28A42F08002A28226
S315080120A05B0642BFA38A43F48073A38295F8803006
S315080120B0E37595F860001CF0D5FF0023207663765A
S315080120C06B682360FF232377D5F86930A364B5F8D5
S315080120D06D30A4F84C3038BDFC26002000232DE9CC
S315080120E0F347054601A80193FCF72EFF68B9019F3E
S315080120F097F8069009F10C0907EB0906B37A03F07C
S315080121000F03032B04D0052B10D002B0BDE8F087CE
S3150801211005F1440039461AF01DFF2B6A4FF080502D
S3150801212043F400332B621DF034FEEEE7DFF89480AA
S31508012130012241460DF103001BF0C4FCAB6CA8F16A
S31508012140100448F8103CB5F858308246C3F300131A
S3150801215084F821303189F07957F809901DF0C6FFC6
S31508012160174B48441B68A0605B7906F118026B752A
S315080121700123E260237106F10C03BAF1000F14D0B2
S315080121809DF80330C4F81880237794F8212095F830
S315080121906130637701236AB9A37795F89030E377BD
S315080121A07379676284F82030AFE7A361B37AC3F322
S315080121B08013E9E7B27AC2F34012A277EFE700BFCC
S315080121C0B82600203C26002037B5134605466A4640
S315080121D00C4612490868496803C295F86020083216
S315080121E06A4412F8081CB5F85820D00607D42246C6
S315080121F0284620F05EFB00F5FA7003B030BD920761
S3150801220004F10A044FEAC4041CBF03F50C73E4186D
S31508012210E823481E584304FB0100ECE7E1EB0308F9
S315080122202DE9F041044627F09DFC236A5B4A0646E0
S31508012230134203D1BDE8F04127F08FBC9F05C3F3D4
S31508012240402572D5E06A1AF023FE002704F1340806
S31508012250208540461AF0A6FDA56BA76365634DB1B7
S3150801226004F12C001AF09EFDE762236A23F4002389
S31508012270236205E0B4F85830D806C3F3001747D4EB
S315080122800027236A590560D43D46B4F85830C3F38C
S315080122900017DB061BD5E36A5BB104F134001AF0BB
S315080122A081FD0023E06AE36260631AF0F1FD3D46B1
S315080122B02085236B5BB104F140001AF073FD0023FE
S315080122C0206B236320641AF0E3FD3D466085236A8B
S315080122D0304623F4002323F4C063236227F03DFC30
S315080122E020461CF023FE8DB194F8742094F87330BF
S315080122F002F00F0143EA0123013384F8733022F017
S315080123000F02C3F303231A4384F87420BDE8F0814E
S31508012310E36A002BB4D040461AF044FDE06AE56250
S3150801232060631AF0B5FD2085ABE7A36B002BA7D038
S3150801233004F134001AF036FDA36B04F12C00C4E94C
S315080123400D351AF02FFDE5628FE7206B1AF0A0FD17
S31508012350B4F858306085DA06C3F300150ED5236B39
S31508012360002B91D004F140001AF01CFD0023206BCC
S31508012370236320641AF08CFD608586E704F13C002E
S315080123801AF010FD236CC4E90F35002B3FF47CAF1E
S3150801239004F130001AF006FD256375E7000608000A
S315080123A0064B1B68D97ADA78437D5B1A9342A8BF34
S315080123B0DAB2002142751CF001BE00BFB826002022
S315080123C070B50F4E0546B36A0BB10022DA80336841
S315080123D0A3B10C4B1B685C7F74B9094800F02AFD50
S315080123E001212846AC641CF036FD002306483360FB
S315080123F01AF0D8FC204670BD0124F6E70124F9E756
S315080124002C260020FC2600205026002003282DE932
S31508012410F7430C4600F0198107D8012810D0022885
S3150801242000F0FC8003B0BDE8F083312800F0FC80A1
S315080124303228F7D1084603B0BDE8F043FFF74EBE90
S315080124404FF000098E4B8F481E6840F8249B1AF0FE
S31508012450A9FC2046FFF7FCFD06F124072046FFF7F5
S31508012460DFFE1DF0D5FC38461DF0D6FBFFF7E2F975
S315080124700622037BB4F8288003F04F03A0F80690E0
S315080124800373B4F858300546103BC0F80090427300
S315080124900D2B31D8DFE803F05C305807300C3030AB
S315080124A030303030300C037B23F00F032B7323E0DD
S315080124B00123027B04F1690163F3030202730C220F
S315080124C04273206A05F1140210F0080F0CD001922C
S315080124D04FF0FF32C0F3800000921A461BF0EAFA69
S315080124E02B7B43F08003E1E7D4F869306B618B8875
S315080124F09380236A5B07F3D4B4F858202B7B05F144
S315080125000E0162F345132B7320461DF0C6FF2B7B84
S31508012510697B60F3861302312B732846C9B21AF018
S3150801252011FCB4F8583003F01403142B13D0B8F186
S31508012530000F13D06B7B43446B7300234246284636
S31508012540616B1AF0C6FE09E0037B62F30303ADE78C
S315080125500222037BF9E7B8F1000FEED128461DF0F8
S315080125605CFCB38A3062580730D54FF00009E56B39
S31508012570B4F82A8008212846C5F80090A5F80690DF
S315080125801AF0E0FB0623297B6B7301F0400141F049
S3150801259004012973204605F10E011DF07EFF2B7BF0
S315080125A060F386132B7308F106036B73B8F1000FFA
S315080125B005D0D4E90F014B4642461AF08AFEE06B74
S315080125C01DF02BFC014638461DF030FB40F2712107
S315080125D0B4F85430B4F856202046D21AE36803F505
S315080125E09C53083301FB023323611CF0BCFC237D99
S315080125F02120190742BFB38A43F00103B38201F0D0
S315080126006BFB236A1A037FF50DAF204623F40023DB
S31508012610236203B0BDE8F0431CF088BC084603B04A
S31508012620BDE8F0431CF00BBC0B7D084623F00803FC
S315080126300B75FFF7C5FE00283FF4F4AE104B1B6877
S315080126405B7F43B1012B7FF4EDAE204603B0BDE8B5
S31508012650F043FFF7A5BE0C4B617D1A68D37A9278D1
S315080126600B449342D8BFDAB2A3696275002B3FF4D3
S31508012670D9AE0121204603B0BDE8F0431CF09EBC4B
S31508012680FC2600202C260020B826002038B5044652
S31508012690D0F8A400D0B194F830511AF0BEFB81B23B
S315080126A0063128461DF022FD83B240F27120084901
S315080126B0B4F87C20098C424341438A42B8BF0A4692
S315080126C003F548709042B8BF104638BD0346ECE79B
S315080126D06426002030B5174B826A1B68D2065979E1
S315080126E026D5828F1C79836B1203B2FBF3F2631A28
S315080126F0B2FBF3F2B0F8A03003B1013BD0F8A45015
S3150801270005B15B101B02B3FBF2F35B180CD090F812
S3150801271099200F2A08D91209B3EB820FB8BF0023F3
S315080127204FEA8201A8BF5B1A9C42A8BF1C46E1B2C8
S31508012730417530BDB826002010B50446FEF750FE97
S31508012740A0420AD1054B1B6893F8203080F8343033
S31508012750BDE81040222001F0BFBA10BDFC260020BA
S315080127602DE9F0411A4C06462368A3B92EB1002576
S315080127704FF4A478EFB2B74211DB0020BDE8F0812F
S315080127802068013507FB03001BF0C4F8A27BEBB2F6
S315080127909A42F5D8EAE700254FF4A477F6E72068C8
S315080127A0013508FB07001BF0B3F80028E2D0002525
S315080127B04FF4A476EBB2BB4202D341F20700DDE740
S315080127C0206806FB05001BF0A5F80135F2E700BFF6
S315080127D0642600200A4B9A7B82420ED94FF4A472D2
S315080127E01B6802FB0030836A5B0707D490F838310F
S315080127F013F0100F08BF002070470020704700BF74
S3150801280064260020084A09491368C31AD810002B00
S3150801281001FB00F005DB937B8342D8BF4FF0FF3005
S3150801282070474FF0FF30704764260020199C8FC10E
S3150801283070B504460E4627F095F9054604F13002AF
S3150801284052E8003F334342E800310029F8D12046D7
S31508012850FFF7D8FF01230B4A03FA00F002F11C0324
S3150801286053E8003F034302F11C0444E80031002900
S31508012870F4D14FF480701DF08CFA2846BDE87040FB
S3150801288027F06BB96426002070B505460C46C2B917
S31508012890012620461CF064FCB5F84010441C284665
S315080128A01FF0D6F914FB06F40028A4B207DD84420A
S315080128B005DB84B2012C1CBF04F1FF34A4B2204607
S315080128C070BD836ADE07E3D5C28F002AE0D0D90638
S315080128D0DED5DA05DCD4D0F8A430002BD8D10C4BE0
S315080128E01B6893F8213013F00C0FD1D103F01202B3
S315080128F0122ACDD15B06CBD5FFF784FF80B21CF037
S3150801290031FC0028C4D1EE8F0136B6B2C1E700BF4B
S31508012910FC2600202DE9F04789466D490446CB8AF5
S3150801292063B9826812F4601F4FEAD24301BFC3F349
S31508012930C40303EB830302EB8302CA82B9F1000FD6
S3150801294002D120461CF04BFCB4F8A050002D40F0F3
S31508012950B280A36A082113F0100F0CBF3E23082387
S31508012960204684F87B3002F00FFD2046FFF7B2FEC1
S31508012970FFF748FF86B2074630461CF0FBFB824646
S3150801298030461CF0F5FB30B130461CF0E7FB002160
S3150801299030461CF0ECFB236B590409D54FF48041F2
S315080129A004F130001CF09DFB00212046FFF740FF93
S315080129B0FFB24A4639462046B4F84080FFF764FF1D
S315080129C0B4F84030A4F880001844A4F840005DB17A
S315080129D020461BF05FF820461AF09EFF2046B4F801
S315080129E040101EF0EAFF054630461CF0C3FB504571
S315080129F010D0A36ADA070DD44A4639462046A4F808
S31508012A004080FFF741FFB4F84030A4F8800018442D
S31508012A10A4F84000B4F84030434502D230461CF0D1
S31508012A20A5FB30461CF09BFBB4F88020B4F8A03017
S31508012A3094F874109B1AA4F8A03094F873302046C1
S31508012A4002FB01332522B3FBF2F102FB11332021EC
S31508012A5084F8733002F098FC7DB3A36ADB0714D5BA
S31508012A60A26BB4F880302046534340F2712204F138
S31508012A704401534394F8422002F098FB606C8508A0
S31508012A802046FFF703FE2844E06040F27125A16B5A
S31508012A902046013969431CF02DFBA36BB4F880204D
S31508012AA020465A436368012105FB02336360BDE88A
S31508012AB0F0471BF03ABC012557E720460221FFF7EC
S31508012AC0B7FE29462046BDE8F0471BF01DBC00BFEE
S31508012AD06426002008B501F0B7FAFB220F4B10F067
S31508012AE0020FDA7344F290221A820CBF01220322E2
S31508012AF04107197B48BF42F0040262F303011973C7
S31508012B00197B62F30711032219731A76042100222D
S31508012B1019755A82DA61DA8208BD00BF6426002077
S31508012B202DE9F843564C0546A06818B1FBF762FB38
S31508012B300023A360EEB230461DF013FF804600283D
S31508012B4041D130461CF01FFB00283CD1FFF708FE97
S31508012B5007460220FBF714FD75B105EB850105EB68
S31508012B60C101C90043460122022089B2FBF7C4FC10
S31508012B70074638B141F207070023C4E90033A373B6
S31508012B80EFB120E002204FF4A479A673FBF722FDEA
S31508012B90394609FB05F2206025F07FFB2368681E8C
S31508012BA0F9B2814209FB01F207F101072DDB002188
S31508012BB0284699506360FFF7D3FD0028DAD13046DD
S31508012BC01CF0C8FA30B3002500201DF0CAFE00200B
S31508012BD01CF0D9FA0020FFF7C3FD0220FBF7D0FC51
S31508012BE02846C4E90055A5731CF0B4FA28461AF01C
S31508012BF04FFF28461CF0ABFA28461AF09BFE022026
S31508012C00FBF7BEFC4FF0070837E002F5A47119443B
S31508012C109950C5E730461AF03BFF0028D3D128461C
S31508012C201AF088FE0028CED130461CF090FA00280A
S31508012C30C9D130461CF0A1FA06460028C3D1002D99
S31508012C401BDD02201AF049FA0221A060C6801AF09B
S31508012C5079F8A06831468379C279D21A0C33D2B28F
S31508012C60184425F01AFB0121A3689A7913441A7BA3
S31508012C7061F301021A73FFF72DFF4046BDE8F88399
S31508012C8064260020014B987B704700BF642600200C
S31508012C9030B50A4B4FF4A4751A689C7B0023184675
S31508012CA02832D9B28C4200D830BD05FB03F1515800
S31508012CB00133C1F340110844C0B2F2E7642600208B
S31508012CC0F8B526F04FFF234D06466C685CB12368BC
S31508012CD04FF4A47200212046E7696B6025F0DDFAFE
S31508012CE02023E761A362304626F037FF84B3012328
S31508012CF0237584F83031A3F10113E367EB7BAA89C5
S31508012D0084F842312B8A0021A4F84031072384F83C
S31508012D1089304FF4A473A4F88A3003F1A473C4F874
S31508012D208C3003F1CE5303F59813C4F8903041F66D
S31508012D301B33A4F894301B2304F10800A4F844219A
S31508012D4084F896301EF03AF91021204602F01CFB51
S31508012D502046F8BD6426002070B504461CF0BEFA6C
S31508012D6004F1080002F04EF826F0FCFE4FF4A472B6
S31508012D70054600212046E66925F08FFA064BE661ED
S31508012D8053F8042F2AB928461C60BDE8704026F07E
S31508012D90E4BE1B681A68F5E7642600202DE9F041B0
S31508012DA006464FF480400F4601F0C2F8044630B992
S31508012DB00E4B1D6893F80E807535A04502D8002084
S31508012DC0BDE8F08155F84D3C5A0709D5C3F34003D0
S31508012DD0BB4205D106222946304625F035FA18B1F7
S31508012DE0013405F5A475E8E70B20E9E76426002018
S31508012DF010B5044610B9084B198410BDA0F87C100B
S31508012E00A0F87E20FFF742FC2169E0602046BDE874
S31508012E1010401CF06FB900BF64260020014BD8731F
S31508012E201982704764260020014BD87B704700BF82
S31508012E30642600202DE9F04FD0E9029590F920107B
S31508012E4087B0027F029190F82110019204680779F0
S31508012E508369427F90F81EA090F81F80002940F0F0
S31508012E60FD80A8F10301012994BF032602260393D5
S31508012E70B5F808B084F89F202A4652F8101BBAF113
S31508012E80000018BF0120C4F8281104F1480101F017
S31508012E9043FE20461EF0C5FD20461CF076F91DF0BE
S31508012EA042FC4146024620461DF06AFDC8220DF144
S31508012EB016012046ADF816201CF061F943F6FF719C
S31508012EC004F594701AF0A9FDAA88039BA4F82C218D
S31508012ED0AA7984F82E211A68C4F875209B88A4F863
S31508012EE07930019B1BB1A36A43F00203A362BAF1CD
S31508012EF0000F03D0A36A43F40073A3624FF4607012
S31508012F0001F016F8C0F3C01AC3054FEA8A1A48BF7A
S31508012F104AF0800A810548BF4AF4807A26F022FEE3
S31508012F20A36A43F00403A362E36A43EA0A03E3627A
S31508012F3026F013FE94F8343043F0100384F8343045
S31508012F40BB1E012B00F28C80A36A43F48043A36263
S31508012F5001212046FFF76CFC0421204602F014FAF1
S31508012F606B7D2046C3F3040384F874306A8907F03D
S31508012F70FD075200A263697B2A7B42EA0122E287A6
S31508012F80E97BAA7B42EA0122A2876A7D84F873302B
S31508012F90C2F3421284F8422000220523A4F84020F5
S31508012FA00122A4F8A030A4F8802002991CF0F2F8B6
S31508012FB001F044F820F40060C4E908012046FFF74F
S31508012FC089FB424BB3F816A0BAF1000F05D1002FC1
S31508012FD040F2C71A18BF4FF4D77A2046FFF712FCFA
S31508012FE0C0B23B4B000240F00300E082C4F80490F3
S31508012FF0A361002F3AD12046FFF748FBB8F1010F2C
S31508013000E06005D04146204684F830811CF007FA75
S3150801301004F10806304651461DF0D0FF0120FEF79F
S31508013020B3F828B9237D5A075CBF43F00203237519
S31508013030A1683046C1F3C84141F088011DF0C4FFBB
S3150801304040F271216B892046013B59431CF052F825
S3150801305020461BF04DF907B0BDE8F08F012606E7BB
S31508013060012F7FF475AF40F2014172E740F27127F3
S31508013070760006EB4B067E4309EB06036360A36AFB
S3150801308004F1440943F00103A36294F83430494634
S3150801309043F00103204684F834301EF03CFC3346E5
S315080130A04946204694F8422002F080F8EB7901223D
S315080130B05B00494620467B431EF033FC636C204681
S315080130C09E08FFF7E3FA304498E700BF642600201C
S315080130D0E935010810B4C46A14F0080F11D144F097
S315080130E0080423F41053C46223F01003064C1B048E
S315080130F014401B0CC0E9084340215DF8044BFFF757
S3150801310097BB5DF8044B70472FCF87F700232DE94E
S31508013110F341ADF804304B799DF804209E074EBF64
S31508013120032303F00103013363F30102054608464D
S315080131308DF804200C461AF0F0FB064616F01F031C
S3150801314018BF01239DF8042018BF4FF0030863F345
S315080131504512EB6A08BF4FF0020898058DF804205E
S3150801316004D521462846019A1DF089FB204619F007
S315080131708FFE07464146204619F05EFEA3798DF873
S315080131800570BDF804100C33E152E2189DF80430BD
S31508013190990648BF9670637943F00103637126F077
S315080131A0E1FC2146074605F1A40019F0D3FE95F87E
S315080131B04631013385F84631AB6ADA070ED528461A
S315080131C0FFF720FB80B21BF0C7FF30B34388B5F881
S315080131D080209A4202D928461CF094FAFEF700F993
S315080131E0854214D10E4B20461E681CF016FE2C365D
S315080131F0014630461CF01AFDAB6ADB0707D4304698
S315080132001CF00DFD022802D8232000F065FD384682
S3150801321002B0BDE8F04126F0A0BC0123D7E700BF04
S31508013220FC2600202DE9F04F85B004460191084699
S3150801323061B34B799A071AD419F02AFE019A60B933
S31508013240537901A8DB0742BFA36A43F40063A3626B
S3150801325019F0A8FD05B0BDE8F08FA36A1F0506D5CC
S3150801326023F40063A362537943F001035371019E6A
S3150801327026F078FC737931469E0705461ED504F17A
S31508013280AC0019F076FE284626F067FCDFF89C911B
S3150801329026F068FCA36A80465D0614D5D4F8AC30DE
S315080132A043B19A7913441B7B3A2B03D829FA03F3C2
S315080132B0D80711D4404626F050FCCBE704F1A80004
S315080132C019F048FEDFE794F94631022BF2DCD4E91E
S315080132D02A6376B9002BEDD004F1AC0019F081FD13
S315080132E00546404626F039FC29462046FFF70EFFDB
S315080132F0CEE7002BF0D194F89670039304F1A80B4E
S3150801330096F807A0B379AAEB030A5FFA8AFABA45CF
S3150801331027DC584619F0B4FD0546A7EB0A076B7971
S31508013320294623F008036B7103A819F013FED4F894
S31508013330A86036B17379DA0703D49B0701D4002F45
S31508013340DED1039B002BB5D09B79022B46D80020F2
S3150801335019F0C3FE039980BB04F1A80019F009FE10
S31508013360A8E7002019F0B9FE054630B9039904F11A
S31508013370A80019F0FEFD03959CE78079B1790C3018
S315080133800C313A463144FFB2284424F0ADFF3946A0
S31508013390284619F0D7FCB37972791F44B7716B794E
S315080133A0D1074CBF43F0010303F0FE036B71737938
S315080133B0002723F001037371B1E74A794379D507E9
S315080133C04CBF43F0010303F0FE0343714B7923F02D
S315080133D001034B71014603A819F0C6FDE36A9A0574
S315080133E013D50398034600680028FBD1DB79C3F19E
S315080133F04503DBB2032B08D819F06FFE014608B95D
S315080134000399A9E703A819F0A5FDD4F8A83013B1C3
S315080134105B79DB0704D5039A537943F008035371A3
S31508013420404626F09AFB03995FE700BF7C2C020011
S3150801343000232DE9F0411B4E06F11C0252E8007FDC
S3150801344042E80034002CF7D14FF001088FB934B3A4
S3150801345006F11C0353E8003F234306F11C0141E82A
S315080134600032002AF4D1BDE8F0414FF4807000F033
S315080134704FBD97FAA7F080B1B0FA80F308FA03F5C1
S31508013480184627EA0507FFF7A5F90028DED01CF03C
S3150801349074F90028DAD12C43D8E72023EEE7BDE8F2
S315080134A0F08100BF642600202DE9F74F04460190FC
S315080134B0002867D04FF00009C5794E460C350544FA
S315080134C026F050FB4F46DFF8C080009098F80E2092
S315080134D05FFA89FA52451AD94FF4A47303FB0AFB1A
S315080134E0D8F800105944886A430748D5B1F89810A6
S315080134F0C1F30B01002942D0E179C1F14501C9B2F5
S31508013500032916D8022019F0E8FD044648B9002314
S315080135100098A8F8123026F020FB304603B0BDE823
S31508013520F08F0027014601A819F014FDE5790C353D
S3150801353025440123002039B203EB810305F821A0B4
S31508013540E854D8F8003005EB810C5B44B3F89830A1
S3150801355001378CF80230032303EB8103E854D8F8CA
S31508013560003004215B44B3F89820013660F30B025E
S31508013570A3F89820204619F0E5FBFFB2F6B209F147
S315080135800109A3E70646C8E764260020F7B5684699
S3150801359001F0B6FA00254FF4A477124EB37BAB427D
S315080135A001DC03B0F0BD346807FB0544A36A03F0E8
S315080135B00503042B13D10522694604F1490024F0B9
S315080135C043FE60B1012120461EF0EBFB38B901200C
S315080135D019F083FD014610B1204602F089FA01353A
S315080135E0DCE700BF642600202DE9F04F31280C46A0
S315080135F085B000F091810AD8022800F0E2800328FC
S3150801360000F0E580012847D005B0BDE8F08F3228E3
S3150801361000F0ED803328F7D101F1A40019F0E1FBA0
S3150801362094F846310390013B84F8463143799D0766
S3150801363022D4180720D5B4F8983004205A1C62F30E
S315080136400B03A4F8983000F073FCA8B12046FFF7E5
S31508013650D9F880B21BF080FD002800F05581418819
S31508013660AA4A937C0B44DBB29374127D9A4203D81F
S315080136704FF080601CF08DFB03A819F093FBD4F87A
S31508013680A8301BB9D4F8AC30002BBDD04FF480510B
S315080136902046FFF7CDF8B7E791F89930084623F0A9
S315080136A0F00381F899301BF041FD84F83101204679
S315080136B01DF0BEF9B4F93401FCF7BEF8944B204667
S315080136C01D68FFF79FF885F8240094F834304FF405
S315080136D0003085F82030002385F8213085F823301D
S315080136E063686B60A36ADA0742BF636C9B08AB60C9
S315080136F000F01EFC002859D0FDF794FED4F82831B5
S31508013700E8602B6194F83131804E6B76D4F82C3110
S3150801371005F12C076B6194F830312B76637D85F8BA
S31508013720223094F8953085F82530E26A02F4C062B1
S31508013730B2F5C06F04BF043385F825301CF068FB69
S3150801374038461CF069FAB0681CF067FB0023A862CA
S315080137500393D4F8A40003A919F077FE48BB2120E6
S3150801376000F0BAFAD4F8A83013B9D4F8AC3023B1BA
S315080137704FF480512046FFF75BF8042000F0D8FB90
S3150801378000283FF441AFB37C002B3FF43DAFF37CF7
S31508013790327E0133DBB29A42F3743FF635AF4FF00E
S315080137A0806005B0BDE8F04F1CF0F3BAFDF7D4FC14
S315080137B0A4E703981CF031FB014638461CF036FA9B
S315080137C0C7E7084605B0BDE8F04FFEF7B5BF91F863
S315080137D09930C3F30312013262F3071381F8993062
S315080137E00021204605B0BDE8F04FFFF793B8002643
S315080137F003A80396FBF7A8FB2046FFF703F8C0B218
S315080138001AF092F805462046FEF7FCFF039B294667
S315080138100193B4F8403082B20093022033461AF07D
S315080138207FF803998B7903F10C050D44AA7A0A33BB
S3150801383012F0200F14BF0322022213448B71E36A8C
S315080138405B050FD5AB7AEA7A204643EA02221DF0D8
S315080138502FF838B903A819F0A5FA3D2120461CF01E
S315080138607DF9D1E6A26AAB7A1706039903F0030339
S3150801387012D5032BEED18B790B441A7B3A2AE9D858
S31508013880244BD340DE07E5D54B79204643F00203A6
S315080138904B7101F047FEB7E6032B4A79F4D022F0C3
S315080138A002034B71084695F8068095F9059095F837
S315080138B00AB019F0EDFA06210646039819F0BCFA82
S315080138C02046FEF79FFF039D0BF0030B95F806A014
S315080138D0C0F303230AF10C0A05EB0A0743EA0B13A3
S315080138E0FB702B46F6B2B870BE8005F80A9087F8C9
S315080138F001805A7922F002025A711B68002BF8D10D
S3150801390028461AF0ADF97FE60121A9E664260020CA
S31508013910FC2600207C2C0200344B8E8F1D68360154
S3150801392095F8203081F834308B6BE08FB6FBF3F6CF
S31508013930B1F8A010B3B21B1A994295F821204CDCB4
S31508013940D1064CBF0021022194F831011CF0E5FE95
S3150801395095F82130DB071BD5A36ADF0706D52B6847
S315080139602046636004F144011DF0D5FF95F8213026
S31508013970D80602D4A36AD90606D4A4F8A0602046BC
S3150801398095F927101BF006FCA36A43F01003A362FE
S3150801399095F82020E36A92064CBF43F0010323F011
S315080139A00103E36295F821309B0606D52046FEF70A
S315080139B029FF012180B21BF0DAFB95F82130204658
S315080139C003F01203122B0ED11BF00AFC95F82610F0
S315080139D020461BF003FC012103E79207B8D5032112
S315080139E094F83101B2E71BF0FAFBEFE7FC26002059
S315080139F0012838BF0120012938BF0121014B18755B
S31508013A001976704764260020F0B587B01D4604462E
S31508013A100E9FFFF7EDF940F2E242BDF8301002FBC6
S31508013A2005F05143FDF724FD1A4B3860DE8A40F252
S31508013A308A23002E08BF1E46FBF75EFB3B680190F2
S31508013A4000EB4302CDE90223E368054601A8CDE967
S31508013A50043619F05AFF9DF8043053B919F02EFFB0
S31508013A604FF4FA63B0FBF3F202FB130015FA80F088
S31508013A7002900299E36861603A68E06919F04BFFC0
S31508013A806168E069FDF78AFB62680D9B1A6007B0F9
S31508013A90F0BD00BF642600200138C0B203289ABFD2
S31508013AA0014B185C00207047ECEB0308431E012B01
S31508013AB005D9022902D8024B585C70470020704785
S31508013AC0E9EB0308431E042B054A07D8052808BF56
S31508013AD003200621431E01FB032070471046704749
S31508013AE014EC0308014B53F820007047F0EB030868
S31508013AF010B560B10022074CD3B2013354F8231034
S31508013B001346814202F10102F6D2D8B210BD012054
S31508013B10FCE700BFF0EB0308024BDB6993F87F0073
S31508013B20704700BF280B0020024BDB6983F87F0032
S31508013B30704700BF280B002070B51646028B044655
S31508013B408A420D461DD2438B23B90EB1D5B23570C3
S31508013B50206970BD0C4B2169184624F0C5FB034644
S31508013B60208B61692D1A1844638B9D42A8BF1D4697
S31508013B70EAB224F0B9FB16B1238B1D44357002480D
S31508013B8070BD002EE3D1E3E7E93200200022024BA3
S31508013B90C3E90022704700BFAC26002010B52422D5
S31508013BA00021064824F079FB0623044C2384044BA0
S31508013BB0E36100F055FB9430206010BD8826002093
S31508013BC0E5FD020810B5044625F0C3FF0022044BA3
S31508013BD05C60044BBDE81040DA6125F0B5BF00BF53
S31508013BE0AC26002088260020024B03EB800359608F
S31508013BF0704700BF88260020034B03EB80035868F3
S31508013C00003818BF012070478826002010B50446E1
S31508013C1025F09FFF0022044BDC61044BBDE81040F0
S31508013C205A6025F091BF00BF88260020AC260020E7
S31508013C3070B5C6B2212E0446144D10D1FBF75EF8B5
S31508013C40230CC4F3074405EB84042B846368EB61F6
S31508013C50EB69CBB130462968BDE870401847222E7A
S31508013C60F6D125F07FFFEB69044633B10020FFF753
S31508013C70CDFFFF232B84FBF725FA00F025FA204612
S31508013C80BDE8704025F069BF70BD00BF88260020D9
S31508013C9038B5104B04461A7812B100221A7038BD8D
S31508013CA0C5B2FDF79DFB68B1C38AB3EB144F0BD1BF
S31508013CB0312D02D1012019F0CDFE2846BDE8384044
S31508013CC0FDF784BBFF23F0E72846BDE838401CF022
S31508013CD068B800BFAC26002038B5A0F121030E2B29
S31508013CE0044612D8FDF77CFB68B3C58AFF2D2AD096
S31508013CF0212C02D1002019F0ADFE222C44EA054000
S31508013D0025D1BDE838401CF05FB8A0F131031E2B60
S31508013D100ED8134B188C44EA004000F073FA312C84
S31508013D2011D10020FFF772FFBDE8384019F01EBE19
S31508013D30A0F111030E2B06D8132C40F4C02003D092
S31508013D4009D9142C03D038BD0122064B1A70BDE8D7
S31508013D50384000F03BBABDE8384000F053BA00BF1E
S31508013D6088260020AC2600200B4A10B5D3690446E4
S31508013D701BB11168BDE810401847084B5B6813B1C1
S31508013D80BDE810401847FDF72BFB014618B18369BA
S31508013D900BB12046EEE710BD88260020AC26002090
S31508013DA008B500F05DFA034B1A6802609B888380A8
S31508013DB008BD00BF2C33002037B5054600F050FA80
S31508013DC0044600F055F90D4B002808BF1C462DB1D5
S31508013DD02B682360AB88A38003B030BD19F0C4FDFE
S31508013DE00322CDE900010DF105010DEB020024F0D6
S31508013DF03BFA0098BDF804302060ECE72C3300202C
S31508013E00024B186908B109F00FB97047480B002031
S31508013E100D4B37B51C6804B10C340C4B68461D684C
S31508013E2000232B6000F020FA009B20466B60FAF70E
S31508013E3013FFFFF7B5FF044818F0B4FF0122044B3E
S31508013E4083F8202003B030BDB4260020FC260020CC
S31508013E50480B0020002310B52C4A02F1100151E845
S31508013E60001F02F1100C4CE80034002CF5D140EA91
S31508013E700104A00201D5FDF7EBF9210101D5FBF7F4
S31508013E80FBF8E20301D500F055F9002C01DAFBF73E
S31508013E90A9FD630001D5FCF749F9E00001D5FDF755
S31508013EA071FD610101D51BF0FEFDA20107D51CF0CC
S31508013EB033FCFFF76BFB19F022FE19F0D6FDE3017F
S31508013EC001D519F0E8FD600201D502F02FFB2102A8
S31508013ED001D519F027FDE20201D51BF03AF9A30530
S31508013EE001D501F0C3FAE00501D5FFF7A1FA61058D
S31508013EF003D519F0BCFD19F0BBFD220501D519F052
S31508013F0004FFA30301D519F0B7FD10BD480B002026
S31508013F10064A02F1100353E8003F034302F1100C6D
S31508013F204CE800310029F4D1704700BF480B002046
S31508013F30014B1B6818407047480B002010B5044B0D
S31508013F40D3E9064204430A43C3E9064210BD00BF4A
S31508013F50480B002038B50546FDF70EF90021282241
S31508013F60334824F09AF94CF20C000021FFF7E6FFDA
S31508013F70CDB1AB682E4A00201360E98A4FF6FF726D
S31508013F80FEF736FF022019F0A8F82A4B1860002818
S31508013F904BD02B460C3005F11C0253F8041B9342F7
S31508013FA040F8041BF9D1224A234B101D93600023C4
S31508013FB01373FAF753F900F0B9FE2846FBF72AF905
S31508013FC0044668BBFAF78AFD20B14FF480700021D8
S31508013FD0FFF7B4FFFAF788FD20B14FF4006000211E
S31508013FE0FFF7ACFF2DB1B5F90E10B5F90C00FBF7CB
S31508013FF03BFC1CF09CFB0020FFF7DEFE00F0C6FC34
S3150801400002F034F9044658B9FBF7D4FCFFF7BEFDB4
S3150801401000F078F830B900F07BF804461BF0F8FE9A
S31508014020204638BDFFF7F4FEF8E70124F8E700BF9C
S31508014030480B0020B4260020013E0108014BD3E9B4
S3150801404006017047480B0020054B9B69DA054CBFF2
S31508014050032001201B0548BF40F00400704700BF3C
S31508014060480B0020014B1860704700BFB826002096
S31508014070014B93F820007047480B00202022034B80
S31508014080C3E900229A6000221A767047E0260020CA
S3150801409010B50024094B1C2221460948C3E90044EE
S315080140A024F0FBF8FFF7EAFF3023054AC2E9033398
S315080140B0536154760122034B1A7010BDBC260020A9
S315080140C0E0260020A23A002008B525F04BFDFFF7AF
S315080140D0D5FF3023084A0949D36013615361CB6080
S315080140E00B614B610023537601224B76044B1A7000
S315080140F0BDE8084025F031BDC4260020E026002091
S31508014100A23A0020014B1878704700BF32330020CD
S3150801411010B5044C23781BB91BF058FE01232370F4
S31508014120002010BD32330020014B1868704700BFCC
S31508014130BC2600202DE9F04125F014FDDFF8888022
S31508014140074698F8003043B94FF480301BF021FE3A
S315080141503846BDE8F04125F000BD184E184C3546E5
S315080141600FCD0FC495E8070084E80700FFF786FF1F
S315080141703023C6E90333736100233846737688F81A
S315080141800030032525F0E9FC0E4E103CE068302886
S3150801419004D07368C6E90030FFF77AFD54F8040BBA
S315080141A0202801D0FFF744FD013D15F0FF05EDD1AB
S315080141B0012388F80030BDE8F08100BFE026002021
S315080141C0C4260020BC260020A23A002038B50C4C93
S315080141D00546237E022B12D854F82330202B0ED104
S315080141E025F0C0FC237E44F823500133237625F0BD
S315080141F0B4FCBDE838404FF480301BF0CABD38BD69
S31508014200E026002038B50D4C0546637E022B14D8EE
S3150801421004EB8303DB68302B0FD125F0A3FC637E07
S3150801422004EB83020133D560637625F096FCBDE87D
S3150801423038404FF480301BF0ACBD38BDE026002075
S315080142404FF482720021014824F027B80027002084
S31508014250014B024A1A607047FC2600209427002069
S315080142600048704700270020024A02604FF4007296
S31508014270426070470428002070B504460025314A7B
S31508014280314B88B0CDE90423438B04A8CDF81A50E5
S31508014290ADF81E50ADF81830FAF77AFFE2682368D0
S315080142A0CDE9025513440193A37D01A88DF8093080
S315080142B0A38A13F00C020FBF1346C3F3802383F0BE
S315080142C001035B0018BFDBB28DF80A3019F04FFB0A
S315080142D0217F04F124001BF0B8FC06461BF099FD6A
S315080142E005461BF0B3FDA38A28B3D4E903210A4482
S315080142F0E260027843F40063C2F30502E276A38220
S315080143002B7803F00F03072B19D1A97811F03F0178
S3150801431000D0E9782046C1F380011EF0D3FA304671
S315080143201BF07CFDA38A43F48063A382237F0133B8
S31508014330237708B070BD23F400639BB2DFE7002141
S31508014340E8E700BFD6BE898E5555550070B5427E41
S31508014350037E0446B2EB931F88B05BD20025520058
S31508014360344835491341CDE9040103F00303E17DDE
S31508014370253304A88DF818108DF81930CDF81A5080
S31508014380ADF81E50FAF704FF1EF095FA627EA16891
S315080143902368206A01FB02330193A37DCDE9025507
S315080143A08DF809301BF035FD1BF050FDA28A68B364
S315080143B0D4E90263617E06FB113320498B4293BF20
S315080143C01E214FF496710125B3FBF1F388BFB3FBA8
S315080143D0F1F30178437065F3C7118578C3F30423B4
S315080143E025F01F0501702B4301F03F018370E1762B
S315080143F042F40063A38201A819F0B9FA206A1BF0F6
S315080144000DFD637E0133637608B070BD22F4006347
S315080144109BB2EFE7838AC3F3C0211B0504D508B015
S31508014420BDE87040FFF728BF08B0BDE8704019F035
S3150801443077B800BFD6BE898E55555500C3BF030050
S3150801444053282DE9FF410C4619D0552800F0CE8096
S31508014450512840F0D1808B8A13F00C0F00F0C680EA
S315080144605B0540F1C3800B7F013B012B00F2BE8047
S315080144700120897D04B0BDE8F041FAF727BC002385
S31508014480204603A9039319F012F80546002800F0FF
S31508014490A780037803F00F03032B59D1A18A04F1EE
S315080144A02408C1F3C00140461BF0CFFB1BF0B1FC49
S315080144B0A18A0646C1F3800128461BF05BFD002848
S315080144C040F08E8080233246294620461BF01CFD8B
S315080144D0002840F085804B48FFF798FB01214046AC
S315080144E0039F1BF0B2FB0123237705461BF091FCC2
S315080144F01BF0ACFC06463846FAF7A2FC0E21B87B3F
S315080145001BF0BDFBA28AFEB17B6842F400623178DA
S31508014510A2822269963313442268C1F305019B1AC4
S315080145200344E176E360237FA17D013323770020ED
S31508014530FAF7B6FB28461BF071FC2046039918F0DA
S31508014540E6FF04B0BDE8F08122F40062A282EAE740
S31508014550052B45D1A18A04F12407C1F3C0013846C8
S315080145601BF073FB1BF055FCA18A04F14803019368
S31508014570C1F3801306460093C1F3001201232846AE
S31508014580C1F3C0011BF0FEFC50BB32464FF48073E9
S31508014590294620461BF0B8FC064608BB1A48FFF711
S315080145A035FB314638461BF050FB07461BF031FCFC
S315080145B0D5F802300278C0F80A30EB88C3812B7827
S315080145C0C3F3801363F3C7120270A17D3046FAF76D
S315080145D067FB38461BF022FC039818F09FFFB0E7EB
S315080145E0FAF704FD2046FFF7B1FEAAE7204604B014
S315080145F0BDE8F041FFF7AABE04B0BDE8F04118F0E6
S3150801460093BF00BF9FFE02087FFE0208212810B54E
S315080146100C4607D10548FFF7F9FA2046BDE81040D0
S31508014620FFF794BEBDE8104018F07EBF414401086B
S31508014630034637B50C4C6A462068A5880090A079D0
S31508014640ADF804508DF8060013B9481C03B030BD07
S315080146500220D90748BF117802F1010244BF401868
S3150801466080B25B08F5D1F1E75EC20308014B186E0B
S3150801467080B2704700C001B80B4BD86800F0706073
S31508014680B0F1106F0ED008D8B0F1E06F18BFB0F1D5
S31508014690006F0CBF01200020704700F17443584297
S315080146A05841704701207047000002B838B50446E2
S315080146B080790C4D0C30204419F045F90123A17974
S315080146C0E279521A0C3121442869D2B222F064FDEA
S315080146D0246804B938BDA179E2790023521A0C314C
S315080146E0F1E700BF280B00202DE9F04F89B00746F6
S315080146F091469A46ADF8141018F0CAFB051E46DD18
S3150801470025F030FA9DF814B003900BF023030493B7
S31508014710002F3FD03C464FF00008254EA079E2799C
S3150801472000F10C01121A5FFA82FB214406EB08001C
S315080147305A4623F0D9FD2468D844002CEED1049BAF
S315080147401C480093C0F808900DF11C0953462A46E7
S315080147501749CDF80490A24625F06AFB3C46A37991
S31508014760E57903F10C00ED1AEDB206EB0A012044D6
S315080147702A4623F0B9FD2468AA44002CEFD10398F0
S3150801478025F0EBF904224946384618F001FE09B02E
S31508014790BDE8F08F07480093C0F808900DF11C0991
S315080147A053462A460249CDF8049025F041FBE6E72F
S315080147B0042A0020C83800202DE9F04784B0904625
S315080147C099460390ADF8081018F062FB071F002FF1
S315080147D025DD039D002D40D04FF0000A204EAB7910
S315080147E0EC7903F10C01E41AE4B2294406EB0A0058
S315080147F0224623F079FD2D68A244002DEFD11948F0
S31508014800F119C0F8088001919DF808104B4601F08E
S31508014810230100913A46124925F0FEFA18B1002003
S3150801482004B0BDE8F087039D7DB10746AB79EC7905
S3150801483003F10C00E41AE4B2F1192844224623F0E4
S3150801484053FD2D682744002DF0D103A8042118F043
S31508014850C1FB012004B0BDE8F087014ECFE700BFD8
S31508014860042A0020C838002030B514460D460246F1
S31508014870064883B00195802183602346009425F07C
S31508014880E3FAB0FA80F0400903B030BDC838002019
S31508014890002370B50D46D1688AB009BA0291C1786C
S315080148A090F800C061F30703817802AE61F30F2324
S315080148B0417806AC61F317436CF31F630993936858
S315080148C051681BBA0393836809BA1BBA079313681D
S315080148D042681BBA05930F4B12BA9E60C3680491CE
S315080148E01BBA08920693234680220120094900949F
S315080148F025F0ADFA0028F6D1DDE90810DDE9063222
S3150801490000BA09BA12BA1BBA28606960AA60EB60D4
S315080149100AB070BDC83800202DE9F84FDFF8688065
S315080149208246D8F800B00F461646BBF1000F28D0CC
S31508014930002498F804904C4507D1347098F804007F
S31508014940A04214BF0120022017E004EB09056910F3
S31508014950C1EBC10159448879C5F3470500F0010047
S31508014960381A03D10622504623F06EFC002806DBCE
S3150801497002D06C1CE4B2DEE73570BDE8F88FA946B3
S31508014980D9E70320F9E700BF142B00200022024BC8
S315080149901A711CF01EBB00BF142B0020F8B5054682
S315080149A025F0E0F8104C85F3070563790646AB4216
S315080149B005D10024304625F0D0F82046F8BD002759
S315080149C020686571277110B118F06FFD276063794A
S315080149D0002BEED0C5EBC500F9F766FE206000286E
S315080149E0E7D160710724E5E7142B00207FB50E4651
S315080149F01021054614461BF0C4FBE8B10F4B01A96B
S31508014A0018681B7902908DF80C300023ADF8043034
S31508014A1066F305038DF8043004F110030DEB030466
S31508014A204FF0000314F8082C284662F347130322B3
S31508014A308DF8063018F092F904B070BD2CEC030815
S31508014A40034637B50C4C6A462068A5880090A079BC
S31508014A50ADF804508DF8060013B9481C03B030BDF3
S31508014A600220D90748BF117802F1010248BF401850
S31508014A705B08F6D1F2E700BF5EC2030838B5837951
S31508014A800C460C33C518C35C03F00F03072B25D15D
S31508014A90AB789A0622D0E878C3061FD5012100F023
S31508014AA00F00FFF7CDFF0E4B02359C4295BF1E2323
S31508014AB04FF496730021012194BFB4FBF3F4B4FBC0
S31508014AC0F3F42B5C2A1861F3C7132B5493785470AB
S31508014AD023F01F03C4F304242343937038BD00BF96
S31508014AE0C3BF03004840704700EB0010084480B27A
S31508014AF0704700BF90FAA0F000BA80B2704700BFB5
S31508014B00044BD3F8012002605B7903F01F0303719C
S31508014B10704700BF33330020204BF0B5002914BF7E
S31508014B200C461C4600250646174613688BB0C4F882
S31508014B300130137925706371EAB2114638461BF0C4
S31508014B40E0FD38B1237803F128016944013301F8FE
S31508014B50282C23700135252DEED122782EB16946F0
S31508014B60A01D23F0C1FB0BB0F0BD002AFBD0053414
S31508014B70F5B2294638461BF0C4FD40B9B5FBF2F338
S31508014B8002FB13550AAB53FA85F515F8285C01366D
S31508014B90252E04F8015FEBD1E5E700BF333300208A
S31508014BA0034B002818BF03460B449879704700BF8A
S31508014BB03333002070B50E4682EA124294B221467A
S31508014BC003463046FFF78EFFFFF794FFFFF78CFF8A
S31508014BD0FFF790FFFFF788FFFFF78CFFFFF784FFCA
S31508014BE0174D002B14BF1E462E460546FFF77AFFC2
S31508014BF00246144B701CA3FB0213D11A03EB510393
S31508014C005B0903EBC30103EB8103D21AD2B2114646
S31508014C101BF077FD40B933786C40A4B204FB03F36B
S31508014C2006EB1346B07970BD731D2A3601E09E4224
S31508014C3004D013F8010F8242F9D1F4E7104670BD8A
S31508014C40333300204D91CFBA70B5044624F08AFF5C
S31508014C500B4E0546306818B118F027FC002333605F
S31508014C602CB12220604318F01EFC30B130600024BC
S31508014C70284624F072FF204670BD1A24F8E700BFC3
S31508014C801C2B002008B5FDF7BDFD431C1BBF2222C6
S31508014C90034B00201B6818BF02FB003008BD00BF8C
S31508014CA01C2B00202DE9F0410F4616461AF0B6FADC
S31508014CB0002239464FFA80F8044617481BF010FEC1
S31508014CC005460122394614481BF00AFE454501DB13
S31508014CD0804512DA054405EBD575C4EB650040B28B
S31508014CE00E4A92F90030834209DAC01A00EBD070F5
S31508014CF003EB600358B2BDE8F0810020F0E792F9B2
S31508014D0001308342F7DDB2F90230B342DCBF00EB72
S31508014D10D07040F34700EEE75E33002048320020AA
S31508014D20014B1878704700BF67330020104B1A787B
S31508014D3042F0F0021A701A7C42F0F0021A7493F8E3
S31508014D40202042F0F00283F8202093F8302042F028
S31508014D50F00283F8302093F8402042F0F00283F8FD
S31508014D60402093F8502042F0F00283F85020704713
S31508014D70202B00204288F8B502F00702072A0546CB
S31508014D801E4F2AD124F0EEFE002211017B5C07EBAF
S31508014D90021C1B090F2B0AD00132062AF5D1184A23
S31508014DA013880133138024F0D8FE1920F8BD2B6827
S31508014DB01446ACF8023011237B5496B224F0CDFE8A
S31508014DC0FAF79AF907EB0413D8602B68002023F445
S31508014DD0E02343EA06432B60E8E71301F95C14462E
S31508014DE0C1F30312013202F00F02052A28BF00227D
S31508014DF062F307112646F954E2E700BF202B00208B
S31508014E004C32002038B54488054604F00704072CBF
S31508014E100FD024F0A7FE074A2401135D43F0F003DF
S31508014E2013552B6843F4E0232B60BDE8384024F082
S31508014E3094BE38BD202B00202DE9F047B0F802803A
S31508014E40074608F00708B8F1070F894632D01A4D08
S31508014E504FEA08142E5DFAF74FF905EB081ADAF846
S31508014E600C30360906EBC806C01A05EB46067080F3
S31508014E702B5D03F00F02042A9EBF013262F303037E
S31508014E802B55B9F1030F12D1295D0234281901F006
S31508014E900F011DF06EFA044624F064FE3A68074BCA
S31508014EA0134023433B60BDE8F04724F056BE4FF656
S31508014EB0FF74F1E7BDE8F087202B00200000FF7F93
S31508014EC0242816D80F2805D802280CD8B0FA80F05D
S31508014ED040097047084B103880B2C34003F00103FC
S31508014EE083F0010070470538012894BF002001208E
S31508014EF070470120704700BF2D2011002DE9F04FA2
S31508014F0095B0FAF763FD42F23603867905460C3603
S31508014F1030F80680841998450ED1FAF757FD022113
S31508014F2017F010FF7F22A3780233A370AA55002336
S31508014F3020222377627063770121E078FCF756FC1B
S31508014F4000230546ADF84630002800F0C280CDE9B9
S31508014F501233237AE2888DF84A30E37AADF848208D
S31508014F608DF84E30E378B4F80920FE2BA388ADF806
S31508014F704C2003F01C014FF6FF7208BF4FF4804224
S31508014F801C2922D0DDE91201884201D81F281AD826
S31508014F9041F21105FAF720FD0446EAB2012341461A
S31508014FA018F0B7FDA3791C44BDF94630002BACBFF8
S31508014FB005226FF0040213440A2293FBF2F3A37449
S31508014FC015B0BDE8F08F9142E2D813F01003E67DE3
S31508014FD0677E04D0012E0AD041F21205DAE706F0FF
S31508014FE0FD02012AD4D17A1ED2B2022AD0D8227B56
S31508014FF0013A062ACCD87BB9FFF726F8032E08BF53
S3150801500004260640F6B2002EC2D0032F08BF042795
S315080150103840C0B20028BBD0E0781DF02AFC20B188
S31508015020A088FFF74DFF0028D6D02B4A237F127898
S31508015030002A47D0042BCFD8677F042FCCD8E07D30
S3150801504094F91620032808BF04207F2A08BFC8221E
S31508015050667B1CBF02EB820252000E96A67B18BF26
S3150801506092B2B4F804C0E18894F80C9094F815A0AB
S3150801507094F818B00F96ADF84620667EB4F8092064
S31508015080CDE90B37E37E032E08BF0426003B18BF84
S3150801509001230A93A37E04F10F0ECDE908630DF1EE
S315080150A04603CDE904A30F9BCDE9060B01930E9B9D
S315080150B0284600935FFA8CF3CDE902E919F07CF9E9
S315080150C0054667E7002B7FF463AF677F002FB6D0ED
S315080150D05EE741F207055DE7683300202DE9F047F1
S315080150E0FAF774FC83790C33C4182679E7787EB10C
S315080150F04FF000080534B0452FDB0025FAF76CFCA4
S31508015100EAB20023BDE8F04742F2390118F001BDC1
S31508015110012F42D035464FF09809DFF88C8098F870
S3150801512034309D42E4DAD8F8300009FB050090F8DE
S315080151306130FF2B0AD0B0F85820C2F30013D2060B
S3150801514006D500231A461946FCF7C4FA0135E6E7DF
S315080151501A46194601F0C6F8F8E72078B4F801505E
S31508015160A0F1FE035942594194F803900434FCF71F
S315080151703DFBA8B1B0F858302A4613F0100F39464E
S315080151804B4607D0FCF7A6FA05460028B6D108F122
S315080151900108B0E701F0A6F8F6E741F21205ADE716
S315080151A041F24205AAE700BF2C2600202DE9F0416D
S315080151B01D4690460E460746FEF7AEFCFEF792FCE4
S315080151C004464046FEF78EFC194B04449D4225D9F8
S315080151D0184B9D4215D9184B013D93FBF4F3002B4F
S315080151E0B8BF03339A1005EBA305B5FBF2F379684B
S315080151F03268A1EB930102EB430279603260BDE8A4
S31508015200F0810E4B0E4AA3FB05535B0904FB03F31E
S3150801521003F6C313A2FB0323DB0AE8E704FB05F342
S31508015220084A03F574338F33A2FB03231B0CDEE70D
S315080152304C6210001366660640420F001F85EB514B
S315080152405917B7D183DE1B4303460146002230B501
S3150801525001F03F003F2844D000283FD001321B2AE5
S315080152604FEA5101F4D1002201241146274858403A
S3150801527004FA01F5054201F1010118BF013220299D
S315080152802DD0022AF4D1DAB2C3F3072191422AD0EA
S3150801529000211C46084604F00305013D012D00F1D5
S315080152A0010098BF01311F284FEA540423D1182958
S315080152B017DC052000219B0E03F00304013C012C99
S315080152C098BF013101384FEA5303F5D1012905DDAC
S315080152D01346ABB90228D4BF0020012030BD022AEB
S315080152E0D1D00020FAE7C3F307419142D0D1B2EBFE
S315080152F0136FCDD1F5E71028CDD10B29CBDDF0E71A
S3150801530003F0010210445B08E3E700BFD6BE898EAD
S315080153103A289ABF014B185CFF20704731EC030805
S31508015320024B1A6818600260704700BF842B002080
S315080153300022024B1A601A71704700BF842B0020A5
S3150801534070B5064615460C4624F00CFC337B23EA59
S31508015350050344EA030131730A4C1DB9237919433C
S31508015360217106E000231946226823712AB9002B08
S31508015370F6D1BDE8704024F0F0BB137B12681943DF
S315080153800123F3E7842B002070B50E4B06461B79E3
S3150801539001EA0304994313D194B124F0E3FB0546CA
S315080153A0304619F038FF30B103781C4304704FF4C6
S315080153B000701AF0EEFC2846BDE8704024F0CDBB1B
S315080153C070BD00BF842B00202DE9F047074619F070
S315080153D022FF044600283DD045784DB924F0C2FB8A
S315080153E0237825706370204B1B68636024F0B5FB36
S315080153F04FF00108DFF87090667836B923784BB319
S315080154004FF400701AF0C5FC24E096FAA6F5B5FA31
S3150801541085F508FA05F55FFA85FA636833B9D9F8A7
S31508015420003026EA050565706360E5E79A68A2B16A
S315080154301B7B3AEA030310D1BAF1000F0DD051468E
S315080154403846904748B102280BD0012805D1636830
S315080154501B6863600120BDE8F08763681B686360A9
S31508015460DBE70020F7E700BF842B002070B5002595
S315080154700E4EFDF707FCA84200D870BD3068FDF74F
S31508015480A9F940B1FFF7A0FF28B94FF40070BDE8AC
S315080154907040FEF73DBD3468FDF7F4FB0134B4FBFB
S315080154A0F0F303FB104401353460E2E7802B00205A
S315080154B0F8B506460C4617461D4619F0A1FE10F02A
S315080154C0080003D0022130461AF003FB4FF0290CDD
S315080154D0134BC5F12001A5F12002EB400CFA01F1AD
S315080154E00B432CFA02F21343DB0700D470B11121E6
S315080154F020461CF0B7FA20461CF0A5FA45708770BD
S3150801550021463046BDE8F8401CF092BA0D212046E6
S315080155101CF0A8FA20461CF096FA4770F0E700BF7F
S31508015520000040842DE9F34105460C46009119F027
S3150801553061FE030705D5684617F034FC02B0BDE8DD
S31508015540F081009F97F8068008F10C0817F8080003
S31508015550FFF7DEFEFF2806460ED10021009B01A8B3
S315080155601A681960019217F01DFC284617F80820D9
S3150801557000991CF089FAE1E7384617F089FC0138E9
S31508015580B042EAD10B4B1E684EB921462846A3798B
S3150801559023441A7B02B0BDE8F0411CF075BA736862
S315080155A00BB93668F0E72146284698470028F8D00F
S315080155B0C4E700BF842B002037B504460D460821F1
S315080155C0FFF7E2FE2046082119F016FE2946204675
S315080155D019F05BFE214601201CF0FDFA2146002048
S315080155E01CF0F9FA012000232146034A00901CF019
S315080155F083FA03B030BD00BFA919030837B50446BD
S315080156001CF066FC0321204619F042FE00250346DC
S3150801561021460120034A00951CF06EFA284603B07C
S3150801562030BD00BFB71D03082DE9F74F80460F4669
S3150801563019F0E6FD10F4801450D1022017F04DFD43
S31508015640064600284CD0BB7921460C333B44B3F8B7
S315080156500490B3F806B0B3F808A01CF003FA304674
S315080156601CF0F1F902210546404619F011FEA5F88C
S3150801567004906881A5F806B0A5F808A018F01EF9E7
S3150801568009F10109B0FBF9F303FB1900022368804C
S315080156906B70B3793146BB71FB71F2793846D21A10
S315080156A0D2B2234617F015FE4146012019F099FD9D
S315080156B01022C7606B89414601200092094A1CF0F5
S315080156C01BFA4FF48031404619F09CFD404631469D
S315080156D01CF0AEF9204603B0BDE8F08F2320FAE7A7
S315080156E00720F8E70D1F03082DE9F34104460D4687
S315080156F00146012019F075FD0121074628461CF0CF
S31508015700B1F928461CF09FF9064600F10108404602
S31508015710FFF7F6F9D6F801300221C7F81230737986
S315080157202046BB7519F0B4FD29460746F080204688
S315080157301CF07EF920232146009301203B46034AAB
S315080157401CF0DAF9002002B0BDE8F0819D1E0308BD
S315080157507FB504460D4619F04DFDC2073BD52046D7
S3150801576019F04EFD430715D5002320461A460DF1BB
S315080157700F0119F0AAFF9DF80F30062B0AD8284603
S31508015780F8F738FD012200232046FDF7A3FC002087
S3150801579004B070BD0E2128461CF064F928461CF099
S315080157A052F90646FEF74AFCC6F80510FEF746FC0E
S315080157B02946C6F8010020461CF03AF9032120467D
S315080157C019F066FD00220346009221460120034A8C
S315080157D01CF092F9DBE70821DDE700BFBB1D0308D2
S315080157E008B5074A074908481CF0D5FA0648FFF7DD
S315080157F097FDBDE80840002204210348FFF7A0BD34
S315080158008B1F0308715901088C2B00202DE9F041E3
S3150801581091F806800F4686B008F10C0803910446F4
S3150801582001EB08060146012019F0DBFC17F80830E0
S315080158300546023B0F2B00F29280DFE803F0089041
S31508015840909090679071909031609090905124F06B
S3150801585089F971780546204619F017FD0821204671
S3150801586019F0CAFC214601201CF0B5F92146002091
S315080158701CF0B1F90123009300233A4A1846214640
S315080158801CF03AF908212046FFF77EFD03A817F018
S3150801589089FA284624F061F9012006B0BDE8F081AD
S315080158A0B38820467288717819F0FAFE204619F0F5
S315080158B0A7FC830708D4204603991CF009FB01219C
S315080158C02046FFF761FDE7E7AA68274B9A4203D10D
S315080158D0214601201CF04FF903A817F063FAEEE7F9
S315080158E0836843B103AA0492B27803218DF8142080
S315080158F004AA2046984703A817F054FACCE7836808
S31508015900002BF8D003AA04927278EEE78368002B7D
S31508015910F1D00022059203AA0492042104AAE8E719
S31508015920039D21460120AE7919F05BFC0F4B826875
S315080159309A4203D02846F8F75DFCADE7AB19D3F8D0
S315080159400D202046D3F81130FDF7C4FB2846F8F799
S3150801595051FC214601201CF00EF90221B0E7002076
S315080159609BE700BFC51E0308B71D0308BB1D030837
S31508015970F7B50D46044619F03DFCAB790C33EF5CDF
S31508015980EE18C3076DD5012F48D0082F41D0002F37
S315080159905AD1718920461CF09DF8B1887278092977
S315080159A00B4638BF0923013B9BB29A4209D8738833
S315080159B08B428CBF00230123002A08BF002300EA7B
S315080159C003072046FCF71EFF80B219F0C5FB70B12C
S315080159D04088B188F3883289009008461BF0BAFFDF
S315080159E038B92846F8F706FC012003B0F0BD0120B6
S315080159F0EFE7002FF5D02146002019F0F2FB10221F
S31508015A00C560738900921A4A214600201CF074F871
S31508015A10EAE7294620461CF0F3F9E5E72046F1882E
S31508015A201CF058F80746701C1AF08FFE0028D8D0CB
S31508015A30002FD6D02146002019F0D3FB2022C560BD
S31508015A40F38800920B4ADFE72946204618F03DFB0A
S31508015A500028C9D12946204603B0BDE8F040FFF722
S31508015A60D5BE0E2FD5D02946204618F01DFBEFE7E7
S31508015A700D1F0308551E030838B504460D4619F0CF
S31508015A80BFFB42070FD4204619F0BAFB83070AD495
S31508015A902046022119F0B6FB29462046BDE83840C2
S31508015AA0034A1CF00DB92846F8F7A4FB002038BDB7
S31508015AB0FD55010838B504460D4619F09BFB00F063
S31508015AC0050004280CD1204619F09AFB10F4C02FC2
S31508015AD006D129462046BDE83840044A1CF0F0B8EC
S31508015AE02846F8F787FB0C2038BD00BF2956010860
S31508015AF0014A1CF0E5B800BFE956010870B505462C
S31508015B000C460146012019F06CFB0646284619F099
S31508015B1077FB010704D52046F8F76CFB002070BD1A
S31508015B2033685A05F7D4284619F064FBC30708D524
S31508015B3021462846FFF7A0FF18B917F0CEFA044602
S31508015B4070B156E8003F43F4806346E80032002A04
S31508015B50F7D121462846BDE87040024A1CF0B0B884
S31508015B600720DCE75157010873B504460E4619F0BC
S31508015B7041FB00F00C0004284FF0020035D117F064
S31508015B80ACFA054698B34379022143F002034371FF
S31508015B901BF068FF28461BF056FF2946467020462B
S31508015BA01BF046FF1621204619F06FFB08212046F7
S31508015BB019F022FB214601201CF00DF82146002090
S31508015BC01CF009F820461CF0B0F80121204619F00E
S31508015BD05FFB034601202146064A00901BF08CFF15
S31508015BE020460821FFF7D0FB002002B070BD072030
S31508015BF0FBE700BFE51D03082DE9F04387B004461E
S31508015C000E4619F0FDFA00F4C060B0F5C06F06D172
S31508015C10022017F062FA054610B9072053E000255D
S31508015C202146012019F0DDFA814696F8068000F131
S31508015C30120208F10C08B04408F10F0308F11F011C
S31508015C4053F8040B8B4242F8040BF9D10321304671
S31508015C501BF008FF30461BF0F6FE0A22074608F13C
S31508015C600501013022F000FB0C210DEB010000F0CB
S31508015C7011FB03AB03CBC7F80B00C7F80F10059B45
S31508015C8007F10B02C7F8133005B30A2128461BF0A2
S31508015C90E9FE28461BF0D7FE294620461BF0C8FE1A
S31508015CA040212046C9F80C6019F0A6FA03212046BE
S31508015CB019F0EEFA00250346214601200B4A009504
S31508015CC01BF01AFF284607B0BDE8F083204607F106
S31508015CD0130301211AF04CFD204631461BF0A8FE9C
S31508015CE02046C9F80C501AF05FFDDFE7C51F030807
S31508015CF0F0B50D4689B0044619F07CFAAB7910F077
S31508015D00010003F10C0305EB0302EB5C00F09E8036
S31508015D10033B082B00F23181DFE813F009002F015C
S31508015D202F0182002F012F012F015C007C00D2F880
S31508015D300100D2F8051003ABB2F8097003C302F1EA
S31508015D40130301210B3220461AF012FD04212846BD
S31508015D501BF088FE28461BF076FE06460C2105A890
S31508015D6000F098FA05AB03CB3346C6F80100C6F82E
S31508015D700510079A002143F8092F2046721C1AF0CC
S31508015D80F7FC2146002019F02CFA034603AA47839B
S31508015D9003CAC3F81200C3F8161020460821FCF7F7
S31508015DA047FD8021204619F027FA20461AF0FCFC07
S31508015DB0294620461BF03CFE0321204619F068FAC5
S31508015DC00346002021466E4A00901BF095FE0120ED
S31508015DD009B0F0BD0B2128461BF044FE28461BF0EE
S31508015DE032FE294620461BF023FE23F0BBFE05465C
S31508015DF0C021204619F000FA4FF48051204619F0C7
S31508015E0001FA284623F0A9FE4FF48061204619F0CD
S31508015E10FDF9DCE72846F8F7EDF94FF40071F5E7E7
S31508015E20062128461BF01EFE28461BF00CFE2046BE
S31508015E3019F05DFC294620461BF0FAFD20461AF0AA
S31508015E40D8FC214600201BF096FEC0E7043B072B31
S31508015E50BED801A252F823F0795E01089D5E0108B9
S31508015E60FF5E0108D15D0108D15D0108D15D010818
S31508015E70D15D0108155F01082046802119F0BCF99A
S31508015E80AA7920460C322A4402F10903002101327B
S31508015E901AF06EFC2846F8F7ADF998E74FF48060DA
S31508015EA0FEF746F8B0B100274FF40061204619F015
S31508015EB0A9F92046CDE90577FCF7A4FC0646204654
S31508015EC019F096F939460346009505AAB0B21BF0B2
S31508015ED056FC7CE72146012019F083F900F11201ED
S31508015EE020461AF09BFC062128461BF0BBFD2846D6
S31508015EF01BF0A9FD294620461BF09AFD67E72846AF
S31508015F00F8F778F9214601201BF065FE20461AF0BC
S31508015F1070FC5CE723F026FE06468021204619F030
S31508015F206BF94FF48051204619F06CF9304623F08D
S31508015F3014FE4FF4C061204619F068F92946204637
S31508015F401BF076FD2146012019F04BF9C26805467A
S31508015F5082B1937901210C331A4402F113032046C5
S31508015F600B321AF005FC20461AF01EFC2046E96899
S31508015F701BF05EFD0023EB6029E7002028E700BF40
S31508015F80C51F030808B50749002207481BF003FF88
S31508015F900548FFF7C5F9BDE8084001200021FDF7CE
S31508015FA0CDBF00BFF15C01089C2B002038B5054622
S31508015FB00C4619F01FF900F00500042806D1214600
S31508015FC02846BDE83840044A1BF07ABE2046F8F751
S31508015FD011F90C2038BD00BFF95B010838B50C462C
S31508015FE08B7905460C331944E35C142B03D0152B26
S31508015FF00FD0002038BD01311CF0BAF8152128460A
S3150801600022461CF0FFF8214628461BF011FD012007
S31508016010F0E70146012019F0E4F80B4B82689A4231
S3150801602003D02046F8F7E6F8F1E7A1792846214496
S315080160300D311CF09DF82046F8F7DCF829460120B9
S315080160401BF099FDE3E700BF5922030837B504465B
S315080160500D460A4614211CF0D5F8294620461BF0A0
S31508016060E7FC0321204619F013F930220346009272
S3150801607021460120024A1BF03FFD002003B030BD36
S315080160805922030808B5094A09490A481BF083FE3B
S315080160900848FFF745F9022106480022FFF750F99B
S315080160A0BDE8084020200021FDF748BF5D2203080E
S315080160B0DD5F0108AC2B002073B51E46ADF8002044
S315080160C08DF80230009B044601A801930D4611463E
S315080160D01CF038F89DF80630B34203D1BDF80430F8
S315080160E08B4205D02846F8F785F8122002B070BD14
S315080160F0204619F092F99DF80230827A9A4209D11E
S315080161008288BDF800309A4204D12846F8F772F819
S315080161100020EBE76946204619F049FD2946204645
S31508016120014A1BF0CDFDE1E74D60010837B504468C
S315080161301BF07EFC0321204619F0AAF80025034628
S3150801614021460120034A00951BF0D6FC284603B0D8
S3150801615030BD00BFB72203082DE9F0478846212143
S3150801616004461746994619F0B4FC88B3204619F037
S3150801617047F810F4103F2ED1022016F0AEFF05465F
S3150801618058B34FF00A0A23211BF06CFC28461BF072
S315080161905AFC012397FBFAF708F1FF329340437043
S315080161A0064687704846F9F779FB90FBFAF04FF4F3
S315080161B08041F070204619F025F8414620461AF02C
S315080161C0E6FC29462046BDE8F047054A1BF078BD9E
S315080161D01120BDE8F0872320FBE70720F9E700BF78
S315080161E02D610108F0B507460E46144685B00C4BDD
S315080161F06946384603F11002FEF736FB0028F6D049
S31508016200102C254628BF102530462A46694622F015
S315080162106BF8641B2F442E44E9D105B0F0BD00BFCD
S315080162206933002030B589B020226946FFF7DAFFC5
S315080162306A460C4D04AB144603CC9C42286069603F
S31508016240224605F10805F6D1074C1A4603CA6160CC
S3150801625008A98A422060134604F10804F5D109B059
S3150801626030BD00BF693300207933002010B588B0EE
S31508016270694620200EF048FD044630B96846FFF706
S31508016280D1FF0122024B83F82020204608B010BD19
S315080162906933002070B5124B054693F820300C4639
S315080162A08CB00BB9FFF7E2FF10220021684621F0F6
S315080162B0F4FF4CB92022214604A821F0EEFF04A8D8
S315080162C0FFF7B0FF0CB070BD102C264628BF10266C
S315080162D0294632466846FFF785FF3544A41BE8E799
S315080162E0693300202DE9F3411E46836904460D46AC
S315080162F017462BB171B30025284602B0BDE8F081D7
S315080163000029F8D0B0F85830990703D5438D002BEA
S3150801631000F00481204618F03BFA05460028EBD127
S315080163202046628D218DFBF74FFF012E27D040F2C3
S315080163307123B4F854205A43904220D9B4F8562010
S315080163405A43904215D92946204618F084FD41F250
S315080163504505D1E723F006FC06462946206D17F0C8
S31508016360C7FB2046294618F076FD304623F0F5FB93
S31508016370C1E700F51C70B0FBF3F0A4F85400636B99
S31508016380ABBBD4F83880B8F1000F0DD1204618F010
S31508016390F3FB054640B14146204618F05CFD192D30
S315080163A0AAD141F20705A7E7A26B42B1236A13F402
S315080163B0007104D1C4E90D2123F400232362B4F842
S315080163C058309A0742D520461CF04DF9A0B320460D
S315080163D01CF064F90546002800F084802046002157
S315080163E018F039FD04F1400016F0DCFCD7E7204629
S315080163F001A91CF0C4F80028E1D0204601991CF037
S31508016400FCF8054640B12046002118F024FD04F1A8
S31508016410380016F0C7FC6FE7A36B002BCFD0236AB1
S3150801642013F40075CBD104F1340016F0BBFCA36B51
S31508016430C4E90D35236ABFE7E36B3BB9D4F840805D
S31508016440B8F1000F3ED0226C002A4FD1B4F858306B
S31508016450DB0755D4334B3246A36139460023204620
S31508016460FBF7DEF8054600287FF446AF206D0121CB
S3150801647017F03EFB206D17F03CFB00283FF43BAFBD
S31508016480616B29B9A16B00293FF435AFC4E90D1534
S3150801649020461CF0B2F8054600283FF42DAF23F03C
S315080164A061FB06460021206D17F022FB20460021DC
S315080164B018F0D1FC236A304623F40023236223F023
S315080164C04CFB19E7204618F0C8FB054650B1414672
S315080164D0204618F0C0FC04F1340016F063FC04F100
S315080164E0380081E7E36B002BB0D1ACE7236A13F4DC
S315080164F0806102BF23F40023C4E90F212362A5E7C3
S31508016500094DA86A0028A5D116F0E7FD0146A8623B
S3150801651000289FD1204618F09EFC42E741F20C055F
S31508016520EAE600BFE91B01082C26002070B5002405
S3150801653098260C4D95F83430A34200DC70BD2B6BC0
S3150801654006FB043393F86120FF2A03D0186D18B1AE
S3150801655017F0DCFA0134EDE7D86C0028FAD017F009
S315080165607AFAF7E72C26002030B51546102289B0AD
S315080165700C4601460DEB02001CF0FAFA4FF41053D3
S3150801658080221021CDE90132084B224600930DEBFA
S31508016590010005F580731CF0D8F9102104460DEBAE
S315080165A001001CF0EFFA204609B030BD0044400452
S315080165B01FB502464FF410538020CDE90130054B33
S315080165C0009301F58073002108461CF0BEF905B059
S315080165D05DF804FB00444004102210B588B00C464F
S315080165E001460DEB02001CF0C3FA4FF4105380224A
S315080165F01021CDE90132094B224600930DEB01002A
S315080166004FF480631CF0A1F9102104460DEB01003B
S315080166101CF0B8FA204608B010BD00BF0002C0033E
S31508016620002370B510250C4616468AB0014610227D
S3150801663006A805931CF09CFA05AB06AA02933046F8
S315080166402B46CDE900450849EAF794FF064629464F
S3150801665006A81CF097FA334629462046059A1CF0E7
S315080166605DF90AB070BD00BF0044400430B51C4650
S315080166700023102587B0059305AB0293CDE90045A4
S3150801668013460A46054910F046FF29460346059A68
S3150801669020461CF043F907B030BD00BF0002C00315
S315080166A0F7B50027054603200E460197EFF7DAFEF0
S315080166B00122014601AB1046F2F7B0F8044618B1BB
S315080166C02F60204603B0F0BD3146094A019810F003
S315080166D0C1FE0646019846B123F014FD2C603046EA
S315080166E01CF011F940F20744EBE72860E9E700BF1F
S315080166F00002C0032DE9F04147F2121380460F4606
S315080167004FF48070002196B01160CDE901301F4B1E
S31508016710084600934FF4804316461CF016F90446C2
S31508016720F8B904904122306804AB05A910F0E3FDDD
S31508016730054640B9049D412D03D19DF81430042B1B
S3150801674013D06FF08305412105A81CF01BFA3068A8
S3150801675010F009FD0023284633601CF0D4F840F2F6
S315080167600744204616B0BDE8F08140460DF11501F3
S3150801677020221CF0FDF938460DF1350120221CF0C6
S31508016780F7F9294605A81CF0FDF9EAE70000020910
S3150801679010B58CB00C462022014604A81CF0E8F975
S315080167A000234FF48072236047F21213CDE90132B8
S315080167B0084B2246009320214FF4804304A81CF07D
S315080167C0C4F80446202104A81CF0DCF920460CB0C4
S315080167D010BD00BF0000020930B504230D4697B06D
S315080167E01446014620220DF115008DF814301CF0CF
S315080167F0BFF929460DF1350020221CF0B9F900230D
S315080168004FF48072236044F21213CDE90132084B2A
S315080168102246009341214FF4804305A81CF095F8C0
S315080168200446412105A81CF0ADF9204617B030BD34
S315080168300000020970B51C460E46042396B015469B
S31508016840014620220DF115008DF814301CF090F93F
S3150801685031460DF1350020221CF08AF90023202645
S31508016860049304AB05AA29460293CDE900464123C0
S31508016870074810F063FE0546412105A81CF082F978
S315080168802B4631462046049A1CF048F816B070BDCE
S3150801689000000209074A1379834208D9012303FA3A
S315080168A000F013681840003818BF0120704700200F
S315080168B0704700BFBC2B0020054A0346106800221A
S315080168C008B91A60704700F001010A444008F7E761
S315080168D0BC2B0020014B1879704700BFBC2B002048
S315080168E0102A2DE9FF4706468846154621D8002471
S315080168F04FF0010ADFF844900F4FD9F800200AFA41
S3150801690004F3134212D046EA042038436A46E9B230
S3150801691080B206F019FC48B92A464146684621F074
S3150801692093FC18B9E0B204B0BDE8F0870134202C15
S31508016930E3D1FF20F7E700BF0080FFFFBC2B002053
S3150801694070B506460D46FFF7A5FF40B1054C44EA6A
S31508016950062420461CF06BF800B92C6070BD40F285
S315080169600640FBE706800400F7B5044620F0E1FA85
S31508016970FF2C4DD100F0CEFE0024594E3379A342A7
S3150801698021D84FF400410024084606F03FFC202296
S31508016990FF215448346021F080FC204600F030FF86
S315080169A0FF260446504D0CBB00F0E2FC0C214C4A74
S315080169B043F6FF7006F0ACFB20213820494A06F061
S315080169C0A7FB00202AE0E5B22846FFF763FF58B186
S315080169D0052128461CF0DEF8032128461CF0DAF8C2
S315080169E0062128461CF0D6F80134C7E794F8753015
S315080169F0FF2B05D02B7843B9132120461CF082FCC6
S31508016A00204600F0FDFE0446CDE784F87560F7E7F9
S31508016A102046FFF73FFF18B940F2064003B0F0BD24
S31508016A206B460622002120461CF000F900283FD0BB
S31508016A3049238DF8063020024FF47F4140F4004087
S31508016A4006F0E4FB052120461CF0A4F803212046A4
S31508016A501CF0A0F8062120461CF09CF80122204DC6
S31508016A60A2402B68204623EA02032B6000F046FE6B
S31508016A7000211C4B2A7908461D46013A8A4221DC27
S31508016A80FF260020AE5400F0BBFE0546164F002D2A
S31508016A908CD095F87530A34205D13B78E3B913211B
S31508016AA028461CF02FFC284600F0AAFE0546EEE70C
S31508016AB06B460622012120461CF0B8F80028BAD0F8
S31508016AC07223B6E71E78A64200D010B1587818701E
S31508016AD0012001310133D1E785F87560E3E700BF8D
S31508016AE0BC2B00208C3300208A3300202DE9FF417E
S31508016AF0334C064601A8FFF7DFFE019A2379934234
S31508016B001ED86379012B3CD100274FF0FF383D464B
S31508016B1010E02368EB40DB070BD5082202AB1146D0
S31508016B20E8B21CF083F820B1039B43453CBF2F46CE
S31508016B309846013523799D42EBD3F8B2FFF714FF46
S31508016B4000250122236802FA05F73B4233D13B436C
S31508016B502360A3680C21013343F6FF70184A736159
S31508016B60A36006F0D5FA98B1236823EA07032360E0
S31508016B70A368013BA3607361FF25284604B0BDE8FD
S31508016B80F081022BF8D10F4B134413F8010CD5E70A
S31508016B9023790C4A013B52FA83F3934207D1EDB2AA
S31508016BA015702021074A382006F0B2FAE5E713F8EE
S31508016BB0011D5970F1E70135202DC4D1DCE700BF6D
S31508016BC0BC2B00208C3300202DE9F04F00258BB01B
S31508016BD0754C04213F2003AA257006F0B5FA00B1C9
S31508016BE00395039E002E63D00027721E5642564116
S31508016BF0002525706D4C0C21224643F6FF7006F0E0
S31508016C00A3FAC0B10D23A380039B2560032BA560BE
S31508016C1011D805AD2A46142143F6FF7006F094FAF9
S31508016C2048B995E8070084E8070022460C2143F68F
S31508016C30FF7006F06DFA039B042B05D004213F2053
S31508016C4003AA039106F064FA20213820584A06F06F
S31508016C507BFA20B12022FF21554821F01EFB032291
S31508016C60237900255B00B3FBF2F3524A137000F057
S31508016C7051FD23799D421ED3002F58D0102137206C
S31508016C8005AA06F061FA78B9102105A800F004FCF6
S31508016C900546102105A81BF075FF372006F070FA86
S31508016CA015B1FF20FFF760FE4FF00008424F3BE0A9
S31508016CB001273E469CE72368EB40DB070BD50822F4
S31508016CC05FFA85F81146404605AB1BF0AFFF10B9D0
S31508016CD04046FFF749FE0135CBE75FFA88F9484692
S31508016CE0FFF7D8FDF0B14FF0000ADFF8D0B01BF876
S31508016CF0015B10222946484605AB1BF097FF102871
S31508016D0027D105AA2946019048461BF049FF019B50
S31508016D100090194605A81BF035FF009A9AB1484616
S31508016D20FFF722FE08F1010823799845D5D336B134
S31508016D303D2006F025FA002523799D420FD3002030
S31508016D400BB0BDE8F08F45EA0820384380B206F05B
S31508016D5017FA0AF1010ABAF1030FC8D1E2E7EEB24E
S31508016D603046FFF797FDE8B104220C21304604AB03
S31508016D701BF05CFF04280AD1049B0122C3F30023FC
S31508016D808DF814300C21304605AB1BF01CFF102280
S31508016D90002105A821F081FA10220D21304605AB04
S31508016DA01BF011FF0135C7E78A330020BC2B0020F1
S31508016DB08C3300208B3300200080FFFF6CEC030826
S31508016DC0F0B4114B114A1D7914460023D9B28D42EC
S31508016DD004D914F8017B5E1C874205D10C4C247832
S31508016DE08C4203D9F0BC70473346EFE7134493420C
S31508016DF006D110702021F0BC3820044A06F088B963
S31508016E0013F8011D5970F2E7BC2B00208C330020C2
S31508016E108B33002030B50446457887B02A46811C55
S31508016E2001A821F061FA01A9207805951EF04EFB0B
S31508016E300446034820F0BBFE848007B030BD00BF7E
S31508016E402002090230B50446457987B02A46811DD4
S31508016E5001A821F049FAD4F8011001AA207805956C
S31508016E601EF048FB0446034820F0A1FE848007B0C3
S31508016E7030BD00BF2002090410B5B0F80110B0F802
S31508016E800330421D00781EF04BFB0446024820F0F1
S31508016E908EFE848010BD00BF2002091910B5B0F816
S31508016EA00110C27800781EF04BFB0446024820F018
S31508016EB07EFE848010BD00BF2002090520F0004037
S31508016EC0A0F20540F8B5032817D8DFE800F0021745
S31508016ED028330C790F78A4F11B02534253414E888B
S31508016EE0CD8801F108021948990015F031FE20B143
S31508016EF00771A0F80560C4710581F8BD0E784D8843
S31508016F008C8801F108021248002115F021FE00289B
S31508016F10F3D00671A0F80550A0F80740EDE70D4833
S31508016F200D784C6815F0D9FD0028E6D00571A0F852
S31508016F300540E2E707480C7815F0CFFD0028DCD0BC
S31508016F4007234371002304718371D6E788EC03088C
S31508016F5084EC030880EC030810B586B004460B469A
S31508016F6000920649012203A80DF044FB20B9049BAF
S31508016F7003A81C7120F082FD06B010BDA4EC03081D
S31508016F8030B587B005460C4600930849134603A851
S31508016F9001220DF02FFB30B9049B03A81D71C3F81C
S31508016FA0054020F06BFD07B030BD00BF9CEC03081F
S31508016FB07FB506460D4601A8074914460DF0FAFAAB
S31508016FC038B9029B01A81E71A3F80550DC7120F09F
S31508016FD055FD04B070BD00BF94EC030830B587B009
S31508016FE005460C4600930849134603A802220DF0EC
S31508016FF001FB30B9049B03A81D71A3F8054020F0D5
S315080170003DFD07B030BD00BF8CEC0308002110B56B
S31508017010821D83880446084616F0F5F9024648B1EA
S31508017020618820881DF049FA0446034820F0BFFD0F
S31508017030848010BD1A24F8E720020A1740F2055386
S3150801704020F0004098422DE9F0410BD840F2015357
S31508017050984209D840F2014398420DD040F20A43BA
S31508017060984214D0BDE8F081A0F20350022816D840
S31508017070DFE800F024495C000D784C882D4815F0AE
S315080170802CFD0028EED00571A0F80540EAE72A484C
S315080170900C7815F022FD0028E4D00471E2E72748B0
S315080170A00F784E880D79CC8815F017FD0028D9D0B0
S315080170B00771A0F80560C5710481D3E78C684E880D
S315080170C00D790F7884B1B1F8068001F108021C48E0
S315080170D0002115F03DFD0028C4D00771A0F8056010
S315080170E0C571A0F80880BDE7234622462146144803
S315080170F015F004FD0028B5D00771A0F80560C57123
S3150801710004724472AEE70F4891F800804F880E79F1
S31508017110CD880C8915F0E1FC0028A3D080F80480FD
S31508017120A0F80570C671058144819BE70D784C6806
S315080171300548A4E7D0EC0308BCEC0308CCEC03082B
S31508017140C8EC0308C4EC0308C0EC030830B587B0E3
S3150801715005460C4600930749134603A802220DF07B
S3150801716049FA28B9049B03A89D80DC8020F086FC97
S3150801717007B030BDD4EC03084FF0FF30014670B5B7
S31508017180084A9368127B03EBC202934200D170BD91
S31508017190D3E90054854274EB01063CBF28462146D3
S315080171A00833F2E7C82B00204EF6602337B50B4AA1
S315080171B0157954795D435C43A5420BD004210DEB47
S315080171C001001BF0B4FC28B9019B641B0134A3FB25
S315080171D004342C44204603B030BD00BFC82B002020
S315080171E038B5FFF7C9FFB1F1FF3F08BFB0F1FF3F5F
S315080171F004460D460CD01FF0CFFE064BA042A9410E
S3150801720034BF211A00211869BDE8384006F0C4B810
S3150801721038BD00BFC82B00202DE9F84F1E4DAB79AC
S31508017220DB0736D51FF0B8FE4FF0000906460F46B4
S315080172304FF0FF3A4FF0FF3B2B7B5FFA89F4A342ED
S3150801724003D8BDE8F84FFFF7CBBFAB684FEAC408D0
S3150801725053F8342003EBC4014B68964277EB0303DA
S3150801726008D320461BF048FF0A2806D1AB684344D9
S31508017270C3E900AB09F10109DEE7FFF795FFAB6842
S315080172808019984447F1000243F83400C8F80420ED
S31508017290F0E7BDE8F88F00BFC82B002038B50C4CC5
S315080172A0A37923F00402DB07A27110D501200DF0A2
S315080172B035FF0DF039FE50B16569FFF775FF0146D7
S315080172C0284606F069F8A37943F00403A37138BD8B
S315080172D0C82B002008B518220021024820F0DDFF3E
S315080172E0002008BDC82B002038B50478C4B1002297
S315080172F0082120460B4BF1F791FA90B90246102165
S315080173000120094BF1F78AFA58B9084DFF21A868F7
S31508017310E2002C7320F0C1FF054928691FF032FEEF
S31508017320002038BDD02B0020D82B0020C82B0020E8
S315080173301972010810B5002210210120054BF1F739
S315080173406DFA044620B9044B044958691FF01AFE20
S31508017350204610BDDC2B0020C82B00209D72010899
S31508017360024B987900F00100704700BFC82B002036
S3150801737010B5094C206830B91BF023FC0138C0B29E
S31508017380012802D805481BF044FB00232360A37992
S3150801739023F00203A37110BDC82B00203700040097
S315080173A070B586B0FFF7E4FF1BF00BFC431EDBB29A
S315080173B0012B154B88BF0023144E0546012168464B
S315080173C033600093FFF7F4F8044638B90098032DA3
S315080173D0306006D0B37943F00203B371204606B094
S315080173E070BD102201AB02A91BF044FB054618B972
S315080173F0102102A81BF0C6FD102102A81BF0C2FB32
S31508017400002DE7D02C46E9E737000400C82B0020F9
S3150801741038B5104CA3799B0709D520681BF007FBE3
S31508017420B0B12D2815D1BDE83840FFF7B9BF1BF01B
S31508017430C8FB0138C0B20128F5D8074D28461BF00C
S31508017440F6FA0028EDD1A379256043F00203A3716A
S31508017450002038BDC82B00203700040073B50E463E
S315080174600546A8B1102913D1FFF7D2FF044660B922
S31508017470084832462946006801AB1BF0FBFA044668
S3150801748018B1314628461BF07DFB204602B070BD77
S315080174902124FAE7C82B002037B505460C460DF01E
S315080174A043FD10B1022003B030BD1BF040FE002899
S315080174B0F8D124B903B0BDE83040FFF771BFE5B193
S315080174C0102C1AD1FFF754FF1BF07BFB431EDBB2CE
S315080174D0012B0B4B88BF00230A4C0122284601A920
S315080174E023600193FFF740F80028DCD1019B236054
S315080174F0A37943F00203A371D5E72120D3E700BF9F
S3150801750037000400C82B002073B504461BF0ECFFB6
S31508017510E51C032128461BF00AFB30BBE278637998
S31508017520E2B922791A43F4D003F07F0343F040030A
S315080175306371FFF76DFF78B90D4B01AE32462946E7
S31508017540186820F027FD38B99DF80630BDF80420E3
S31508017550A37053232280A37102B070BDFF2AE3D121
S3150801756022791A40FF2AD4D0DEE740F20740F3E732
S31508017570C82B00202DE9F041154F0446BB79DB07DE
S3150801758023D53B7B834220D9BB684FEAC00803EB6E
S31508017590C00153F830204B68B3F1FF3F08BFB2F181
S315080175A0FF3F12D11FF0F8FC06460D46FFF7FCFD1A
S315080175B0BB688019984445F1000543F83400C8F8BA
S315080175C00450BDE8F041FFF70BBEBDE8F08100BFEE
S315080175D0C82B002010B5144C237B834222D9A268FC
S315080175E002EBC00352F830105A68B2F1FF3F08BFE8
S315080175F0B1F1FF3F16D04FF0FF304FF0FF31C3E92D
S315080176000001FFF7B9FDB1F1FF3F08BFB0F1FF3F38
S3150801761004D12069BDE8104005F014BFBDE810404B
S31508017620FFF7DEBD10BD00BFC82B002038B5094CD9
S31508017630A379DA070DD565695DB15B0709D4FFF74B
S31508017640B3FD0146284605F0A7FEA37943F00403D6
S31508017650A37138BDC82B0020FF232DE9F74F264E0D
S315080176600B700546884606220146304620F0ECFD99
S31508017670044690B1FFF72EF94FF0000A814605F14D
S31508017680030B5FFA8AF7B94510D82B683360AB88C4
S31508017690B380FF23B3712D2404E0B379FF2BFAD00D
S315080176A088F80030204603B0BDE8F08F3846FFF76A
S315080176B0F1F8F0B1384601A9FFF742F92D28044639
S315080176C017D00028EED16A465946019820F062FC87
S315080176D004460028E6D103222946684620F0B4FD6F
S315080176E038B92B683360AB88B771B38088F80070F6
S315080176F0D8E70AF1010AC4E7AC330020044B9A79AA
S31508017700824204D100221A609A80FF229A71704738
S31508017710AC3300200022034B1A609A80FF229A712B
S31508017720704700BFAC33002070B504460D461B4AAE
S3150801773013686BB393F87D1011F004012AD15868C8
S3150801774010608C22184693F8706020F0A6FD034657
S3150801775080F870602268C0F85A20A288A0F85E20D6
S31508017760A27980F860202868D864AA79A98883F85C
S315080177705220FF2283F8752083F8762040F6FF729F
S31508017780A3F86E20064AA3F85010116813605960D1
S31508017790184670BD1A1D5B68CBE700BFE42B0020B5
S315080177A0E02B0020054A0346106800B97047B0F877
S315080177B06E209A42FAD04068F7E700BFE02B002016
S315080177C0054A0346106800B9704790F870209A4236
S315080177D0FAD04068F7E700BFE02B002038B5054628
S315080177E0064B1C680CB9204638BD294604F14C00E5
S315080177F000F084FD0028F6D16468F3E7E02B002049
S3150801780010B9024B1868704740687047E02B002092
S315080178100023114A2DE9F0418C2113608046024666
S315080178200120F6F769FE044620B905460B4E30607D
S31508017830454502D32046BDE8F0810120F6F7CAFE88
S3150801784007468C220021013520F027FD87F8705064
S3150801785037603E1DECE700BFE02B0020E42B00203B
S31508017860012310B58B4090F87110044621EA0301F3
S3150801787049B280F87110002949D11FF056FB2046FC
S315080178801EF014F8102104F118001BF07BF92046AC
S3150801789001F0FAFF04F1380015F084FA20461DF0CC
S315080178A062FF224A13681BB19C4231D16368136097
S315080178B0A36859050BD51A0509D443F40063A189B0
S315080178C094F87000A36004F1780205F005F8002326
S315080178D02046636020F006FA1BF0E0F94FF4807247
S315080178E0B2FBF0F2424394F870300344B3FBF2F171
S315080178F002FB1133DBB2591EC9B2FD29F5D884F84A
S315080179007030002363600A4B1A6852B91C6010BDB7
S315080179101A465B68002BCBD09C42F9D16368536049
S31508017920C6E71A68131D5268EFE700BFE02B00206F
S31508017930E42B002090F8743003F00B03013BDBB213
S315080179400A2B9ABF014AD05C00207047DCEC030879
S315080179501FB5014690F870308DF80430FFF7EAFF3D
S31508017960B1F862308DF80C00ADF80630B1F8643024
S3150801797001AAADF80A30B1F86630054840F203119C
S31508017980ADF8083020F0C2F905B05DF804FB00BF78
S31508017990302C002007B590F870308DF8051001AA33
S315080179A040F2072103488DF8043020F0AFF903B0FF
S315080179B05DF804FB302C002038B50A4B04461B68D9
S315080179C00D462BB143699B0702D51BF0C1FD30B1AA
S315080179D02A4620680421BDE838401DF036BEA36951
S315080179E09D6138BDE82B0020014B1860704700BF28
S315080179F0E82B0020024B1868003818BF0120704791
S31508017A00E82B002013B50446019120B901A815F009
S31508017A10C9F9212012E008460029FAD015F038FAEA
S31508017A2080B20028F2D0094B20461B6801994BB158
S31508017A30984728B92046019900F0F8FF02B010BD11
S31508017A400020FBE701F030FCF3E700BFE82B00203C
S31508017A50436A73B59904044625D4FFF781FC636A22
S31508017A6003F4804308B3A26AD2041ED4D4F80100F1
S31508017A70002BB4F80520E37904F1010500902946A5
S31508017A800CBF53201420ADF804208DF806301BF0E6
S31508017A90D9FC40B96946284600F030FC18B9636A32
S31508017AA043F00803636202B070BD002BFBD1084D99
S31508017AB0661C2946304600F021FC0028F3D12B68C4
S31508017AC0C4F80130AB88A4F80530AB79E371E6E771
S31508017AD03F2C00202DE9F0411E4E3071C0B33346CC
S31508017AE000224821F0F79AFE38B905464FF04808B2
S31508017AF007463379AB4202DC0020BDE8F0813468E1
S31508017B00002108FB05441422A76104F1340020F082
S31508017B10C4FBA0224FF4A073C4E90723072304F189
S31508017B20100084F83130E773E77115F03BF904F179
S31508017B30140015F037F920461BF028FA40F2011314
S31508017B40E3857F23A76284F8323067620135D0E77F
S31508017B503060D1E7EC2B0020074A034611798142B0
S31508017B6008D9106838B1482202FB0300406A00F0C0
S31508017B700100704700207047EC2B002038B50546F8
S31508017B800C46FFF7E9FF034638B148220020044BAB
S31508017B901B6802FB0533236038BD2120FBE700BFC4
S31508017BA0EC2B00202DE9F04F0446364A93B01068B5
S31508017BB051680FAB03C3906812AA1860E37B02EB06
S31508017BC04303626A33F80C5C170548D40127B846A3
S31508017BD045F01005A67BC2F30043C6F3C00692031F
S31508017BE048BF43F0020386F00106B8F1010FD4E954
S31508017BF0072194F8009094F831A004F1080B0B9131
S31508017C0094F93240F6B209D0B8F1020F06D0B8F1AC
S31508017C10040F14BF4FF000084FF00308012F05D0D9
S31508017C20022F03D0042F14BF002703274846CDE9A6
S31508017C300C231BF0B5F90D9BCDE90770CDE903B30C
S31508017C4001232946CDE900A3DDE90B324846CDE9F2
S31508017C500548029601F058FE13B0BDE8F08FA36AF5
S31508017C6094F82E809E0648BF45F02005580648BF61
S31508017C7045F04005110494F82F7048BF45F00405F6
S31508017C80A8E700BFE8EC030837B5044648B104780D
S31508017C902046FFF761FF10B9002003B030BD01345B
S31508017CA0E4B2074D2B79A342F6D9204601A9FFF77D
S31508017CB065FF08B90198F0E70134E4B2F2E700BFBD
S31508017CC0EC2B002073B50579C67801A92846FFF77C
S31508017CD055FF00BB019C2846636A23F010036362C3
S31508017CE0FFF778FC76B92946A069621C0F4B00F0AC
S31508017CF001F9222231460D48A66102B0BDE870405D
S31508017D0020F0CBBA20461BF041F9636A5A0604D51E
S31508017D1023F04003636202B070BD284604F13401C2
S31508017D2002B0BDE8704004F017BA00BF582C002015
S31508017D302DE9FF4791420E4615469946BDF830A0F2
S31508017D40BDF83480BDF8387003D9212004B0BDE8E8
S31508017D50F08740F67A428B1F9BB29342F5D8B5F568
S31508017D60486FF2D8B9F5FA7FEFD240F67642AAF112
S31508017D700A039BB29342E8D809F1010313FB05F301
S31508017D800FFA8AF2B3EB820FDFDAB845DDD8FF289E
S31508017D900BD1184B002059829D82A3F81690A3F89F
S31508017DA018A0A3F81A809F83D0E7FFF709FD0446B8
S31508017DB00028CAD090F873302A46012B31464B4623
S31508017DC0CDE90187CDF800A008D101F059FC0028BA
S31508017DD0BCD1A4F86880A4F86A70B7E701F050FC32
S31508017DE04B462A4631462046CDF800A01DF04DFCEB
S31508017DF0EDE700BF342C002037B504460D461BF0CD
S31508017E0006FA698820461AF03EFF6A7E2B7E2046CE
S31508017E1043EA0223A4F862306A7F2B7F43EA0223EE
S31508017E20A4F86430EA7EAB7E43EA0223A4F86630FE
S31508017E301B23A4F86C302D4B5A8B9B8BA4F8682016
S31508017E40A4F86A30022384F872301FF06DF82046D0
S31508017E501DF000FD94F87330022B15D101F08AFF4D
S31508017E6070B194F87530FF2B0AD105212046A36815
S31508017E7043F48053A36003B0BDE830401BF042BA17
S31508017E80002120461AF002FF0021204600F0B0FA30
S31508017E904FF6FF73288C984225D000F05BFA0094C0
S31508017EA000F044FA6A46ADF8040040F2062110488B
S31508017EB01FF02CFF002240F2022120461FF0E2FEAD
S31508017EC02046FFF745FD20461DF0D7FC204601F068
S31508017ED053FCA368012123F480432046A3601BF0C9
S31508017EE015FA03B030BD0020D9E700BF342C0020B5
S31508017EF0302C0020F7B504460F46164668465A79CF
S31508017F00991D1D4600F0D8F92CB969463046FFF788
S31508017F100BFC0446A0B140F2032384F87670A4F85A
S31508017F20723033682946C4F85A30B3882046A4F813
S31508017F305E30B37984F86030FFF75EFF03B0F0BDB9
S31508017F40032140F206401DF040FB6B88A0F8033080
S31508017F500D2343710148F7F769FDEFE76B12030833
S31508017F60A0F11B03E02B10B5044618D8042142F2F0
S31508017F7024001DF02AFB6FF06F0343714223A0F81A
S31508017F80034083710748F7F751FD1DF021FB40793E
S31508017F9020B11DF01DFB407940F4805010BD212011
S31508017FA0FCE700BF3D1503082DE9F0439946002378
S31508017FB087B00F9F2E4D3B602B6A06460C469046AE
S31508017FC013B102233B6012E01EF04EFE064213D0A7
S31508017FD036EA000010D1012E01D0042E0CD120461C
S31508017FE03B4649460E9A1BF0A5F9044630B90024CA
S31508017FF0204607B0BDE8F0832123E3E730460CF0BD
S3150801800079FF386058BBFFF7ABF928B10CF084FF4C
S3150801801010B918481BF068FA0CF09EFF3860F0B9E1
S3150801802000F008F903683246C4F85A308388FF21FC
S31508018030A4F85E308379204684F86030AB8B0593CB
S315080180406B8B04932B8B0393EB8A0293AB8A019375
S315080180506B8A0093434601F051FA386020B100213A
S315080180602046FFF7FDFBC2E70CF066FF2C62BFE76F
S31508018070342C0020382C002007B590F870304FF4C6
S31508018080887101AA03488DF804301FF03FFE03B03A
S315080180905DF804FB302C0020F7B5C67805463C2E62
S315080180A000F1020404D103B0BDE8F0401BF090B81A
S315080180B087792FBB234A156A1762D6B12146284606
S315080180C046F480561BF0A3F840F201216A46284679
S315080180D0EE6085F87270CDE900561FF017FEAB68A1
S315080180E0394643F480632846AB60FFF7B9FB03B012
S315080180F0F0BD2146284603B0BDE8F040FFF77CBE37
S315080181004FF6FF73408C98420DD000F023F950B119
S3150801811000F090F823460246FF21002003B0BDE88F
S31508018120F040FFF7E7BE2346074A2235144618688A
S315080181305968083303C4AB422246F7D11B8823800A
S31508018140D5E700BF342C0020582C00201FB5044663
S31508018150B0F80300FFF726FB08B3B4F8053090F82A
S315080181607020A0F86C308DF80420ADF80630227A1C
S31508018170E37940F2091143EA0223ADF80830A27AFD
S31508018180637A084843EA0223ADF80A30227BE37A88
S3150801819043EA022301AAADF80C301FF0B7FD04B07B
S315080181A010BD00BF302C00201FB504468088FFF79C
S315080181B0F9FA80B190F870300E218DF80430D4F8B0
S315080181C006300648CDF80530D4F80A3001AACDF8AC
S315080181D009301FF09BFD04B010BD00BF302C0020F4
S315080181E013B504468088FFF7DDFAD8B190F87030E8
S315080181F06A468DF80030E3784FF403718DF8013043
S31508018200A37909488DF80230E3798DF80330237A8A
S315080182108DF80430637A8DF80530A37A8DF8063027
S315080182201FF074FD02B010BD302C002000487047C5
S315080182303F2C002008B5FFF793F8044B1A4607337D
S31508018240002808BF1A46104608BD00BF382C002072
S3150801825010B58379044613F0280F21D00268114B13
S31508018260C3F80B208288A3F80F20827900205A745C
S31508018270FFF70AFD20B9BDE8104003200CF04EBFF8
S31508018280436A13F4C04FF3D1226843F00803C0F8D8
S315080182900120A288A0F80520A2794362C271E7E706
S315080182A0212010BD342C00204379024A9B09D05C59
S315080182B0704700BF04ED03080B6810B503608B888F
S315080182C0FF2A0446838002D10723A37109E0032A02
S315080182D008D8054B9B5C072B837102D1FFF7E4FF96
S315080182E0A07110BD0023F0E708ED03088379024A5F
S315080182F003F00703D05C7047FCEC030810B58B79D3
S315080183008279094C02F0070203F00703A25CE35CD9
S315080183109A4206D106221FF097FFB0FA80F040096B
S3150801832010BD0020FCE700BFF4EC030860B114227D
S31508018330074B1B68C31AB3FBF2F3007CDBB240EAB6
S31508018340032000B280B270474FF0FF30FAE700BF52
S31508018350DC38002010B50246142408490B7A09684E
S31508018360FF2B01D1002010BD6343C818CB5AC3F3B4
S315080183700B039342F7D0437CF2E700BFDC380020B9
S31508018380F722014B1A8070477C3A002010B5044643
S3150801839058B30068836CA3421FD16368836422467D
S315080183A012491FF07FFC04F10C001FF09BFC04F13D
S315080183B0440014F0F7FCA06948B1143014F0F2FC3B
S315080183C0A069183014F0EEFCA06915F06EF8204685
S315080183D0BDE8104015F069B81346002BDFD05A687E
S315080183E0A242F9D162685A60D9E710BDE13503089E
S315080183F070B5054648200E4615F055F8044650B1A5
S31508018400FFF7F8FA60B11C2015F04DF8A06128B9FC
S31508018410204615F04AF80024204670BD0023037053
S31508018420032128461AF032FCAB6C22466360AC6421
S315080184301723268100266381144928462560267755
S3150801844066640CF0ABFB04F041F83246014604F1D0
S315080184500C000CF0A3FB02232374FFF7CBFA18B91F
S315080184600B4B1B78002BD7D00A4B19881729D3D960
S3150801847020461AF09DFC0028CED1132120461BF078
S3150801848074F8636943F002036361C5E7E1350308DC
S31508018490B33300207C3A0020F8B5054610B34C1CCE
S315080184A020D0114C2468247E8C421BDD3F2919DC1F
S315080184B0032701F0030600EBA10191F8314076008C
S315080184C0B74002F0030224EA0704B240224381F8C6
S315080184D0312013B100211BF001F92846BDE8F84007
S315080184E01BF05BB9F8BD00BFFC2B002070B5164622
S315080184F000221A7032800A7A0D46072A4DD8DFE81B
S3150801850002F004090D111A1E304AE86830F8023BD8
S31508018510338043E0EB68981D5B88F9E7EB68981DA3
S315080185209B88F5E7697B1BF026F902221C4B18800C
S315080185301846328032E002231A4833802EE01A4C5C
S315080185402B7BE88923702B88E11C013363702B8808
S3150801855001331B12A37000F0A7F9033030802046BF
S315080185601CE0124CA889EB89020AA3701B0A207029
S315080185706270E37000F00EFA58B1C3681A88022ACD
S3150801858007D19A782271DB7863710623074833800D
S3150801859004E00423FAE780221A70002070BD00BFA8
S315080185A0CD3300200CED0308BA330020B433002084
S315080185B0054A064B1860136843F001031360828B62
S315080185C0034B1A80704700BFF42B0020FC2B0020B8
S315080185D04E32002010222DE9F04FDFF858818FB076
S315080185E0002105460DEB02001FF057FED8F80010D2
S315080185F011F008040AD04D4B03F1100253F8041B7D
S31508018600934245F8041BF9D100242CE02146102297
S3150801861028461FF042FE02A904A80294FDF7DCFFD2
S31508018620044600BB0390029903A8FEF739F80446ED
S31508018630B0B982463E4BA2B21B68D988914216D878
S31508018640294603A81AF039FA044602981AF0E1F9FC
S31508018650002C5AD01022002128461FF01EFE02E0E7
S3150801866002981AF0D6F920460FB0BDE8F08FD3F874
S3150801867000B0A7B24FEA07190BEB07173846ADF852
S3150801868006A01BF079FC0646384600F053F9002887
S3150801869039D0A6F520539BB2032B02D9B6F5245F30
S315080186A023D13BF809303946ADF820300DF10602E1
S315080186B000200DF10503ADF82260FFF717FFBDF89D
S315080186C006600146324609A81FF00EFE321D0398C0
S315080186D008A91AF0E9F90646A8B103A81AF00DFA8D
S315080186E002981AF096F93446BDE706F55643FF3364
S315080186F09BB2042B07D83BF80930ADF82260ADF8D8
S3150801870020300026E2E7013494E7084B05F1100210
S3150801871055F8041B954243F8041BF9D1D8F80030E3
S3150801872043F00803C8F800306EE700BFCF330020D6
S31508018730FC2B0020F42B0020134B01461B6870B557
S3150801874013F0040306D00022104B1C68E38990B28B
S31508018750834209D80E4A14680022E58990B28542F7
S3150801876009D84FF6FF7005E0A56835F812500132B1
S315080187708D42ECD170BDA66836F8126001328E4280
S31508018780ECD1034498B2F5E7F42B0020F82B00202E
S31508018790FC2B0020094B1B685B070AD5084B1A6896
S315080187A0D389834203D9936833F810007047C01AF6
S315080187B080B2044B1B689B68F6E700BFF42B0020C8
S315080187C0F82B0020FC2B002038B5046805460C223E
S315080187D0204608491FF038FD50B90222064904F11E
S315080187E00E001FF031FD18B902200C342C6038BD7B
S315080187F01020FCE70FED03081DED03082DE9F743EB
S315080188001028019146D101A8FFF7DEFF022806D1FB
S31508018810019B1888FFF790FF03B0BDE8F0831F4B53
S31508018820019F1E6816F0040608D000241C4BD3F8D5
S315080188300080B8F81660A5B2AE420BD80025194BD0
S31508018840D3F80080B8F81690ACB24C4510D34FF661
S31508018850FF70E1E7D8F81000102200EB0410394642
S315080188601FF0F2FC01340028E5D145F40040D3E7B6
S31508018870D8F81000102200EB051039461FF0E4FC69
S3150801888001350028E0D1A0196FEA40406FEA50404F
S3150801889080B2C1E70228DAD1BAE700BFF42B00207B
S315080188A0F82B0020FC2B0020020408B51DD5124B1D
S315080188B0C0F30E001B685B0713D5104B1A68D38AE1
S315080188C098420CD2136903EB001000F1100350F81B
S315080188D0042B984241F8042BF9D1102008BDC01A7F
S315080188E080B2074B1B681B69EDE7FFF753FF08705A
S315080188F0000A48700220F1E7F42B0020F82B00202B
S31508018900FC2B002038B50446094B1B681D68A54297
S3150801891009D2204621B91BF039FB30B1103402E0E7
S315080189201BF03DFB08B1204638BD103CEFE700BF00
S31508018930FC2B0020437ADA0702D5C3F3800070477F
S31508018940034BC0881B881840003818BF01207047A0
S315080189504E3200200C4B0246186810F001000AD06E
S315080189603AB10A4B1B68DB88934234BF00200120C9
S315080189707047104670472AB1054B1B88934294BF2E
S3150801898000200120704700BFF42B0020FC2B00209B
S315080189905032002070B50146FFF7DCFFE8B10F4BF6
S315080189A01A68D5888D4209D301F1805013680138B8
S315080189B0040103EB00101B5B8B420ED0002398B217
S315080189C0854201D8002008E016681C01345B06EBD5
S315080189D003108C4203F10103F1D170BDFC2B002079
S315080189E07FB5114B0E4605460446039320B920462A
S315080189F01AF02DFE0446A0B120461AF059FE024689
S31508018A0068B9314620461AF09DFF022807D180230E
S31508018A10314600932046042303AA1BF0E5FA002DEC
S31508018A20E5D004B070BD00BF0100FFFF2DE9F04F8E
S31508018A3097B0834609911AF081FD099883790C3319
S31508018A40C45CC51814F024FA202C0646099F17D8C9
S31508018A50012C05D9C44BA21ED2B2D340DB0713D4CD
S31508018A60214606230022584600971AF0B2F941F228
S31508018A70061458461AF067FD204617B0BDE8F08F70
S31508018A8004F07F03522BEBD1384697F8068014F091
S31508018A90FFF9BBF80A2083B29A4214D214F00102F4
S31508018AA040F08F8004F07F03522B00F08A801E2C41
S31508018AB000F08780099B21460093584604231AF043
S31508018AC088F92124D5E747443A7B013B202A9BB202
S31508018AD046D8012AE2D9023A1E2ADFD801A151F85D
S31508018AE022F000BF7D8B01089D8A0108818B010850
S31508018AF09D8A0108778B01089D8A01086D8B0108FB
S31508018B009D8A01087D8B01089D8A0108818B0108D0
S31508018B109D8A0108858B01089D8A01086D8B0108CC
S31508018B209D8A0108AF8B01089D8A01089D8A010863
S31508018B309D8A0108B38B01089D8A0108B78B010834
S31508018B409D8A01089D8A01089D8A01089D8A010856
S31508018B509D8A0108BB8B01089D8A0108858B01083E
S31508018B60522A24D0D22A99D10D2B05E0062B0DD0F5
S31508018B70142B93D10AE0052B90D907E0022BF8E7CD
S31508018B80042BF6E7032B89D9DF0787D4022C00F0DB
S31508018B900B81DBF800309B68980516D40BF144006D
S31508018BA014F000F9099BCBF84430002461E7012B46
S31508018BB0E2E7032BE0E7012BDBE7002B7FF46EAF3F
S31508018BC0E4E709A814F0EEF87BE71E2C00F03683DB
S31508018BD058461AF06DFD0746002840F0828058462F
S31508018BE01AF061FD00287CD004F07F03522B00F0B7
S31508018BF0CC80082C68D1B6B2152E14BF02201020DD
S31508018C00691D1AF03BFD00285ED0DBF81430584682
S31508018C10D9074BBF23F0010343F00103394601216C
S31508018C204CBFCBF81430CBF814301AF057FD09981D
S31508018C300D901AF039F80446B0F80180B0F803909F
S31508018C400D9814F025F9152814BF022510250534A9
S31508018C5021462846FFF7D2FD2146039028461AF0F9
S31508018C600DFD0D9A0490B8F1000F00F04F81C8452B
S31508018C7000F24C81022109201AF037F8BBF80A7074
S31508018C808246023FBFB23E4640464FF0FF3549464F
S31508018C90039A1AF0F7FF0446002800F078811AF0C3
S31508018CA0D9FD002800F090810122214658461AF084
S31508018CB062FE03468DF82E00002800F02B810D9ADE
S31508018CC0009222460821B0E0DBF8143013F00106C1
S31508018CD04CD023F0010300215846CBF814301AF082
S31508018CE0FDFC202C55D8231F1C2B57D801A252F85E
S31508018CF023F000BFDF8F01089D8D0108D790010879
S31508018D009D8D01082F8C01089D8D0108C1910108CF
S31508018D109D8D0108DF9101089D8D0108F5910108D6
S31508018D209D8D0108DF8D01089D8D01080D920108B1
S31508018D309D8D01089D8D01089D8D010829920108C7
S31508018D409D8D0108339201089D8D01089D8D0108AD
S31508018D509D8D01089D8D01089D8D01083D92010893
S31508018D609D8D0108039201085555515043F00103A1
S31508018D7001215846CBF814301AF0B0FC12233246BA
S31508018D802146584600961AF024F809A814F00AF85C
S31508018D900BE7522C00F04182D22CF6D0099B002217
S31508018DA000932146062340E0099DB94C284619F04F
S31508018DB07BFF2188B0F801602A4658461AF01EF84A
S31508018DC02388BBF80A10B34228BF3346172BB8BF0E
S31508018DD017235846ABF80A301AF09CFBE5E6099FBB
S31508018DE0384619F061FF0546B0F80180B0F803A0CE
S31508018DF0384614F04DF815280CBF20460220691D87
S31508018E00FFF7FCFC0590B8F1000F0AD0D04508D849
S31508018E10B5F8053004931BF091F850B91023009763
S31508018E2001E00123009742461021584619F0D1FF67
S31508018E30BBE63A460221112019F057FF44464FF086
S31508018E40FF35BBF80A3006909E1E0393063B9BB27C
S31508018E50B6B2089351462046059A1AF013FF814681
S31508018E6068B35146049A1AF05AFF044648461AF05E
S31508018E70F1FC40B94FF6FF739C4201D00134A4B20C
S31508018E805445E7D91BE04FF000030DAAADF834307D
S31508018E9049460CAB58461AF003FE039ABDF834301E
S31508018EA0053A9A42089A0790D8BF1346002DADF89D
S31508018EB0343009DB9D4202D1EB1CB34208DB6A1C44
S31508018EC01CD10A230097AEE7351F9D42A8BF1D4650
S31508018ED0042211A93846ADF84490ADF8464014F07D
S31508018EE057FA2A463846079914F052FA4FF6FF738D
S31508018EF0043E761B9C42B6B2C0D1E0E73946069BD2
S31508018F0004355D705846FEF757FD4EE6012300927B
S31508018F104246D7E6049B13B120461AF084FC204644
S31508018F201AF0B0FCD8B1002D54DC0DA813F03AFFA5
S31508018F30082358468BF81C3050F80C2B40F2025186
S31508018F4092F870208DF8483000238DF8442011AA34
S31508018F50ADF84640ADF84A301EF0D8FE25E6ADF824
S31508018F6044000DF12E032146584611AA1AF098FD20
S31508018F70BDF844300590BB4228BF3B46002DADF8ED
S31508018F8044300ADB9D4202D16B1CB34209DB6B1CE0
S31508018F9020D10D9B00930A23BAE7B51E9D42A8BFAF
S31508018FA01D4602220CA90D98ADF8304014F0F0F9CF
S31508018FB02A4605990D9814F0EBF94FF6FF73023E10
S31508018FC0761B9C42B6B2E2D0601C80B28145BFF4E2
S31508018FD05EAEDCE702350D998AF8015092E7DDF8B5
S31508018FE02490484619F060FEB0F80180B8F1000FE8
S31508018FF047D0B0F803309845049342D84FF6FF7727
S315080190004A460221052019F070FE4546BA46BBF8C4
S315080190100A400590023CA4B2294658461AF014FFA4
S31508019020504506464FD04FF40062294658461AF075
S31508019030A2FC002842D130461AF09CFF00280CBF3A
S31508019040022310235745039324D030461AF092FF82
S31508019050069038461AF08EFF069B834206D1039B7B
S31508019060022B0CBF03231123A34214DB38461AF043
S3150801907081FF059B013019465870584619F092FE32
S3150801908093E50123CDF8009042460421CDE600BFC1
S315080190907C3A002037460DF146013046ADF844507A
S315080190A0FFF702FC039B48469A1C11A914F070F9B4
S315080190B0039B023CE41A5545A4B2D7D0049B01355B
S315080190C0ADB2AB42A8D24FF6FF739F42CED10A2367
S315080190D0CDF80090D8E7DDF824900024484619F029
S315080190E0E3FDB0F80530B0F803A0B0F80160074613
S315080190F04846039313F0CCFEC51FADB2102D0C9450
S315080191005AD82A46F91D0DA81FF0EEF8002E55D09B
S31508019110564553D84A460121072019F0E6FDA046CF
S31508019120074633460A249A45049307D93946BBF8B4
S315080191300A0019F0BDFD0328049B04D8B8F1000FF5
S315080191401CD0394699E7ADF84430039B5846ADF82B
S3150801915048300DAB139300230BAA009311A90DF107
S315080191602E03ADF846A0ADF850501AF004FE0A28B1
S315080191700446E3D0BDF82C3030B11E4623463246AC
S315080191800621CDF8009050E6ADF83030BDF82E3006
S315080191900CAAADF8323039460423BBF80A0019F097
S315080191A092FD4FF6FF72BDF82E309342C9D00133B6
S315080191B04FF001089BB2B6E70424DFE70124DDE797
S315080191C00A23099C8BF81C30204619F06DFD2346AD
S315080191D00022B0F8011058461AF0D6FFE5E4099CBA
S315080191E0204619F061FD0C238BF81C30B0F80320DA
S315080191F02346EEE75A460F210E20099B1BF01CF861
S31508019200D3E45A4621212020099BF7E75846099AB3
S31508019210B5F801101BF096F9C7E45846099AB5F84E
S3150801922001101BF0E5F9C0E4584609991BF01FFA2D
S31508019230BBE4584669781BF088FAA6E558461BF040
S31508019240A4FAA2E57FB5174A0646136842F6052031
S3150801925023F0080313601AF050FD054650B168461D
S31508019260FFF7B8F900201AF0F2F9044620B92946A1
S31508019270FFF7B6FB04B070BD1022684604F1210160
S315080192801EF0E2FF38B1012120461AF027FA636978
S3150801929023F0010363611EB1314620461AF005FE2B
S315080192A02046E0E7F42B002037B58B790A460C33C4
S315080192B0CD180191C95C044611F0010329D01D2975
S315080192C00AD101211E2019F010FD0146204619F088
S315080192D069FD012003B030BD032916D10E4BB5F83F
S315080192E001201B884189934228BF1346172BB8BF13
S315080192F0172343811AF00EF9636940F2094123F0F5
S315080193000203204663611AF02DF901A813F04AFDFC
S31508019310DFE71846DEE700BF7C3A002037B5054689
S315080193201BF0BEFA0446D8B9AB6912485860234601
S3150801933028461BF0CEFAD8B9A8694369C28881883C
S315080193404089019098790C300344009328464FF4DC
S3150801935020531DF0AAFC044628B128461BF0ADFA95
S31508019360204603B030BD022128461AF0FEF8F7E779
S315080193701A24F5E70100FFFF38B5124B04461B888E
S3150801938042898B4228BF0B46172BB8BF17231146B4
S3150801939043811AF0BFF8636923F002036361A36985
S315080193A09D693DB10022294620469A61BDE83840AB
S315080193B0FEF702BB40F2094120461AF0D3F8A36929
S315080193C01D7038BD7C3A00200148FEF70DBB00BF71
S315080193D0A1BE01080022024BC3E900229A60704728
S315080193E0042C0020014B1860704700BF002C002098
S315080193F013B500F067FA78B1019083790C33C41874
S31508019400204604F079F8034610B1204601A9984789
S3150801941001A813F0C7FC08E000F060FA019020B13A
S31508019420034B1B68002BF3D0984702B010BD00BF51
S31508019430002C002010B50446062142F205001CF056
S31508019440C4F82368C0F80330A388A0F80730064893
S31508019450F6F7ECFA1CF0BCF8407918B1BDE81040F3
S315080194601CF07CB810BD00BF99FA000810B5044677
S3150801947006214FF628401CF0A8F82368C0F80330E7
S31508019480A388A0F807300648F6F7D0FA1CF0A0F82A
S31508019490407918B1BDE810401CF060B810BD00BF96
S315080194A0D9FB000838B505460C4669B9022142F2CE
S315080194B01B001CF08AF8B5F86E30A0F803300D4889
S315080194C0BDE83840F6F7B2BA122142F21A001CF08A
S315080194D07CF82146B5F86E30053020F8023C04F1D7
S315080194E0100351F8042B994240F8042BF9D102488C
S315080194F0E6E700BFE9110308251203082DE9F04341
S31508019500044685B000200D461746994613F0E5FD39
S31508019510064600285BD04FF0C8134FF000080093A9
S31508019520BDF83030ADF80430BDF83430ADF806304A
S31508019530BDF83830ADF80830BDF83C30ADF80A3022
S31508019540BDF84030ADF80C30BDF84430ADF80E30FA
S3150801955047FA08F3DB0704D510226946304613F0AB
S31508019560FDFB08F10108B8F1030FF1D132460C21D0
S3150801957042F285001CF000F8FF2D057118BF94F81A
S3150801958076508773C57080F8059094F86030C3F3F8
S31508019590C00383F00103837194F85230C3F3C00307
S315080195A083F00103C371E36C8360B4F8503083819F
S315080195B00848F6F73BFA1CF00BF8807820B11CF046
S315080195C007F8807840F4805005B0BDE8F0831A208A
S315080195D0FAE700BF8713030808B5002142F20E0017
S315080195E01BF0F3FFBDE808400148F6F71FBA00BFB4
S315080195F05713030838B590F872300446032B1546FD
S3150801960006D1FFF7E9FF0123002084F8723019E03B
S31508019610C9B9012B2DD9032140F206401BF0D5FF0C
S31508019620B4F86E304571A0F803301348F6F7FEF921
S315080196301BF0CEFF8378002BE5D01BF0C9FF80789D
S3150801964040F4805038BDA3B102214FF604401BF007
S31508019650BCFFB4F86E30A0F803300848F6F7E6F90F
S315080196601BF0B6FF4379002BCDD01BF0B1FF407933
S31508019670E6E70220E6E700BF6B120308A11203081A
S31508019680F8B507460E4642F213000E2115461C464A
S315080196901BF09BFFB7F86E30A0F80560A0F8033001
S315080196A0BDF81830A0F80750A0F80B30BDF81C30EB
S315080196B0A0F80940A0F80D30BDF82030A0F80F3009
S315080196C00648F6F7B3F91BF083FF807820B11BF043
S315080196D07FFF807840F48050F8BD00BFE31203088D
S315080196E0F8B507460D4642F219001C211C461646D6
S315080196F01BF06BFFB7F86E300F3020F80C3C2B6867
S3150801970004F1100240F80A3C6B6820F8026C40F834
S31508019710063C234653F8041B934240F8041BF9D12F
S315080197200648F6F783F91BF053FF807820B11BF042
S315080197304FFF807840F48050F8BD00BF91110308AF
S3150801974070B506460D4642F27A00042114461BF00E
S315080197503CFFA0F80360457184710648F6F766F97F
S315080197601BF036FF407918B1BDE870401BF0FDBE0D
S3150801977070BD00BFB518030810B50446022142F2B0
S3150801978030001BF022FFB4F86E30A0F803300B4806
S31508019790F6F74CF91BF01CFF43792BB91BF018FFA0
S315080197A0017A2046FEF7F6F81BF012FF407920B140
S315080197B01BF00EFF407940F4805010BD51FC0008A3
S315080197C0014813F00EBB00BF082C002040F6FF73BA
S315080197D02DE9F3410D46B0F86E100192994205D173
S315080197E001A813F0DFFA02B0BDE8F081114614466C
S315080197F00122002C38D1234813F0ACFBFFF7E0FF18
S3150801980004460028EFD013F043FB94F8058087B28D
S3150801981028F00103637104212046A66813F061FC50
S315080198200446437918F0010F14BF43F0010303F00E
S31508019830FE0343718179B6F86E200C3103F00103FA
S31508019840866083F001036254C2F30322084442EAA4
S315080198500312427047802246304629461DF066FBB0
S315080198602046F6F7F7F8C9E76379A0603AB143F0FD
S31508019870010323F00203637100222468B9E703F0A8
S31508019880FE03F6E7082C0020F8B50024094F054623
S31508019890786800B9F8BD836806689D4207D1F4F770
S315080198A0A9FC14B126603046F3E77E60FBE704465F
S315080198B0F9E700BF042C00200146014813F04ABB12
S315080198C00C2C0020014813F08CBA00BF0C2C002088
S315080198D00146014813F03EBB042C002003480368E7
S315080198E00BB113F07EBA1846704700BF042C00204E
S315080198F0044B1A6822B99868003818BF01207047C6
S3150801990001207047042C00202DE9F0411546064632
S315080199100F4642F2360019211C46DDF824801BF059
S3150801992054FE2B0AC371230A83729DF81830857178
S3150801993003739DF81C30447243739DF820302D0C37
S31508019940240CC67087800572C4728373D8F80030F8
S31508019950C0F80F30B8F804308676A0F813309DF8B1
S31508019960283043759DF92C3083759DF83030C375C1
S31508019970002303769DF8343043769DF83830C37654
S315080199800648F6F753F81BF023FE407920B11BF081
S315080199901FFE407940F48050BDE8F081FD4E010874
S315080199A038B505460C464FF6194005211BF00DFE44
S315080199B0C57044600548F6F739F81BF009FE407989
S315080199C018B1BDE838401BF00ABE38BDD5100308EA
S315080199D038B505460C464FF61A4005211BF0F5FD2C
S315080199E0C57044600548F6F721F81BF0F1FD40798A
S315080199F018B1BDE838401BF0F2BD38BD05110308A2
S31508019A0070B50D4606460121DAB1FFF7C9FF0446CE
S31508019A10A8B9072142F235001BF0D7FDC6702B689D
S31508019A204360AB8803810848F6F700F81BF0D0FDC0
S31508019A30437923B11BF0CCFD447944F48054204684
S31508019A4070BDFFF7C5FFE2E7D70F03080A4610B551
S31508019A500421044642F237001BF08EFD03230371ED
S31508019A600023C470437183710548F5F7DFFF1BF0C6
S31508019A70AFFD407918B1BDE810401BF0B0BD10BD6F
S31508019A800F1003080A4610B50421044642F23800AD
S31508019A901BF072FD032303710023C47043718371A4
S31508019AA00548F5F7C3FF1BF093FD407918B1BDE8EA
S31508019AB010401BF094BD10BD73100308F8B5064697
S31508019AC00F4642F23900062114461D461BF07DFD5C
S31508019AD001238471240A0371C7704671C471057222
S31508019AE00548F5F7A3FF1BF073FD407918B1BDE8EA
S31508019AF0F8401BF074BDF8BDDD500108044B187819
S31508019B000130C0B2012838BF01201870704700BF64
S31508019B10102C00200148FFF765BC00BF219B0108F6
S31508019B202DE9F04F867987B00C3605900546805B9E
S31508019B30C0F30B00FDF736FE044618B905A813F065
S31508019B4031F94EE090F87230022BF7D1AB5B059AEA
S31508019B50C3F30B0103F44053B3F5805F9060A95337
S31508019B6042D1537923F001035371836B002BE5D05E
S31508019B70042105A804F1380613F005FA30460599BB
S31508019B8013F0E8F9A06B002301465A1CA9BBDBB206
S31508019B90012B01D913F04FFAA06B13F079F90328B9
S31508019BA01FD9D4F83890484699F8067013F070F919
S31508019BB00C3709EB070539F80770A0F10408474582
S31508019BC0D4F8389020D9514F07F1100A57F804BB39
S31508019BD04B46424629462046D847574510D00028C5
S31508019BE0F4D007B0BDE8F08F383013F0DBF8059AEA
S31508019BF0537943F001035371BAE713460968C4E779
S31508019C000028EED130469AE7484613F041F9043761
S31508019C108742F7D36988A1F140033F2B0BD804216A
S31508019C20304613F0B0F92046A26B69881BF093FD04
S31508019C300023A363D5E705290BD0062961D004299A
S31508019C40E0D1304613F09FF9A16BA06CFDF7DAFE5F
S31508019C50EEE7294620461BF07CFD02460028D1D1B5
S31508019C602B79122B06D0132B36D0204669791BF097
S31508019C7048FDC7E794F87330022BF6D040F67A40D0
S31508019C8029898B1F9BB2834224D86A89931F9BB269
S31508019C9083421FD891421DD8AB89B3F5FA7F19D2F1
S31508019CA040F6764CEF89A7F10A0080B2604511D8D3
S31508019CB0B4F86A000290B4F86800CDE9007020464D
S31508019CC0FFF7DEFC021E18BF0122204669791BF048
S31508019CD098FC97E70122F8E794F87330012B03D132
S31508019CE0204669791BF00DFDA3681A048AD523F469
S31508019CF00043A3602B89012B84D12046FEF7BCF9CA
S31508019D0080E72046A16B1BF0A3FD91E720ED030830
S31508019D100C4B01461A7892B95B689B070FD490F8E9
S31508019D207520FF3A18BF012291F8523013F040000E
S31508019D301EBF91F86000C0F38010104070470122E1
S31508019D40F2E700BF182C0020024B586800F0020009
S31508019D50704700BF182C0020024B586800F0080015
S31508019D60704700BF182C0020014B1B68184700BF1D
S31508019D70E838002008B518F024FF012809BF034B6D
S31508019D800020586800F0100008BD00BF182C0020FC
S31508019D9007B502460529084634BF0846032012F0CE
S31508019DA0010101D0032811D0094B5A6002F0800342
S31508019DB0019302F04003009302F0200302F004022B
S31508019DC000F076F9002003B05DF804FB2120FAE7DC
S31508019DD0182C0020094B0A4A10B51A60094A5A601C
S31508019DE0094A9A6000F0D0F9032104460020FFF7DA
S31508019DF0CFFF0022054B20461A7010BDE838002017
S31508019E00A5A00108F1A0010869B30108182C0020D2
S31508019E1038B505460320F4F747FC0446C8B195F85A
S31508019E207030037095F8753043702846FDF782FD4A
S31508019E302246A07040F2026106481DF023FF064B38
S31508019E4028469B6801219847BDE83840FF20FDF761
S31508019E5055BC38BD302C0020E838002070B50546C1
S31508019E6008200E46F4F720FC044680B195F87030B8
S31508019E7000210370064B46609B6828469847224690
S31508019E80BDE8704040F2016102481DF0FBBE70BD9D
S31508019E90E8380020302C002038B5054608200C4645
S31508019EA0F4F702FC024638B1C0E90054BDE838406F
S31508019EB00D2102481DF0E6BE38BD00BF302C00203A
S31508019EC038B5054608200C46F4F7EEFB024650B1B4
S31508019ED095F8703040F20561037044600248BDE8A8
S31508019EE038401DF0CFBE38BD302C00201FB50446C2
S31508019EF00191C2B104210DEB010018F018FE58B109
S31508019F004FF0FF3345F2180203930021204603ABB5
S31508019F101BF0EBFD04B010BD019B0F4AB3FBF2F138
S31508019F2002FB1133019345F21802002101AB2046C9
S31508019F301BF0DBFD0820F4F7B7FB02460028E9D041
S31508019F4094F8703040F204610370019B4360034842
S31508019F501DF098FEDEE700BF40420F00302C0020BE
S31508019F6010B504460120F4F79FFB024648B194F860
S31508019F70703040F203610370BDE8104001481DF0DE
S31508019F8081BE10BD302C002038B5054608200C4688
S31508019F90F4F78AFB024650B195F8703040F2076132
S31508019FA0037044600248BDE838401DF06BBE38BDF9
S31508019FB0302C002010B50F4C2368D3B10022D3F8FA
S31508019FC0A0001A7783F83D2083F85E2018F021FD5A
S31508019FD020684421603018F0D5FD206821211D3004
S31508019FE018F0D0FD20682121BDE810403E3018F058
S31508019FF0C9BD10BD202C002070B50C460646154675
S3150801A0002046202214491EF01FF960B9202228464D
S3150801A01012491EF019F930B9114B1B681B7DC3B1E2
S3150801A02040F2034070BD366C2022204606F15101EC
S3150801A0301EF00AF938B92022284606F171011EF0E8
S3150801A04003F90028ECD02946204618F062FD0028BD
S3150801A050E6D10020E6E700BFF0ED0308D0ED0308DE
S3150801A060202C002000F0C003402B07D1094B1B68A8
S3150801A07073B100F03F0053F820007047802B01D1DF
S3150801A080054BF4E7054A0648C02B18BF104670472A
S3150801A09002487047282C0020242C002075A20108AC
S3150801A0A0BF620308014B1B68187A7047202C0020F1
S3150801A0B0003918BF0121003B18BF012310B50B4C0D
S3150801A0C0003A246818BF0122A3749DF8083020704D
S3150801A0D0003B18BF0123E3749DF80C302174003B43
S3150801A0E018BF01236274237510BD00BF202C002000
S3150801A0F001280AD002280ED098B90B4B1A68936921
S3150801A10043F00103002093617047074B1A6893696E
S3150801A11043F00203F6E7044B1A68936943F0040314
S3150801A120F0E72120704700BF202C002038B5094DE3
S3150801A1302C685CB9A42013F0B6F9286040B1224610
S3150801A140BDE83840044905480AF028BD002038BD55
S3150801A1501A20FCE7202C0020335903082C2C002058
S3150801A160024B034A00201A60704700BF282C0020C2
S3150801A1708CED0308024B034A00201A60704700BFA2
S3150801A180242C002064ED030810B50C4CFFF712FFD0
S3150801A1902068A42118F0F6FC0322236800201A700F
S3150801A1A04FF0FF32DA601022187783F83D0083F802
S3150801A1B05E00188298741A72986110BD202C0020CE
S3150801A1C0F8B594461A46274B06461D6808462B7F5E
S3150801A1D0022B19D10F4605F1600405F1800354F8E5
S3150801A1E0041B9C4247F8041BF9D1604605F1A003FC
S3150801A1F054F8041B9C4240F8041BF9D1D5F8A03049
S3150801A200136046BB0020F8BDAB69DB071FD5164CAA
S3150801A21004F1200354F8041B9C4240F8041BF9D1AD
S3150801A2206546124C04F1200354F8041B9C4245F878
S3150801A230041BF9D111460E48FCF7AAFA0028E0D00A
S3150801A24016B130461BF0B1FD4FF0FF30DBE7614632
S3150801A250FCF750FAF2E7002245F2160130461BF0E8
S3150801A26034FCCFE7202C002066C2030887C2030806
S3150801A27010EE030845F20603994210B504463ED08E
S3150801A2800DD840F2032399421CD045F202039942A4
S3150801A29046D040F20123994214D048202EE045F2D7
S3150801A2A01703994240D045F21A0399421ED045F246
S3150801A2B00C039942F1D11BF0DDFB41281DD0052184
S3150801A2C020462EE0194894F870101DF0B2FC94F857
S3150801A2D073304FF4A041012B14BF80204020FFF7B3
S3150801A2E0C1FE0022034620469847D6E7C0211BF047
S3150801A2F0D1FB07212046FFF7B1FD002010BD937958
S3150801A3001A44517C41F49051FFF7A8FD94F8733033
S3150801A3102046012B14BF802140211BF0BBFBECE733
S3150801A32005211BF020FDE8E70220E7E72C2C002099
S3150801A330B1F5A04F2DE9F0410546174600F0E68034
S3150801A340A1F5A043DC1F042C00F2E7809279083BB3
S3150801A3500C321744026C92F85061032B03D8DFE8DC
S3150801A36003F03A718CC416F0010600F0C2807E1D16
S3150801A370102231466B481DF067FF00285CD018F0A3
S3150801A38020FC03462A6C012B92F85E010AD132465B
S3150801A390032118F005FC04461021304618F0F2FB9B
S3150801A3A0002634E033461022032118F00CFC95F8F8
S3150801A3B073300446012BEFD1334605F118021537E0
S3150801A3C053F8041BBB4242F8041BF9D1AB6843F4AA
S3150801A3D08073AB60E0E716F0010600F08A8018F09A
S3150801A3E0F0FB012816D0286C07F1050843460A2216
S3150801A3F0022190F85E0118F0E6FB0446D7F805300D
S3150801A400AB62D7F80930EB62B7F80D302B86002C12
S3150801A4106FD00AE02B6C93F85E01434B43EA0020A8
S3150801A42018F005FB04460028DDD020460021FFF779
S3150801A43033FD28461BF0B9FC28461BF0B6FC40F252
S3150801A440034061E016F0020653D018F0BAFB034642
S3150801A4502A6C012B92F85E0107F1050707D13A46E6
S3150801A460062118F09DFB04461021384696E73B461F
S3150801A4701022062118F0A7FBF5E716F0020638D0D8
S3150801A48018F09FFB01280FD07979C9B100394FF02F
S3150801A490060218BF0121286CBB1D90F85E0118F051
S3150801A4A092FB02260446B2E72B6C93F85E011F4B1A
S3150801A4B043EA002018F0BBFA04460028E4D0B4E7C2
S3150801A4C00A467B1D13F8010F0028DFD10132062A3F
S3150801A4D0F8D195F85210286CC1F3C00181F0010139
S3150801A4E005F14C0301F00101D7E7C6F38006B60072
S3150801A4F0F6B22A6C92F8503123EA060382F85031F3
S3150801A50028461BF08AFC0020BDE8F0811BF01EFAE4
S3150801A51000222B6C83F85C21F2E7BDE8F041FFF7D6
S3150801A520A9BE00BFC0ED030803800400068004002D
S3150801A530F0B5B1F5A04F05468DB008D045F2130424
S3150801A540A14243D00DB0BDE8F040FFF793BE046CBD
S3150801A55008AF1022002138461DF09FFE94F85D31A0
S3150801A560042B2CD11E4B1B6893F85E205AB1BC46AE
S3150801A57003F13E024E33664610685168083203C637
S3150801A5809A42B446F7D104F58473069305F1530349
S3150801A590059305F15A0304932379284603936379AE
S3150801A5A004F1C8020293A37904F1F801CDE9007315
S3150801A5B004F1B8031BF0D4FD00200DB0F0BD013B3A
S3150801A5C0022B9CBFD4F82C310893DCE7016C01F50A
S3150801A5D084711BF0D7F94A2128461BF05BFAEBE791
S3150801A5E0202C0020F0B545F20E06B142044613466A
S3150801A5F08DB00BD045F2130399425FD0B1F5A04F48
S3150801A60076D11BF0A3F900200DB0F0BD9979026C43
S3150801A6100C310B44591D02F58C72153351F8040B94
S3150801A620994242F8040BF9D1256C102205F58C7173
S3150801A63005F584701DF008FE20B90B2120461BF094
S3150801A64092FBE0E708AF1022002138461DF025FEEF
S3150801A65095F85D31042B2AD1284B1B6893F83D20C8
S3150801A6605AB1BC4603F11D022D336646106851687E
S3150801A670083203C69A42B446F7D105F5A073069384
S3150801A68004F15A03059304F153030493EB7A204624
S3150801A69003932B7B05F1B80202936B7B05F1F80155
S3150801A6A0CDE9007305F1C8031BF05AFDABE7013B81
S3150801A6B0022B9CBFD5F82C310893DEE7056C1022D6
S3150801A6C005F5A07105F58C701DF0BEFD0028B4D105
S3150801A6D0D5F858314B219B0748BF94F8743020466A
S3150801A6E044BF43F0020384F874301BF0D3F98AE7B8
S3150801A6F00DB0BDE8F040FFF7BDBD00BF202C00201E
S3150801A700F7B545F21406B142044622D045F21907B7
S3150801A710B94229D0B1F5A04F30D11BF017F9206CF9
S3150801A72000F5947300F1C802009300F1110100F1DC
S3150801A730B80351301DF00BFC024628B120461BF028
S3150801A74034FB002003B0F0BD314620461BF0BDF9AD
S3150801A750F7E7036CD3F828210B4BB2FBF3F103FBA4
S3150801A7601121FFF7ADFBECE713781BB90C211BF0A0
S3150801A770FAFAE6E749211BF08DF9E2E703B0BDE8ED
S3150801A780F040FFF777BD00BF40420F0045F20D03C9
S3150801A790994273B5044625D00DD8B1F5A04F1DD001
S3150801A7A045F20403994200F08B80204602B0BDE8C9
S3150801A7B07040FFF75FBD45F21103994200F0A28090
S3150801A7C045F215039942F0D1016C91F85D31052BDB
S3150801A7D006D8DFE803F057434A435C571BF0B6F83F
S3150801A7E0002010E093790C331A44561D02F1250511
S3150801A7F02A463146FFF700FC38B120460B211BF0EB
S3150801A800B2FA40F2034002B070BD3146236C1133EF
S3150801A81051F8042BA94243F8042BF9D1236C01F111
S3150801A8202002313351F8040B914243F8040BF9D154
S3150801A830206CD0F8942000F1D80300F131011130D1
S3150801A840FBF7F8FF024618B120461BF0AEFAC7E738
S3150801A85045F2150120461BF038F9C1E745211BF0E1
S3150801A86019F92046FFF77CFBBAE745211BF012F9D7
S3150801A8702F4B20461B68D9684B1C5A425A41FFF791
S3150801A88035FBADE7462120461BF004F9A8E7284B1E
S3150801A8901B6893F85E205AB101F1110201F5A07106
S3150801A8A0019100213E33009111461BF081FA97E789
S3150801A8B0C83120461BF0A2FC90B340F20740A2E73C
S3150801A8C09179036C0C310A44511DA833153251F89C
S3150801A8D0040B914243F8040BF9D1256C102205F1BA
S3150801A8E0A80105F198001DF0AFFC20B90421204606
S3150801A8F01BF039FA74E7D5F8583143F00103C5F866
S3150801A90058316DE70A4B056C196810224E3105F569
S3150801A910A0701DF099FC0028E8D105F1C801C8E727
S3150801A920216C2046C8311BF049F84721ABE700BF27
S3150801A930202C002045F216039942F7B5044600F08B
S3150801A940A1810CD8B1F5A04F0FD045F20303994266
S3150801A95010D0204603B0BDE8F040FFF78BBC45F2A6
S3150801A96017039942F5D1022002E01AF0EFFF002001
S3150801A97003B0F0BD9379056C0C33D618F379DF076C
S3150801A9800CD4FFF7E1F918B994F87530FF2B05D007
S3150801A990052120461BF0E7F92120E9E7A54F337A7F
S3150801A9A03A68127A9A4202D8A27C9A4201D90621B9
S3150801A9B0EFE7D6F80530C5F80B30B6F80930A5F833
S3150801A9C00F300223AB7294F9523094F85210002BCF
S3150801A9D0B2BF0123C1F3C00383F00103AB7094F83E
S3150801A9E06030C3F3C00383F001036B70337A102B15
S3150801A9F028BF1023A374F379D8072FD5AB79DA07C3
S3150801AA002CD5737A2A7A134085F85131B37A6A7A42
S3150801AA10134085F8503195F85E31FF2B22D0206C12
S3150801AA2090F850319B071DD4C1F3C00181F0010193
S3150801AA30062290F85E0104F14C0301F0010118F0B9
S3150801AA40C2F878B1204640F21B41FFF707FAA3681E
S3150801AA505807A1D520461BF0A8F99DE7002385F8DC
S3150801AA605131D6E73B68F079597C00F0080229B1E3
S3150801AA7012B1AA79110703D403218AE7002A61D002
S3150801AA80A9790A075ED5D5F8582142F00402C5F816
S3150801AA905821B5F8502122F4807222F00102A5F856
S3150801AAA0502193F81CC0B279BCF1020F03D0002AD9
S3150801AAB03AD002216DE7002A34D193F85E100029B5
S3150801AAC0F7D0D97C83F83D2029B1002AF1D093F833
S3150801AAD05E20002AEDD0042285F85D211B7C1BB976
S3150801AAE094F87430990701D5002AC5D094F9133022
S3150801AAF0022B03D1D5F858315B07BDD518F061F89B
S3150801AB00012839D194F87500FF2835D001A9FBF73A
S3150801AB1017FF002830D1236C93F85021960727D4C4
S3150801AB200A2136E70122CCE70143490715D572798F
S3150801AB301878052A28BF03223F4902EB82020A44F4
S3150801AB40125CC9E71A7F012A02D1B279002AC2D159
S3150801AB50420704D4AA79500701D40022BCE77279C6
S3150801AB601878052A28BF0322344902EB8202E6E750
S3150801AB7093F851319807D3D594F87500FF2818D062
S3150801AB80226C0821D2F8583143F04003C2F85831F3
S3150801AB9018F02DF8052194F8750017F0FBFF03212D
S3150801ABA094F8750017F0F6FF062194F8750017F06A
S3150801ABB0F1FF95F85D31206C042B00F5987020D1D2
S3150801ABC03B6803F11D022D3352F8041B9A4240F8E3
S3150801ABD0041BF9D195F85D31D5F85811B3B921F0AF
S3150801ABE002021946C5F858215207E17428D5216C85
S3150801ABF0204601F1940301F171025131FFF7E0FAA0
S3150801AC00B5E6102200211DF048FBE3E741F00202F8
S3150801AC104907C5F858210AD5A17C0F2907D994F8FF
S3150801AC20741041F0080184F874100221DCE701214F
S3150801AC30DAE700BF202C002030ED030849ED0308B0
S3150801AC40042B3FF694AEDFE803F018030B03180054
S3150801AC50204645211AF01EFF2046FFF781F986E6B0
S3150801AC60204645211AF016FF3B682046D9684B1C39
S3150801AC705A425A41FFF73AF979E6432120461AF032
S3150801AC8009FF74E61AF0D2FE4221F7E7F8B5044641
S3150801AC90FFF73EF8266C054610B394F87530FF2B7E
S3150801ACA012D086F85E31FFF74FF818B994F8753067
S3150801ACB0FF2B1FD0F5B9A3685B0715D505212046DB
S3150801ACC01BF051F80020F8BD2046FBF70FFF86F868
S3150801ACD05E01236C93F85E31FF2BE4D10025E2E790
S3150801ACE0FF2386F85E31F9E741F205212046FFF791
S3150801ACF0B5F8E7E7072101201AF038FE024608B938
S3150801AD001A21F3E73049807909680C3091F800E097
S3150801AD10131883F801E091F81CC0BCF1010F19D191
S3150801AD2083F802C02E1E18BF01268F69DE70BF0781
S3150801AD3005D4BCF1010F1CBF46F00806DE704E7C37
S3150801AD409EB1DE78360710D4A3685B07B6D441F204
S3150801AD500321CBE7BCF1020F05D191F85E6016B16C
S3150801AD6001269E70DEE70026FBE7BEF1030F07D03A
S3150801AD70096911F0FF1F1EBFD97841F00401D97086
S3150801AD8094F874108F0708D5D9784E0705D4BEF103
S3150801AD90030FDCD041F00401D970002D18BF03253B
S3150801ADA010215D7119719D71216C1058C1F803004C
S3150801ADB09888A1F807009B7920464B7206211AF05C
S3150801ADC044FC01207FE700BF202C0020F0B545F2A6
S3150801ADD00E06B142044615468DB00ED045F213064D
S3150801ADE0B1425BD0B1F5A04F40F0BD801AF0AEFD7F
S3150801ADF0236CD3F85831190756D5236CD3F8582143
S3150801AE0012070CD4AA7903F584730C3215446A1D0A
S3150801AE10153552F8041BAA4243F8041BF9D100213F
S3150801AE20256C08AF1022384685F85C111DF035FAF5
S3150801AE3095F85D31042B2AD14D4B1B6893F83D20BB
S3150801AE405AB1BC4603F11D022D3366461068516896
S3150801AE50083203C69A42B446F7D105F5A07306939C
S3150801AE6004F15A03059304F1530304932B7905F16D
S3150801AE70C80203936B790293AB79CDE9007305F1A7
S3150801AE80B803204605F1F8011BF06AF90CE0013B0D
S3150801AE90022B9CBFD5F82C310893DEE7056C95F893
S3150801AEA05C3123B1012B55D000200DB0F0BD102225
S3150801AEB005F5A07105F584701DF0C6F920B10B21C1
S3150801AEC020461AF050FFEFE7D5F8583108AF9B072F
S3150801AED048BF94F874304FF0100244BF43F00203A0
S3150801AEE084F874300123002185F85C3138461DF059
S3150801AEF0D4F995F85D31042B25D11D4B1B6893F8C0
S3150801AF005E205AB1BC4603F13E024E3366461068CE
S3150801AF105168083203C69A42B446F7D105F58C73CF
S3150801AF20069304F15303059304F15A030493EB7A48
S3150801AF3005F1B80203932B7B02936B7BCDE9007372
S3150801AF4005F1C8039DE7013B022B9CBFD5F82C31BF
S3150801AF500893E3E705F58C711AF014FD882120465C
S3150801AF601AF098FDA0E70DB0BDE8F040FFF782B9E9
S3150801AF70202C002037B545F21405A942044633D0E2
S3150801AF800CD8B1F5A04F13D045F20E0399423AD029
S3150801AF90204603B0BDE83040FFF76CB945F2190306
S3150801AFA09942F5D1137853BB0C211AF0DCFE13E054
S3150801AFB01AF0CCFC206C00F5947300F1C8020093DA
S3150801AFC000F1510100F1B80311301CF0C0FF02462F
S3150801AFD028B120461AF0E9FE002003B030BD294603
S3150801AFE020461AF072FDF7E7036CD3F82821114BB6
S3150801AFF0B2FBF3F103FB1121FEF762FFECE78721B0
S3150801B0001AF048FDE8E79179036C0C310A44511DA1
S3150801B01003F58473153251F8040B914243F8040B76
S3150801B020F9D1226CD2F8583143F00803C2F85831E5
S3150801B030D2E700BF40420F0045F2100330B59942EE
S3150801B040044685B000F09E800CD8B1F5A04F27D0F4
S3150801B05045F20503994227D0204605B0BDE83040A0
S3150801B060FFF708B945F21103994200F0A88045F2A5
S3150801B07012039942F0D1016C91F85D3113B1043B89
S3150801B080012B03D82046B8311AF098FC236C93F8A3
S3150801B0905D31042B40F2D980052B03D186218AE044
S3150801B0A01AF054FC002049E09179036C0C310A44EA
S3150801B0B0511DC833153251F8040B914243F8040B5C
S3150801B0C0F9D1216CD1F8583113F004034DD091F818
S3150801B0D05D31042B18D0216C91F85D3101F1C8025C
S3150801B0E073BB01F1F803039301F59873029304F115
S3150801B0F05A03019304F15303009301F1B80320465F
S3150801B100D8311BF055F8CDE7514B1B6893F85E20F3
S3150801B11062B101F1110201F5A071019100210091BD
S3150801B12011463E3320461AF043FEBBE72046B831A6
S3150801B1301BF064F80028CED040F2074005B030BDB8
S3150801B140043B012BCDD901F5A073019391F85C015C
S3150801B150D1F82C31C34003F0010343F08003009377
S3150801B160134601F151021131DCE781F85C3101F135
S3150801B170C8020093204601F5A07301F598711BF0EA
S3150801B1804AF88FE7056C102205F1980105F5A070BC
S3150801B1901DF05AF820B1042120461AF0E4FD81E792
S3150801B1A08821D5F858319B0742BF94F8743043F08B
S3150801B1B0020384F8743020461AF06CFC72E7056CB9
S3150801B1C095F85D3105F5A070042B20D1204B10228E
S3150801B1D019684E311DF038F80028DCD1204605F1F2
S3150801B1E0B8011BF00BF80028A6D1216C01F1F80370
S3150801B1F0039301F59873029304F15A03019304F139
S3150801B2005303009301F1C80201F1B80377E7014638
S3150801B210102205F198001DF017F80028BBD105F199
S3150801B220B80120461AF0CAFB216C91F85C3101334A
S3150801B230DBB2142B81F85C31D8D0D1F8583123F020
S3150801B2400103C1F858318421B5E78721B3E700BF67
S3150801B250202C002070B545F21505A942044658D0A0
S3150801B2600BD8B1F5A04F1CD045F20D0399421CD05D
S3150801B2702046BDE87040FEF7FDBF45F21603994228
S3150801B280F6D1006CD0F8942000F1D80300F1310111
S3150801B2901130FBF7CFFA0246B0B320461AF085FD06
S3150801B2A001E01AF053FB002070BD93790C331A4460
S3150801B2B0551D02F1250632462946FEF79DFE30B197
S3150801B2C020460B211AF04FFD40F20340ECE72946D0
S3150801B2D0236C113351F8042BB14243F8042BF9D1ED
S3150801B2E0236C01F12002313351F8040B914243F8E2
S3150801B2F0040BF9D1216C204601F1940301F1710285
S3150801B3005131FEF75DFFCEE7294620461AF0DDFBEF
S3150801B310C9E71AF08BFB236C93F85D31052BC2D86C
S3150801B320DFE803F0190311111E19204682211AF0CC
S3150801B330B1FB0C4B20461B68D9684B1C5A425A4133
S3150801B340FEF7D4FDAFE7204682211AF0A3FB20467B
S3150801B350FEF706FEA7E7832120461AF09BFBA2E724
S3150801B3608521F9E7202C00201F4B10B51B680446E0
S3150801B3709B6913F0040310D141B180F8773090F836
S3150801B3807010BDE8104019481CF053BC90F8733092
S3150801B390012B03D18368580705D410BD022B02D1AE
S3150801B3A083685907F9D494F9772094F87730002AF5
S3150801B3B0F3DB1BB9012384F87730EEE75A064FF41D
S3150801B3C07A725EBF5B00DBB284F877305B08534361
S3150801B3D094F870100022054809F0BEFB94F87730FE
S3150801B3E063F07F03E7E700BF202C00202C2C002008
S3150801B3F045F21E0330B599420446154689B010D860
S3150801B40045F21603994213D845F20103994200F011
S3150801B410648145F20C03994222D0B1F5A04F00F0A0
S3150801B42069812A46204609B0BDE83040FEF722BFA9
S3150801B430A1F5A043173B072BF3D801A252F823F035
S3150801B440F5B4010823B4010823B4010823B401089B
S3150801B45097B6010823B401086BB60108E1B40108DF
S3150801B46090F97730002B02DB83685A0707D5204607
S3150801B47009211AF078FC41F2092009B030BDAA79F0
S3150801B4802A44994D527C2D6802F008016D7C2DB134
S3150801B49021B903211AF067FC2120EEE7550748BFB9
S3150801B4A043F0080302F0010243EA021309B143F02B
S3150801B4B0200343F004032246A3608C49204609F081
S3150801B4C06DFB0221204617F0E1FB47F230530022BB
S3150801B4D045F21A01204609F03FFBA36898054CD5A9
S3150801B4E0A368590749D594F8700009B0BDE83040FA
S3150801B4F01AF045B990F87430DA0747D590F87530DF
S3150801B500FF2B3CD094F9131001291DDCA26895067E
S3150801B5100DD5754B10071B6801D4187C38B1187FF7
S3150801B52010B91878032802D09B699B072ED50129E3
S3150801B5300AD06D4B15071B6801D41A7C22B11A7FF4
S3150801B54022BB1B78032B21D1102200210DEB02000F
S3150801B5501CF0A3FE17F035FB01AD01282B462DD0B3
S3150801B560A06AE16A228E03C31A802046BDF8042028
S3150801B57004AB0DF10601FEF7B3F800207DE78368F9
S3150801B580DB0616D4FEF7E0FB0028BBD0564B1B683A
S3150801B590197F022928D1DA7C32B393F85E301BBBB6
S3150801B5A0A368580716D520461AF0DDFB41F202209A
S3150801B5B063E7FEF7ADFB0028E4D0E7E70A2202219C
S3150801B5C094F8750017F032FB0028CED10190686017
S3150801B5D02881CAE7204641F20221FEF73FFC0121F4
S3150801B5E02046FFF7C1FEE1E720461AF081F9A56872
S3150801B5F005F0040550B925B120461AF0D6FB1A20E4
S3150801B6003BE71A212046FEF729FCF8E745B1FEF784
S3150801B610A3FBC8B1204694F87510FEF7B5FCACE754
S3150801B62022463249204609F0B9FA0221204617F086
S3150801B6302DFB47F230532A4645F21A01204609F0F6
S3150801B6408BFAA3685A07E2D4226CD2F8583143F030
S3150801B65020032046C2F85831FFF718FB00288CD082
S3150801B660412120461AF016FA87E7FEF775FB0028EE
S3150801B6706AD0226C002A67D0A3685B0764D5D2F822
S3150801B6805831980660D429780029E0D10521204649
S3150801B6901AF069FB71E790F87430D90706D440218E
S3150801B6A01AF0F8F929462046FEF7D8FBA3685A0787
S3150801B6B07FF563AF204645F21A011CF0BAFA204617
S3150801B6C022460A491CF0EEFAA368022123F03C033C
S3150801B6D02046A360FCF7C4F84FE70246034904482D
S3150801B6E009F05CFA49E700BF202C0020EB5A030851
S3150801B6F0302C002045F21A011CF09BFAA36823F0AE
S3150801B7003E03A360236C6BB193F85E01FF2809D051
S3150801B71094F87520FF2A03D0D3F858315B0601D572
S3150801B720FBF722F92246204608491CF0BBFA2246B5
S3150801B730064907481CF0B6FA20460221FCF790F89C
S3150801B74020461AF014FA18E7022096E6EB5A03087F
S3150801B750302C002045F21E0399422DE9F743044691
S3150801B760154611D845F21603994214D845F2010334
S3150801B770994200F03F8345F20203994200F0A48002
S3150801B780B1F5A04F00F03C832A46204603B0BDE838
S3150801B790F043FEF76FBDA1F5A043173B072BF3D87E
S3150801B7A001A252F823F000BFC9B7010889B70108F9
S3150801B7B089B7010889B70108B1BD010889B7010828
S3150801B7C09DB901085DB901088C4E33681A7F022AB2
S3150801B7D011D1DA7C7AB193F85E3063B941F202216C
S3150801B7E0FEF73CFB20460121FFF7BEFD41F2022090
S3150801B7F003B0BDE8F083A36813F0040501D0022065
S3150801B800F6E72046FEF784FA32680038167818BF3C
S3150801B8100120032E2DD0136903F0FF13003B18BF37
S3150801B82001239B0040EA030194F874300D469B07F7
S3150801B83023D54F0721D4032E1DD141F203212046DA
S3150801B840FEF70CFBA368224643F00403A3606C4988
S3150801B850204609F0A3F90221204617F017FA47F204
S3150801B8603053002245F21A01204609F075F90020E5
S3150801B870BEE72B46D6E741F0040593699E0704D433
S3150801B880137F012B18BF45F00805537C0BB1280718
S3150801B890D3D502210B201AF069F802460028D1D027
S3150801B8A0837903445D7394F87530FF2B03D094F8BC
S3150801B8B07430D90703D5A36843F00203A3600621B0
S3150801B8C0204619F0C2FEBDE783685A0703D490F9EA
S3150801B8D07730002B05DB236C53B1D3F85831DB06DF
S3150801B8E006D5204609211AF03EFA41F209207FE7DA
S3150801B8F0204619F0FDFF20B920461AF056FA2120F4
S3150801B90076E7226CD2F8583143F01003C2F8583161
S3150801B910AB790C332B445968C2F803101989A2F87C
S3150801B92007109B7A53720122236CDA70A26812F00F
S3150801B930040610D122463249204609F02FF9022180
S3150801B940204617F0A3F947F23053324645F21A0159
S3150801B950204609F001F9A3689F0588D5236C002BB9
S3150801B96085D0D3F85831DE0681D5FEF7F5F994F876
S3150801B970751030B1A368980703D42046FEF704FB77
S3150801B98075E70846FAF786FF40B194F87430D90787
S3150801B99004D4052120461AF0E6F9B0E7236C002BFA
S3150801B9A03FF42DAFD3F85831DA067FF528AF9F0655
S3150801B9B03FF525AFFEF7D0F948B1A3689E0706D42F
S3150801B9C02B7823B9052120461AF0CDF94FE7A3684C
S3150801B9D0256C23F00203A360D5F85831074F43F0CD
S3150801B9E02003C5F858313B68EA791B7A934202D895
S3150801B9F0A37C934206D90621CCE700BF202C002060
S3150801BA00EB5A030894F9521094F852300029B2BF40
S3150801BA100123C3F3C00383F00103102A28BF1022B0
S3150801BA206B7094F860302046C3F3C00383F00103BA
S3150801BA30AB70A27495F8068008F00D06FEF768F952
S3150801BA40002800F0928018F0010F00F08E8094F81B
S3150801BA507530D4F84090FF2B7CD089F85E313B686D
S3150801BA6099691A7F880703D4012A01D0310701D4BD
S3150801BA7006F0F7061978032900F0E8811B6913F027
S3150801BA80FF1F01D046F004060721022019F06EFFB8
S3150801BA90019000285BD090F806E03A680EF10C0E8A
S3150801BAA0137800EB0E0C8CF80130137F012B06D0AE
S3150801BAB0022B5DD192F85E30003B18BF01238CF84A
S3150801BAC0023010238CF8036016F0010607BF3246D0
S3150801BAD031462A7A697A8CF80430236C1DBF02F044
S3150801BAE0030201F003018CF805208CF805608CF837
S3150801BAF0061083F8511183F8502150F80E20C3F827
S3150801BB000A20BCF80420DA819CF806201A748EB340
S3150801BB10206C90F8501111F002062BD194F85210AE
S3150801BB200622C1F3C00181F0010190F85E0104F11A
S3150801BB304C0301F0010117F046F8D8B13146FEF77A
S3150801BB40ABF920461AF031F901A811F02BF940F2A8
S3150801BB5003404DE62046FAF7C9FF89F85E01236CD2
S3150801BB6093F85E31FF2B7FF47AAF08F00C0676E77F
S3150801BB700023A4E7019E002EE9D0FEF7E5F895F823
S3150801BB8006C018B994F87530FF2B0FD01CF0010FB9
S3150801BB9004D0236C93F85E31FF2B07D1052120468B
S3150801BBA01AF0E1F83046F2F725FBA8E63B680CF0F7
S3150801BBB00802597C29B112B16A7B120703D4032101
S3150801BBC0EDE7002A5BD0697B080758D5D5F85821D7
S3150801BBD042F00402C5F85821B5F8502122F48072C2
S3150801BBE022F00102A5F85021187F6A7902280FD0A0
S3150801BBF092B941EA0C0149074DD52A791978052ADE
S3150801BC0028BF0322944801EB810101448A5C11E0B3
S3150801BC1022B993F85E1011B90221C0E70122D97C35
S3150801BC2083F83D2029B1002AF6D093F85E20002A30
S3150801BC30F2D0042285F85D211B7C1BB994F8743077
S3150801BC40980701D5002ABAD094F91330022B03D1EB
S3150801BC50D5F858315907B2D516F0B3FF01282BD1BB
S3150801BC6094F87500FF2827D001A9FAF769FE18BBD1
S3150801BC70236C93F85021920718D40A218FE71A7F6B
S3150801BC80012A02D16A79002AD3D11CF0040F04D102
S3150801BC906A7B520701D40022CCE72A791978052A4A
S3150801BCA028BF03226D4801EB8101AEE793F85131B4
S3150801BCB09B0701D40A216DE694F87500FF2818D070
S3150801BCC0226C0821D2F8583143F04003C2F85831A2
S3150801BCD016F08DFF052194F8750016F05BFF032118
S3150801BCE094F8750016F056FF062194F8750016F0BB
S3150801BCF051FF32460621204619F0A7FC95F85D3119
S3150801BD00206C042B00F598701BD13B6803F11D02CA
S3150801BD102D3352F8041B9A4240F8041BF9D195F8C1
S3150801BD205D31D5F858118BB921F002021946C5F8CB
S3150801BD3058215507E1741CD58121204619F0AAFE20
S3150801BD4095E5102200211CF0A8FAE8E741F0020265
S3150801BD504E07C5F858210AD5A17C0F2907D994F8A9
S3150801BD60741041F0080184F874100221E1E70121F9
S3150801BD70DFE7042B3FF67BADDFE803F0180310106D
S3150801BD8018002046822119F085FE3B68D968481CAF
S3150801BD90424242412046FEF7A9F868E5204682213B
S3150801BDA019F078FE2046FEF7DBF860E58421C4E742
S3150801BDB090F87430D90706D4802119F06BFE29460C
S3150801BDC02046FEF74BF8A3685A077FF550AD45F2B2
S3150801BDD01A0120461BF02DFF2246204620491BF05A
S3150801BDE061FFA36823F00403A36002212046FBF741
S3150801BDF037FD3CE502461A491A4808F0CFFE36E5F2
S3150801BE0045F21A011BF015FFA36823F03E03A36050
S3150801BE10236C6BB193F85E01FF2809D094F875205D
S3150801BE20FF2A03D0D3F858315B0601D5FAF79CFDF2
S3150801BE30224620460A491BF035FF22460849094889
S3150801BE401BF030FF204619F092FECEE7002A7FF458
S3150801BE501BAE06F0FB0617E630ED030849ED0308AD
S3150801BE60EB5A0308302C00200138C0B20A289ABFC1
S3150801BE70014B185C0020704730EE03081023074871
S3150801BE80282243826423C0E905234FF6FF7383837F
S3150801BE90002340F8043B17F027BB00BF342C0020D1
S3150801BEA030B5044685B0084603911AF0D4FF8307D6
S3150801BEB006D418B103A810F075FF012005B030BDEE
S3150801BEC003998B7903F10C0288188A5C013A202AB6
S3150801BED000F21781DFE812F021001501B100150102
S3150801BEE0B4001501BD001501C4001501CC001501EA
S3150801BEF0D4001501DB001501E9001501F100150152
S3150801BF0015011501F30015010101150103011501BB
S3150801BF100C01150115011501E20003790BB103F5B1
S3150801BF2088534278023A1E2AC4D801A151F822F050
S3150801BF30ADBF0108B5BE0108B7BF0108B5BE010806
S3150801BF40C3BF0108B5BE0108CFBF0108B5BE0108C8
S3150801BF50DBBF0108B5BE0108FFBF0108B5BE010870
S3150801BF60E7BF0108B5BE01080BC00108B5BE010847
S3150801BF7017C00108B5BE0108B5BE0108B5BE01085E
S3150801BF8021C00108B5BE010831C00108B5BE0108C6
S3150801BF90B5BE0108B5BE0108B5BE0108B5BE0108A2
S3150801BFA0B5BE0108B5BE0108F3BF01081721204631
S3150801BFB0FDF7E2F97EE700222046114618F0EFFD6B
S3150801BFC078E71A460021204618F093FE72E7002208
S3150801BFD02046114619F039F86CE700222046114629
S3150801BFE018F0E3FE66E71A460021204618F0CFFF4F
S3150801BFF060E71A460021204618F0E8FF5AE71A4674
S3150801C0000021204618F0A6FF54E7002220461146D3
S3150801C01019F066F94EE71946204619F0C8F949E7B5
S3150801C0200093002320461A46194619F0CAF941E732
S3150801C0301946204619F017FA3CE7B0F80110B6E799
S3150801C04002338B710A4600234178204618F0A7FD72
S3150801C05033E70133002220468B7118F04AFE2CE79C
S3150801C06002338B7142780023204618F0EEFF24E74D
S3150801C07001338B71002320461A4618F096FE1CE7F9
S3150801C0800133002220468B7118F064FF15E701334E
S3150801C090002220468B7118F07AFF0EE70133002241
S3150801C0A020468B7118F092FF07E702338B714278AD
S3150801C0B00023204619F014F9FFE60021ACE7053301
S3150801C0C08B710023B0F80320B0F8010000930B46EA
S3150801C0D00146204619F075F9EFE60021A9E7033371
S3150801C0E08B710A46B0F80110204619F0DBF9E4E62F
S3150801C0F003338B710A46B0F80110204619F0DBF9B3
S3150801C100DBE60020DAE600BF38B5FCF78FF804460F
S3150801C110FCF7ECF8054606481BF049FD00230371B8
S3150801C12043712368C0F80630A3880573438138BD77
S3150801C1302009020538B50446FCF7D8F8054605482E
S3150801C14010F0CBFC20B123684360A3888572038174
S3150801C15038BD00BF4CEE030837B54B7905465B077A
S3150801C1600C460CD420461421064A10F083FC01A87B
S3150801C170019410F0ABFC10B9A3791C44257403B0E3
S3150801C18030BD00BF64EE0308024B1B6803B11847B4
S3150801C190704700BF7C2C002070B5064608460C4641
S3150801C1A0FCF7A4F80546064810F097FC38B1067165
S3150801C1B02268C0F80520A288C572A0F8092070BDBA
S3150801C1C060EE03080020024B1870024B1870704786
S3150801C1D0E0330020DF33002010B5B0F80110B0F8C5
S3150801C1E003200023007808F067FE044602481BF086
S3150801C1F0DEFC848010BD00BF2002050610B541781B
S3150801C200007808F051FF044618B9044B1A78044B14
S3150801C2101A7004481BF0CBFC848010BDE033002063
S3150801C220DF3300202002050310B508F069FF044634
S3150801C23002481BF0BCFC848010BD00BF2002050526
S3150801C240F0B50D4691B0831C09AC00F11A022646D9
S3150801C25018685968083303C693423446F7D11B88D0
S3150801C2601C212846338010F08EFEBDF8264014F0B6
S3150801C2700C0433D12E68304610F00AFE871EA742F9
S3150801C2800DDA4FF0FF3400239C428DF81C301EDB7B
S3150801C29001223146A31C07A810F073FD17E0631CA1
S3150801C2A00122314605A810F06CFD9DF81430012BCA
S3150801C2B0E9D023460122314607A810F062FD9DF810
S3150801C2C01C3013B101331C44D9E78DF81C3008F032
S3150801C2D00BFE012833D0022838D0A8B39DF82F00C9
S3150801C2E000F016FC04469DF8300000F011FC07AF7B
S3150801C2F09DF828200DF12901064605A8FBF7DCFF64
S3150801C30038469DF836200DF13701FBF7D5FFFF2397
S3150801C3108DF81330104B1B78DB0704D40DF113018C
S3150801C32005A816F09FFC9DF913303246CDE9007336
S3150801C3302146029505AB09A800F010F804E09DF81E
S3150801C3401C3013F0010FC9D111B0F0BD9DF81C3096
S3150801C35013F0030FF7E700BFDF3300202DE9F74F8E
S3150801C3604488064614F0100F1D460C9F9DF934A00B
S3150801C370DDF838B02FD0230728464CBF082404F02F
S3150801C3800F041BF05CFE814638461BF058FE96F9F1
S3150801C3900F3080465A46042113480193767810F0E7
S3150801C3A0D7FB019BA0B104712A68C0F80520AA88A9
S3150801C3B080F80B90A0F8092080F80CA043738673C7
S3150801C3C03B68C0F80F30BB8880F81580A0F8133099
S3150801C3D003B0BDE8F08FCDE90DAB0C9703B0BDE80E
S3150801C3E0F04F1AF092BD00BF88EE030810461946B1
S3150801C3F0F8B522F0004340F20A4293420ED8B3F54B
S3150801C400806F13D96FF480621344092B0ED8DFE8C5
S3150801C41003F0520F1E2F4F4F4F4F0D5240F201524C
S3150801C420934233D0A3F20253032B44D900200DE0E3
S3150801C4300D784C688A6901F108032048002110F03B
S3150801C4405DFB10B10571C0F805400120F8BD0E78F5
S3150801C4504D880C798A6901F108031948002110F001
S3150801C4604DFB0028F1D00671A0F80550C471ECE720
S3150801C4700D784C884A690B1D1248002110F03EFBC5
S3150801C4800028E2D00571A0F80540DEE70F784E884E
S3150801C4900D79CC8801F108020B48002110F058FBF0
S3150801C4A00028D2D00771A0F80560C5710481CCE7D0
S3150801C4B0FAF704FDC9E7FAF7C1FDC6E798EE0308DE
S3150801C4C094EE030890EE03088CEE030800487047C3
S3150801C4D0EDC30108014B18681BF05ABBD42C002088
S3150801C4E030B5124B0D469942144689B01BD19300BB
S3150801C4F011D505A906A808F0DDFB0623002203933A
S3150801C500059BE1B20293069B2846CDE9003241F02C
S3150801C51000511BF098FB064810F0DFFA00B10471D0
S3150801C520012009B030BD0020FBE700BF802C0020A8
S3150801C530BCEE030822F00042B2F1A04F08B504D1BF
S3150801C540034810F0CAFA012008BD0020FCE700BF25
S3150801C550C0EE030810B5047ED4B1102C28BF1024F0
S3150801C5601BF0EBFB621C81B200230620D2B2F1F765
S3150801C570C3FF044650B9074907481BF08FFB074814
S3150801C58007491BF08BFB0748F1F792FF204610BDC0
S3150801C5900424E5E7FC380020842C0020802C0020A8
S3150801C5A00C390020F438002070B504460D461646AD
S3150801C5B0FFF790FF38B133462A460021024810F0AA
S3150801C5C09DFA00B1848070BDC4EE030822F00042D2
S3150801C5D0B2F5887F2DE9F0471C4600F0E2800ED8B7
S3150801C5E040F203139A423CD040F209139A4200F0F2
S3150801C5F0C2800E2A00F0B3800020BDE8F08740F221
S3150801C60007239A4247D0B2F5037F56D040F2062354
S3150801C6109A42F1D120684C30FBF768FE2568074637
S3150801C620644895F8736095F870A095F8759095F833
S3150801C6307680A48810F051FA0028DDD0EB6C4360AF
S3150801C640B5F8503087720381731E5E425E41C67229
S3150801C65080F80CA080F80D9080F80E80A0F80F40A5
S3150801C660CAE72078FBF7ACF80028C5D0524894F8F9
S3150801C67000806788A688E588247A10F02EFA0028B3
S3150801C680BAD080F80480A0F80570A0F80760A0F871
S3150801C6900950C472B0E72078FBF792F80028ABD0AE
S3150801C6A060782578FFF7E0FB0446444810F015FA50
S3150801C6B00028A1D0057144719EE7A578012D1ED0E9
S3150801C6C0022D2DD0CDB9E37894F80080023BDBB278
S3150801C6D0022B8CBF01253A4A94F90470667998BFF2
S3150801C6E0D55C94F90640374810F0F7F928B180F877
S3150801C6F0048045718771C671047201207DE7E3786C
S3150801C70094F80080023BDBB2022B98BF2C4A94F9BD
S3150801C7100470667998BFD55C94F906402A48E3E720
S3150801C720E3782A48023BDBB2022B94BF244A01254F
S3150801C73094F80180277898BFD55C94F904906679B6
S3150801C74094F9064010F0C9F90028D6D0A0F804805B
S3150801C7508771C57180F8089046728472CDE72346C1
S3150801C7600822002113F8014B194810F0C7F90028CF
S3150801C770C3D00471C1E7174894F800806788A68872
S3150801C780E588248910F0A9F90028B6D080F8048034
S3150801C790A0F80570A0F80760A0F80950A0F80B40AA
S3150801C7A0ABE70D481C7810F098F900283FF424AF40
S3150801C7B0047121E700EF0308FCEE0308F4EE030811
S3150801C7C0C8EE0308ECEE0308E8EE0308F0EE0308EA
S3150801C7D0E4EE0308E0EE0308F8EE03080022084B2E
S3150801C7E010B51A609A8002681A60187816F088FDE2
S3150801C7F0044618B9034904481BF050FA204610BDEF
S3150801C800523200201C390020302C002008B5034B79
S3150801C8105888FBF7A5FB002008BD00BF523200204F
S3150801C8201FB54389029303890193C38800938388BB
S3150801C83042880188FF20FBF77BFA044602481BF071
S3150801C840B6F9848004B010BD2002060030B587B061
S3150801C85082790146054604A81BF0DEFB00239DF8F4
S3150801C8601620039312F0180408D1212503950F48C1
S3150801C8701BF09DF98580847107B030BD04A8FAF7CD
S3150801C880ADFF024668B903ABCDE9000304A9084B1D
S3150801C890E879FBF789FB024618B90446BDF80C503E
S3150801C8A0E5E7BDF80C5092F87040E0E7200306046E
S3150801C8B015C9010810B50078FAF782FF40B11321AE
S3150801C8C016F020FD044603481BF071F9848010BD5B
S3150801C8D02524F8E72002060573B5144606460D46D3
S3150801C8E020461421094A10F0C5F801A8019410F050
S3150801C8F0EDF848B9A3790C331C44054BA6711B798D
S3150801C900A5800BB11AF00CFB02B070BDDCEE030872
S3150801C9105232002022F000420D2A73B51C460ED071
S3150801C9206FF4C0631A440B2A12D80B2A10D8DFE811
S3150801C93002F03B12242C370F46505F84878E04225F
S3150801C940002153F8044B444810F0D8F800B184800C
S3150801C950002002B070BD2078FAF732FF0028F7D020
S3150801C9603E48267894F90150A47810F0B6F80028C4
S3150801C970EED0067145718471EAE72478384810F0DB
S3150801C980ACF80028E4D00471E2E7257835486468F4
S3150801C99010F0A3F80028DBD00571C0F80540D7E7E9
S3150801C9A0257831486468F3E730482578646810F0DB
S3150801C9B094F80028CCD00571A0F80540C8E72C48A2
S3150801C9C02578646810F089F80028C1D0057144718A
S3150801C9D0BEE7637827480D2B96BF274A0125D55C04
S3150801C9E0247810F07AF80028B2D004714571AFE7BF
S3150801C9F0637800210D2B98BF1F4A204898BFD55C44
S3150801CA006368A27888BF0125267810F077F808B1FF
S3150801CA10067145716378012B9AD88DF80730012282
S3150801CA20002116480DF10703247810F067F800284D
S3150801CA308ED00123047143718AE7247810489EE752
S3150801CA400021636822780F4810F058F880E70E48ED
S3150801CA5010F043F87CE700BF44EF030830EF030802
S3150801CA6038EF03083CEF030834EF03082CEF0308FB
S3150801CA7028EF030824EF030804EF030820EF03084F
S3150801CA801CEF030814EF030818EF030873B50646ED
S3150801CA901DF068F81C4C054663795B070ED42046E1
S3150801CAA014211A4A0FF0E6FF01A8019410F00EF8B6
S3150801CAB020B128461DF051F802B070BDA3790C3398
S3150801CAC02344032E08D8DFE806F0020D13191A7954
S3150801CAD0FF2A01D001321A71284602B0BDE870401A
S3150801CAE01DF03BB85A79FF2AF6D001325A71F3E79D
S3150801CAF09A79FF2AF0D001329A71EDE7DA79FF2A9D
S3150801CB001CBF0132DA71E7E7882C002040EF0308E1
S3150801CB10042828BF0020014B185C704748EF03081A
S3150801CB202DE9FF4180460F4601A80C4916461D46C8
S3150801CB3007F040FD70B9029CBDF82830A4F80480BE
S3150801CB40A381BDF82C30E78026816581E38101A8A0
S3150801CB501AF094FF04B0BDE8F08100BF5CEF03084A
S3150801CB602DE9F04186B0CDE90001124903A8164620
S3150801CB701D46DDF8308007F01DFD0446A8B9049965
S3150801CB800098BDF8043048600B818E72CD7203A8F7
S3150801CB9007F07EFD0446B8F1000F03D0049B9B798C
S3150801CBA088F8003003A81AF065FF204606B0BDE8EC
S3150801CBB0F08100BF54EF03081FB50446054901A8D3
S3150801CBC007F0F8FC20B9029B01A81C711AF056FF60
S3150801CBD004B010BD4CEF03087FB505460E4601A803
S3150801CBE00C4907F0E7FC044680B901A807F050FD97
S3150801CBF0029B044625B1D3F806202A605A89AA80E1
S3150801CC000EB11B7B337001A81AF034FF204604B01D
S3150801CC1070BD00BF64EF03087FB506460D4601A83F
S3150801CC200749144607F0C6FC40B9029B01A81E71C4
S3150801CC30A3F80550A3F807401AF020FF04B070BD09
S3150801CC407CEF030830B585B005460C4601A80649B0
S3150801CC5007F0B0FC28B9029B01A81D715C711AF096
S3150801CC600DFF05B030BD00BF74EF03081FB50549B8
S3150801CC7001A807F09FFC10B901A81AF0FFFE05B03C
S3150801CC805DF804FB6CEF030808B507F0E9FD08B188
S3150801CC90012008BD07F09EFF0020002107F0E8FDEE
S3150801CCA00028F5D10FF083FF0028F1D1014B187840
S3150801CCB0C0B2EEE7E233002010B5204C88B0206000
S3150801CCC0F1F7F0FB1C22002101A824681BF0E5FA04
S3150801CCD00DF03FFD628BA368ADF81020A28B43F4DB
S3150801CCE08063ADF81220226AADF8080005926268E1
S3150801CCF0039301921AF016F918B1039B43F0040342
S3150801CD000393039B01A843F4803203922268920598
S3150801CD1044BF43F41023039311F018FB044650B99A
S3150801CD200A20074A074907F0F9FE044618B907F029
S3150801CD3021FDFFF7A3F8204608B010BDC42C00203A
S3150801CD40356F03084197030870B58EB009F0B4FF33
S3150801CD50002302AE31460DF107008DF80E308DF82D
S3150801CD600730E3F70FFE002840F09380304619F0AC
S3150801CD7062FF002800F08D80302800F08A809DF837
S3150801CD800730012B17D172238DF80E30E8F75CFFB7
S3150801CD90CDE90601030C8DF81230BDF81D30ADF84A
S3150801CDA01000ADF813309DF81F308DF81530492362
S3150801CDB08DF816300AE049238DF80E3096E80300FF
S3150801CDC0ADF81410090C04908DF816109DF80E3064
S3150801CDD013F0280F07D1DDE90401ADF80C10090C91
S3150801CDE002908DF80E103A4D2B68D868002856D156
S3150801CDF02B681A690AB9374A126837490A605A69A3
S3150801CE000AB9364A126836490A609A7FD1074ED45A
S3150801CE1004A81AF0A9F80446002845D11C2201469F
S3150801CE2006A82D681BF039FA0DF093FC6A8BAB68DE
S3150801CE30ADF82420AA8BADF81C00ADF826202A6A85
S3150801CE4043F480630A926A68089306921AF06AF8AC
S3150801CE5018B1089B43F004030893089B06A843F4FA
S3150801CE60803208922A68920544BF43F41023089336
S3150801CE70E3F724FD0446B8B9BDF92A0019F0B9FE4D
S3150801CE801AF077F83046FBF7E3F9164807F040FE43
S3150801CE900AE09DF80E3018077FF578AF8EE717F090
S3150801CEA0F7FC04460028A3D020460EB070BDDA7FF1
S3150801CEB000234FF0FF3006A9CDE906338DF81A2075
S3150801CEC01AF012F90028A3D040F20C44ECE700BF8F
S3150801CED0C42C0020E4A40308A02C0020E0A4030825
S3150801CEE09C2C002059CF010837B5154D28681AF032
S3150801CEF054FE10BB134B1B780BB100F0BDFA07F0BB
S3150801CF0069FE19F065FE07F06FFC044628681AF0F9
S3150801CF103FFE20B92868F1F70DF9019048B90FF0DD
S3150801CF2046FE08B9002CECD103B0BDE8304019F033
S3150801CF30F8BF01A80FF036FFECE703B030BD00BF1C
S3150801CF40D42C0020E2330020024B1B6803B118479A
S3150801CF50704700BF9C2C002050EA010337B50446F0
S3150801CF600D4604D103B0BDE83040FFF7EDBFB1F17E
S3150801CF70FF3F08BFB0F1FF3F13D01CF0E1FB2218B9
S3150801CF8045EB010308490948C1E9002300239D42ED
S3150801CF900CBF21464FF0FF31CDE90033044A1DF09D
S3150801CFA0BFF803B030BD00BF700B0020A42C0020D1
S3150801CFB0B5CF0108D3B51CF0D5FD04461CF0C0FB5E
S3150801CFC00B46104AD2E90067B04273EB070107D353
S3150801CFD0FFF7BAFF204602B0BDE8D0401CF0BDBD40
S3150801CFE0D2E900670022311A67EB03039342CDE9C0
S3150801CFF00022134618BF4FF0FF31034A03481DF0BC
S3150801D0008FF8E7E7700B0020B5CF0108A42C0020A4
S3150801D0100023044A52E8000F42E800310029F9D1F9
S3150801D020F6F718BFC82C0020054A52E8003F03430B
S3150801D03042E800310029F8D1024B1B68184700BFA6
S3150801D040C82C0020A02C002013B51C68E10705D5C3
S3150801D05019F0B5FD154916481AF020FEA20722D582
S3150801D060FCF746FCC8B901901CF07CFD0446114842
S3150801D0700FF0B7FE019020461CF06FFD019890B1A4
S3150801D08043799B070CD401A802210FF07CFF019874
S3150801D090FCF71EFCFCF7ACF9E6E7FCF7A9F9DFE7B4
S3150801D0A0FCF70AFCF6E7002002B010BD2C39002077
S3150801D0B0302C0020CC2C002008B5054807F066FB6B
S3150801D0C0044B01211870BDE8084007F06FBB00BF8B
S3150801D0D03C390020E133002038B5044648B11CF03C
S3150801D0E041FD0546214608480FF034FF28461CF045
S3150801D0F034FD064B022193F9000007F057FBBDE802
S3150801D1003840FFF721BF00BFCC2C0020E1330020B7
S3150801D1102DE9F0410A4B0B4F04460E46386819684B
S3150801D1201546E6F7D5F840B933462A46386844F431
S3150801D1308021BDE8F041E6F7EDBABDE8F08100BF10
S3150801D140D4370020F43700202DE9F0410A4B0B4F64
S3150801D15004460E46386819681546E6F7B9F840B91F
S3150801D16033462A46386844F48021BDE8F041E6F79B
S3150801D17077B9BDE8F08100BFD4370020F437002025
S3150801D18038B5084D084B044619682868E6F7A0F82B
S3150801D19030B9286844F48021BDE83840E6F7FEBA7C
S3150801D1A038BD00BFF4370020D43700202DE9F047F9
S3150801D1B0144B0F461968144B06468CB018689046EE
S3150801D1C0E6F786F8044680B93B460A223046CDF88A
S3150801D1D0008002A90BF052FA4FF0000905460DF13D
S3150801D1E0080A4D4505D1002DEED120460CB0BDE803
S3150801D1F0F08730465AF8041BE6F7D0FA09F1010917
S3150801D200EFE700BFD4370020F4370020F8B50B4B01
S3150801D2100B4F06460C4638681968E6F759F805466D
S3150801D22048B9E24316FA82F2386842F4802246F493
S3150801D2308021FFF7BBFF2846F8BD00BFD437002081
S3150801D240F4370020F8B50E46054618B311B3134F47
S3150801D2503B680BBB00F03EF90446B0B9F1F71EFA7C
S3150801D26007F026FA6D6A002D08BF4FF48075284627
S3150801D27007F078F9044640B932462021384607F0C6
S3150801D28023FA044618B107F085F92046F8BD044B80
S3150801D2901D60FAE72124F8E72E24F6E7D42C0020AE
S3150801D2A0D02C0020014B18681AF033BCD42C00206E
S3150801D2B0064B10B518681AF040FC044618B900F078
S3150801D2C043F915F060FE204610BD00BFD42C00209E
S3150801D2D0014610B5044606480AF0C3FC00234FF080
S3150801D2E0FF3223604FF0FF33C4E9022310BD00BFAC
S3150801D2F0F82C00201A4B37B51D6845B9194C237807
S3150801D300C3B119481CF0A6F9257003B030BDD5E99B
S3150801D31002451CF015FAA04271EB05020B460BD328
S3150801D3200022104B1A700122104B1A70104B186804
S3150801D33019F0FDFD0020E8E7211A65EB0305002336
S3150801D3409D4218BF4FF0FF31CDE90033094A06481F
S3150801D3501CF0E6FE0028D8D10122024B1A70D4E748
S3150801D360F82C0020E4330020D82C0020E2330020DA
S3150801D370D42C002079D301080022044B1A7001220B
S3150801D380034B1A70034B186819F0D1BDE43300201A
S3150801D390E2330020D42C0020264BF7B50446186842
S3150801D3A00D461AF0FAFB30B9284601A91CF0FAF91C
S3150801D3B018B119F0E2FD03B0F0BDD4E90223B3F1C7
S3150801D3C0FF3F08BFB2F1FF3F02D02046FFF780FFBB
S3150801D3D01CF0B6F9019B1818174B41F100011D788D
S3150801D3E04DB1164AD2E90032834272EB010602D3E5
S3150801D3F0581C42F10001124AC4E9020113687BB9BB
S3150801D40023601460002DD6D1FFF774FF0546002866
S3150801D410D1D02046FFF75CFFFFF76CFF2846C8E727
S3150801D420D3E90276B84271EB0606E9D31A461B68B8
S3150801D430E5E700BFD42C0020E3330020780B002059
S3150801D440F82C002008B598B1D0E90223B3F1FF3FC3
S3150801D45008BFB2F1FF3F0BD0FFF73AFF054B1B7828
S3150801D46033B9FFF747FF18B1BDE8084019F085BD84
S3150801D47008BD00BFE33300200022F8B5114B124D59
S3150801D4801A701CF05DF90123104EC5E90001104F11
S3150801D49033703C6834B1D4E90212D5E900038842F5
S3150801D4A0934108D200233370FFF724FF48B1BDE842
S3150801D4B0F84019F062BD2046FFF70AFF63689847EE
S3150801D4C0E7E7F8BDE2330020780B0020E3330020BC
S3150801D4D0F82C0020074BDA69D20407D51B6A40F2FB
S3150801D4E0044013F0010F18BF0020704740F20440B2
S3150801D4F0704700BF0080E00F10B503783E2B0AD1B4
S3150801D500837843F478530D4A0D49107800229042E6
S3150801D51008D800200DE0FF2B0ABF83781B0243F4CD
S3150801D5207F43F0E731F8024BA34203D1054B53F889
S3150801D530220010BDEDD30132E9E700BF82A403083A
S3150801D540C0A4030884A4030830B5002485B002A842
S3150801D550E8F760FB01A8BDF80850019409F0A8FB9B
S3150801D56000B101940E48019C0FF0B7FAB0B100233F
S3150801D5704371C371037243728372C3726FF05703A7
S3150801D580837449230B22C374112302710375012283
S3150801D5906FF001038271C4600582437505B030BD21
S3150801D5A084EF03081046044A1368591E033102D84A
S3150801D5B000211160184770474C390020034B186841
S3150801D5C0034B002808BF1846704700BFFC2C0020F3
S3150801D5D0B0EF0308014819F032BE00BF042D002040
S3150801D5E013B50B4C0229226005D10A4819F027FE0A
S3150801D5F0002002B010BD0A4600930146064B0548B5
S3150801D60019F0FEFD003818BF01204000F1E700BF00
S3150801D6104C390020042D0020A5D50108014819F030
S3150801D6201FBE00BF042D00200021014819F03ABE93
S3150801D630042D002008B5064B1B68013305D0FFF7FA
S3150801D640EDFF80F00100C0B208BD0020FCE700BF75
S3150801D6504C3900202DE9F843DFF860900646D9F8E1
S3150801D660008008461746B8F1000F03D00E2420465D
S3150801D670BDE8F88306B3336801331DD1E1B100F083
S3150801D68075F805460028F1D0C9F8000000F0DAF867
S3150801D690284619F0C8FC044640B14046C9F800803E
S3150801D6A000F0D0F8284619F0B9FCE0E73560002FFC
S3150801D6B0DDD02846B847DAE72124D8E7002D00202F
S3150801D6C0024B1868003818BF01207047002D00204A
S3150801D6D038B50C4601F0F0FAA3780B4A13705A1EB6
S3150801D6E055425541A8420CD0012B04D02846BDE825
S3150801D6F0384001F0C3BA204601F092FA0028F5D065
S3150801D70038BD0020FCE700BFE5330020002108B53D
S3150801D710024B08465B689847002008BD6839002017
S3150801D72010B5FFF74BFF0D4B0C461A1A53425341DE
S3150801D7308B4201D1002010BD094B1B683BB9094A30
S3150801D740064B002C08BF1346074A1360F2E719F087
S3150801D75089FE0028F3D00220EDE700BF88EF030811
S3150801D760002D0020B0EF0308FC2C0020F8B5044674
S3150801D7701CF0EFF9002607460E4B1B6893B19E680D
S3150801D780AEB196F82420D20711D435460FCC0FC571
S3150801D7900FCC0FC523682B6096F8243043F001039C
S3150801D7A086F8243038461CF0CFF93046F8BD1B6898
S3150801D7B0E4E700BF5C390020431E033306D8044B57
S3150801D7C0984228BF1846642838BF6420704700BFAE
S3150801D7D040420F0038B5184B05461B680C4603B185
S3150801D7E0984744B1236833B11B68013303D0E36812
S3150801D7F00BB1A36843B91AF045F8002091224121DB
S3150801D80000F014FA212038BD204602F0A3FD0023BA
S3150801D8100A4A85F84831C5E93A4313605360636992
S3150801D82043B1074A42211068B322C31A58425841E4
S3150801D83000F0FCF90020E6E7542F002050390020BB
S3150801D840902F002010B5044618B9054B054A1360F8
S3150801D85010BD00F041FCD4F8F430002BF6D1F4E702
S3150801D860EF7003086039002008B502460868FFF71B
S3150801D870A3FF08604868FFF79FFF48608868FFF7BD
S3150801D8809BFF8860C868FFF797FF0B69C860581C3B
S3150801D89003D00B48834228BF03460B614B69581CCA
S3150801D8A003D00748834228BF034688694B61FFF7BF
S3150801D8B083FFBDE808408861104601F033B900BF0F
S3150801D8C040420F00D0F8EC302DE9F04105460C46F0
S3150801D8D013B1038E8B424ED0D5F8E830002B4DD0CC
S3150801D8E09E68002E4AD0D868002847D0013800B271
S3150801D8F000281DDB002107E0128A0CF10101A24272
S3150801D90019D209B2884213DB0B1803EBD3735B10E8
S3150801D91003EBC30206EB8202B2F80EE01FFA83FCA0
S3150801D920A6450CF1FF3EE7D90FFA8EF08842EBDAED
S3150801D9302120BDE8F0814FF6FF729445F8D09BB2DD
S3150801D94003EBC30306EB83062846B6F9122095F8BE
S3150801D9503C11D5F8FC800CF015FF0746B8F1000F0D
S3150801D96004D00023324628461946C0472C86C5F8F6
S3150801D970EC6085F845710020BDE8F0810E20BDE810
S3150801D980F08100BF2DE9F04782B004460E46904665
S3150801D99001F098F9002877D15D4D2F68D4F8E8A0F1
S3150801D9A0D4F8EC901FB1574500F090800027AE607F
S3150801D9B001F0BEFE0128064604D0012100220846D0
S3150801D9C019F060FB204619F0DCFE002860D12B68AF
S3150801D9D0DAF80010D9F800201BB11868884200F05F
S3150801D9E08180204619F0C1FEB7B1B8F1000F13D1F5
S3150801D9F0204601F049FC0546D4F89830002B3CD165
S3150801DA00012E05D025B1434B002103205B689847B9
S3150801DA10284602B0BDE8F0873F4BC5F800A01A7842
S3150801DA20C5F804908DF80780002A40D1D4F8FC5037
S3150801DA30002D5FD0114620460DF10703A847204661
S3150801DA4001F022FC054617B1B8F1000FD4D0B5FA9A
S3150801DA5085F040F205423321400900F0E7F84146D6
S3150801DA60204601F077FD2D4B49461B6805462046A1
S3150801DA709847D4F89830002BC2D000224FF400738F
S3150801DA80204600F039FBBBE70023214D6B6084E794
S3150801DA9094F825309A079AD5D4F8A0305B0596D51F
S3150801DAA01F4B0122002120461B6898478FE7D4F8AF
S3150801DAB0EC30B4F9481023B1B3F912309942A8BF32
S3150801DAC019464246204601F02BFBB8E76F68002F3E
S3150801DAD03FF46DAF4F457FF469AFAB68B34215D0DC
S3150801DAE0012764E7696819B1096891423FF47CAF77
S3150801DAF0596876E794F82A1094F8453142469942CE
S3150801DB0028BF1946204601F0D9FA98E700257FE78C
S3150801DB1050390020683900203CD7030860390020B5
S3150801DB20582F0020F8B505460E461CF012F8314666
S3150801DB3007462846FFF7C6FE044620B138461CF0BC
S3150801DB4003F82046F8BD01F0D3FD224631462846A2
S3150801DB50FFF718FF04460028F0D1284619F011FEF0
S3150801DB600028EBD095F8253013F002030DD0D5F82F
S3150801DB70A0305B050DD5B5F83631B3420BD0B5F8F3
S3150801DB8038319B1BB3FA83F35B09044A82F8D83010
S3150801DB90D4E72346F9E70123F7E700BF003E00B0C3
S3150801DBA070B5044600200D4619F070FE094B1B7826
S3150801DBB04BB9D4F8FC6036B129462046B446BDE8CF
S3150801DBC070401A46604729462046BDE8704019F05C
S3150801DBD0BBBD00BF3CD7030830B4064DBDF90840AC
S3150801DBE02D781DB1029430BC19F0B1BD0E2030BCA0
S3150801DBF0704700BFEE330020024B1860024B1960D4
S3150801DC00FEE700BF1C2F00206439002038B5044DFB
S3150801DC10044C054B286021601A60FFF7EDFF38BDFB
S3150801DC201C2F002064390020202F002010B550B980
S3150801DC300548064B0160064802601868054B1860DE
S3150801DC401868FFF7E3FF10BD64390020002D002096
S3150801DC50202F00201C2F0020054B1B680BB91846E6
S3150801DC607047834201D01B69F8E70120704700BF5E
S3150801DC70282F002018B10A4B1A680AB910467047AE
S3150801DC801A68824207D1026901201A60054A136897
S3150801DC90013B1360704702F110031269EDE700BFFB
S3150801DCA0282F0020242F00202DE9F74F06461BF0C8
S3150801DCB059FFDFF82081012398F800B0DFF81891A1
S3150801DCC00190BBF1000F06D089F8003003B0BDE81A
S3150801DCD0F04F1BF042BF3D4F88F8003089F800B07D
S3150801DCE019F01AFB08B119F015FB3D6838495DB9F9
S3150801DCF0DFF8E8A0DAF800200024AA423B682ED80B
S3150801DD004FF0FF31324838E06B7D8BB12B68B34257
S3150801DD1002D09A1B8A420BD96A6813442B60AB68F6
S3150801DD20003A18BF0122003B18BF01236A75AB757B
S3150801DD302D69DCE7907D20B1107D88429CBF0146A4
S3150801DD4014461269002AF5D1002CD9D094E80B00A3
S3150801DD50A275411AE268204698470135CAE71A466C
S3150801DD60FF21EFE75A7D3AB11A68B24228D0921BD1
S3150801DD70824225D8914226D21B69002BF2D15CB189
S3150801DD802046FFF777FF38B13B683C602361DAF834
S3150801DD9000300133CAF800303B685C7D1CB1186855
S3150801DDA000F0DEF8044619F0B3FA0646002C95D1C0
S3150801DDB099F80030002B91D1019888F8004085E741
S3150801DDC01C460021D8E711461C46D5E7282F002016
S3150801DDD0FCFFFFBFE7330020E6330020242F002095
S3150801DDE038B5054610B3182200211AF056FA1BF069
S3150801DDF0B9FE02462846FFF72FFF20B110461BF051
S3150801DE00ACFE022038BD0A4B1C6854B909491D608D
S3150801DE100B68104601332C610B601BF09EFE2046F1
S3150801DE20F0E719680C6901F11003EEE72120E9E72B
S3150801DE30282F0020242F002038B50446FFF70CFFB1
S3150801DE401BF090FE05462046FFF706FF637D23B9C2
S3150801DE5028461BF082FE0E2038BD00236375064B4B
S3150801DE601B68A34203D119F053FAFFF71DFF284691
S3150801DE701BF073FE0020EFE7282F00202DE9F84F4D
S3150801DE80DDF82890984604460D469246FFF7E4FECB
S3150801DE90DDF830B01BF066FE074619F039FA06467A
S3150801DEA02046FFF7D9FE637D23B12046FFF7C4FF5D
S3150801DEB00023A375BAF1010F21D175B9B8F1000F85
S3150801DEC01FD1B9F1000F03D05A4631462046C8473B
S3150801DED038461BF042FE002017E035440C4BAA1BBE
S3150801DEE09A420ED8012363759DF82C30304684E892
S3150801DEF020032375C4F80CB0FFF7D6FEE8E7AE4257
S3150801DF00ECD138461BF029FE2120BDE8F88F00BF69
S3150801DF10FCFFFFBF2DE9F04107468846FFF79CFE47
S3150801DF201BF020FE3D68064619F0F2F97B7D7BB1B0
S3150801DF3085420DD0094B2C1A9C4209D830461BF054
S3150801DF400CFEB8F1010F08BF25462846BDE8F08149
S3150801DF5030461BF002FE0025F7E700BFFCFFFFBFB6
S3150801DF600023024A194600F09DB900BFDB72030877
S3150801DF70024B0022196819F011BC00BF38D70308F3
S3150801DF80024B0122196819F009BC00BF682F00204D
S3150801DF9090F82730FF2B0FD0012904D9023901291E
S3150801DFA006D9212070470222044B196819F0F6BBDD
S3150801DFB0034B03221968F9E70220704730D7030893
S3150801DFC02CD70308024B0422196819F0E7BB00BFD6
S3150801DFD028D7030838B5094B5A68094B9A420AD11A
S3150801DFE01BF0B7FD054606F0D9F9044628461BF08D
S3150801DFF0ABFD204638BD0024FBE700BF6839002089
S3150801E00097730308024BD868C0F30360704700BFD3
S3150801E010000002B838B54FF0FF35054C206800F00E
S3150801E020B9FE2560034C206800F0C2FE256038BDA4
S3150801E030743900207039002010B5054C237823B1B6
S3150801E04003F094FD0020207010BD0E20FCE700BFF0
S3150801E050E933002008B503F057FD0122014B0020E2
S3150801E0601A7008BDE9330020F8B504460F4616466E
S3150801E0701BF06FFD0546A047044620B128461BF054
S3150801E08063FD2046F8BD05F063FE04220549D1F873
S3150801E090EC3E23EA07033343C1F8EC3E024B5A64CC
S3150801E0A0ECE700BF003000B0002002B800F018030A
S3150801E0B0182B0AD003070AD410F0100F40F20113E7
S3150801E0C008BF0023034A936770470023FAE7012331
S3150801E0D0F8E700BF003F00B038B10368044A002BD7
S3150801E0E008BF1346034A13607047014BFAE700BF9E
S3150801E0F09F7303087839002010B4D0E956412240AD
S3150801E1000B4052EA030104D003495DF8044B096840
S3150801E11008475DF8044B7047783900200F2938B550
S3150801E12005460C460ED801F003FB01280CD1074A17
S3150801E1302846536E23F00F032343536619F024FB35
S3150801E140002038BD2120FCE70220FAE7003F00B095
S3150801E15008B50E4B5A6C12F0A00F13D19B6C5B07D6
S3150801E16012D40B4BD3F8EC3E23F07F4323F0FF0385
S3150801E17053B1FFF747FF6FF4905343FA00F000F0ED
S3150801E180010008BD0020FCE70120FAE7000002B8FB
S3150801E190003000B0074A084B30B10221C2F86412B8
S3150801E1A00422C3F8642270470421C2F864120222C9
S3150801E1B0F7E700BF006001B8005001B870B50D4619
S3150801E1C0064620B91A4B1B68EBB10E201AE001F07E
S3150801E1D0AFFA012827D1174BD6F8F00093F900407A
S3150801E1E019F07EFA0022C4F11C04241A641BC4F136
S3150801E1F02B03002BB8BF5B42232B16DC3AB10D4B20
S3150801E2001D70002070BD0122C1F11C04EFE786F8DC
S3150801E21028501BF09EFC054660B200F087FE284692
S3150801E2201BF092FCEDE70220ECE72120EAE700BFAC
S3150801E230002D0020E833002008B519F0B1F8802236
S3150801E240024B5867024B1A6108BD00BF003F00B078
S3150801E250000002B8014B1868704700BF402F002024
S3150801E26037B51BF076FC0123002200240093002316
S3150801E270054619461046019405F044FB052002F0AF
S3150801E280F1FC064B21461C60054B02205B6898474A
S3150801E29028461BF059FC204603B030BD482F002004
S3150801E2A0683900202DE9FF4102290C461546984692
S3150801E2B0039005D1FFF7D4FF002004B0BDE8F08133
S3150801E2C01BF047FC1E4E0746336853B1AB4208D0D4
S3150801E2D0002438461BF038FC002CEDD1212034608F
S3150801E2E0EBE7184B0022C3F80080356000230125AF
S3150801E2F04FF00008104619460195009505F002FBF6
S3150801E300114B052083F8008002F0ACFC22464346F7
S3150801E310052003A902F0C4FC0C4B039A04461A60B3
S3150801E3200028D5D0DFF82880D8F80030984721286A
S3150801E330CFD12946D8F8043002209847C9E700BF4B
S3150801E340482F0020442F0020EC330020402F0020C6
S3150801E35068390020034B5B6E9B045ABF024B187841
S3150801E3600120704700C001B8EC33002090F827302F
S3150801E370023B022B05D84B7CE3B1012B1CD0022BA7
S3150801E3801CD0D0F860311B0612D5D0F8A4300D2B5D
S3150801E39003D0A3F10F02022A0AD88A8A1A2A07D9B0
S3150801E3A00F2B08480CD0084A112B18BF1046704786
S3150801E3B019F071B805487047054870470148704714
S3150801E3C0704700BF40420F0080841E0020A107004D
S3150801E3D048E801000A78022A11D0101F4242424138
S3150801E3E052004B781201022B0BD0191F4B424B419D
S3150801E3F05B000549054842EA8312FFF735BE01224B
S3150801E400EFE70123F5E700BFF0FFFF0079F7010801
S3150801E4100B78022B10D0181F434243415B004A7800
S3150801E420022A0BD0111F4A424A4152000F210448C1
S3150801E43043EA8202FFF718BE0123F0E70122F5E756
S3150801E440A5F70108D0F8B03010B5994204460ED0A8
S3150801E450C0F8B01002F094F80649A4F84001012367
S3150801E460054AD1F8FC1004F5827004F0F3F800208F
S3150801E47010BD00BF004F00B0A43F00B02DE9F74F13
S3150801E48004468B4615461E46FFF762FE28B3A38A45
S3150801E4901BB3204618F094FE78B91EB10E2003B0BE
S3150801E4A0BDE8F08F714BD3F8EC3E03F03002102A29
S3150801E4B0F4D003F0C003402BF0D06D4F04F00CF8F4
S3150801E4C07B69DB07EAD51BF044FB0646032002F00D
S3150801E4D0D5FC20B130461BF037FB0220DFE77A690D
S3150801E4E012F0060AF6D130461BF02EFB5F4B4FF4AD
S3150801E4F000612046D3F8EC9ED3F8C48E05F092FD50
S3150801E50048B14FF4007601215A4F524608467E64B7
S3150801E51018F0B8FD7E6494F825309F0707D5D4F81E
S3150801E520A0305E0542BF4FF40022534B5A64594648
S3150801E5302046FFF7F7FA4D4BC3F8EC9EC3F8C48E95
S3150801E5400028ACD194F82430980601D4002D4ED079
S3150801E550C5F3400004F0A8FB022315F4807F1FBF12
S3150801E560454A002153644FF03A420BBF414A916133
S3150801E5705364536305F0ECFB4FF4806315F0040F05
S3150801E58014BF3E4A3E4A3B4E13650423284673642C
S3150801E590FFF78CFD204618F0A6FF38B14FF48073BB
S3150801E5A015F0010F16BF344A73645364A90647D59B
S3150801E5B04FF6FF72B4F8423093420FD0314A3249CE
S3150801E5C0526F100CC2F301120132B3FBF2F3088049
S3150801E5D02A4A2B492D481B0448675367003D18BF33
S3150801E5E0012594F8243065F3451384F82430204630
S3150801E5F019F0C7F8F0B1204618F075FFD0B14FF4FD
S3150801E6000031204605F00EFD431C03229BB201A9E9
S3150801E6101F4819F02EF99DF804209DF8053002F0DF
S3150801E6200701052915D112070DD443F48073194A38
S3150801E630C2F8CC30002003B0BDE8F04F19F026B976
S3150801E64001F036F8CAE713F0040F09D19DF8063030
S3150801E650EBE703F03002202A05D113F0010FF4E7A6
S3150801E6604FF48073E3E79DF80630E0E7003000B029
S3150801E67000C001B8002002B8001002B8005001B865
S3150801E680006001B8004001B87E3A00200000FFFF93
S3150801E6900C0000BA003E00B02DE9F0470B460646CD
S3150801E6A0154611B92120BDE8F087002AFAD00329B9
S3150801E6B005D8002201F09CFD03460028F2D01C88EB
S3150801E6C09A78B4F5804F02F0070180F0A580A1F190
S3150801E6D0070C1879DF88DCF1000343EB0C030529E5
S3150801E6E02B7394BF0023C2F30013C2F3801C6B7310
S3150801E6F0930985F810C003F00203C2F3C00C43EA7C
S3150801E7000C03C2F34012AA746B74E874D6F8A030ED
S3150801E710AF82DA066BD40639012968D80020B6F823
S3150801E7201280F76908F1FF383C4B0A3C04EA0804F1
S3150801E7305B6D3B5DA860802B1CBF323BDBB2AB73C4
S3150801E74096F827300134FF2B04EA08042ED1631DFD
S3150801E75003EA080317F80390013303EA080330466E
S3150801E76017F803A018F081FE80B142F2107349EA46
S3150801E7700A2929F001094FEA09494FEA194903FB10
S3150801E78009F96423B0FBF3F0B9FBF0F0A860385D32
S3150801E790D6F8F830400100F47E60FF2896BFC043E2
S3150801E7A00020C0B213B195F90E109847631CE8739F
S3150801E7B003EA0803F95C013303EA0803FA5C013347
S3150801E7C003EA080341EA0221FA5C013303EA080372
S3150801E7D0F85C41EA0241002341EA00616A7C30465D
S3150801E7E003F0E0FF062328600020AB715BE70023F6
S3150801E7F0EB730B4BDB691A0A1B0406D4D3B2323B03
S3150801E800DBB2AB7300232B60EEE762F0FF0352B273
S3150801E8108032F4D18023F4E7022044E7004000B8AF
S3150801E82000C000B870B504460D46FFF79FFD94F881
S3150801E83027400646042C02D16B7C012B0CD9023CDD
S3150801E840012C8CBF002401243146204603F0D4FF55
S3150801E850431C03D1022070BD0124F5E7AA882B6861
S3150801E860AAB9AA689B1A03222B60AA71002EF1D0B5
S3150801E870B0F5803FEED84FF22441720901FB002220
S3150801E8803609B2FBF6F29B1A00202B60E3E700EB90
S3150801E890C200054A04EB4404D2F8A820204402F039
S3150801E8A01F02A3EBC203DEE7003E00B0F8B5074638
S3150801E8B00D4614468BB118F056FF29463846BE8ACE
S3150801E8C001F0D2F8B44228BF3446A4B222462946FA
S3150801E8D0044801F055FA2046F8BD18F02DFE064603
S3150801E8E0F0E700BF0C0000BA082310B1024A5364CE
S3150801E8F07047024AFBE700BF001002B8002002B8C1
S3150801E900054A12681AB190F82A1119B9104708462A
S3150801E91002F0BEBE01487047302F002000FEFFFFFF
S3150801E920314B2DE9F7431C6801F4007900F0010326
S3150801E930174653EA090206460D462FD04FF000083E
S3150801E9400BB30023002201200021CDF80480CDF865
S3150801E950008004F0D7FF41462046FFF7D1FF012288
S3150801E96041466086104618F08DFBD4F8A01094F83D
S3150801E970270002F0F7FEFFF74DFB94F8243043F029
S3150801E980040384F82430B9F1000F07D00121204689
S3150801E99019F033F825F4007506430D432B46324624
S3150801E9A02046FFF7A9FBFB070FD51049104A08684F
S3150801E9B000211368116001210E4A117003B19847AD
S3150801E9C00D4B002102205B68984717F00E0F08D0FF
S3150801E9D04FF4EC723B21002003B0BDE8F043FFF78A
S3150801E9E025B903B0BDE8F083002D0020442F00208F
S3150801E9F0482F0020EC3300206839002008B558223A
S3150801EA000021064819F049FC1022FF21044819F093
S3150801EA1044FC05F011FB002008BD00BFF03E00B024
S3150801EA20343F00B073B5314A3149137809784FF04C
S3150801EA30FF350B4386211370A0F820116F2282211E
S3150801EA40C0F80C21C0E944126422C0E9462240F20A
S3150801EA50FF420D2382854FF40042002680F83C319F
S3150801EA604FF6FF730446A0F84820224A038602643B
S3150801EA7000F154020265204AC3844263C0F8B050CB
S3150801EA804585856380F8286003F07EFF2046FFF7F9
S3150801EA90B5FF0122194B2046C3F8382294F92810EC
S3150801EAA0FFF78CFB6023164A41F6FF71D3644FF0DA
S3150801EAB03A4211631167134A2946D3644022124B1D
S3150801EAC020465A64D4F8A02018F0C0FC0E23002270
S3150801EAD00193009340F202231046194604F012FFEF
S3150801EAE001F0EAFC304602B070BD00BFEE330020EB
S3150801EAF03CD703080700FFFFFFFF4000005001B89D
S3150801EB00004000B8005000B8002002B8044BD3F802
S3150801EB10EC3E13F0806F14BF23200020704700BF1E
S3150801EB20003000B002462DE9F843B0F8404100F53F
S3150801EB308275FFF7EBFF0F68D1F804807E1C08BFCA
S3150801EB40D2F80C718E6808BF0F60B8F1FF3F04BF99
S3150801EB50D2F81881C1F80480731C48D1D2F814314F
S3150801EB60D1F80CC08B60BCF1FF3F47D1D2F81061D8
S3150801EB70D1F810E0D1F814C0BEF1FF3F08BFD2F8B2
S3150801EB8004E1D1F8189008BFC1F810E0BCF1FF3FC5
S3150801EB9008BFD2F808C1CE6008BFC1F814C0B9F1E0
S3150801EBA0FF3F08BFD2F81C91B9F1000F2DD1C0F172
S3150801EBB064048C6117B16F2F38BF6F271649284631
S3150801EBC0C2F80C71C2F81061C2F81431C2F8188182
S3150801EBD0C2F81C41C2F804E1C2F808C107230F4A6A
S3150801EBE0D1F8FC1003F036FD0020BDE8F88304F1E6
S3150801EBF06F031B1AB34238BF3346B1E704F18606E1
S3150801EC00361A664538BF6646B2E76F34241A4C454C
S3150801EC1038BF4C46CDE700BF004F00B0A43F00B057
S3150801EC2038B5054C054B417800782568236002F014
S3150801EC30C1FE00B1256038BD4C2F0020F8EF03084E
S3150801EC4038B51AF086FF054600F072FD012805D091
S3150801EC5028461AF079FF0224204638BDFFF7D2F973
S3150801EC600028F1D1044BDC6814F08054ECD1284615
S3150801EC701AF06AFFF0E700BF000002B80A4B10B5A8
S3150801EC801B68044673B1094B48B10121084A1A6049
S3150801EC90022003F037FC0020064B1C7010BD01460C
S3150801ECA01860F5E70220F9E74C2F0020502F0020C5
S3150801ECB0F0EF0308ED330020014B1878704700BFC9
S3150801ECC0ED3300204FF40022034B586C03F5005333
S3150801ECD05A64C0F3C0407047000002B8024B586935
S3150801ECE000F00100704700BF00C001B808B50B4B22
S3150801ECF05A69D20704D518B9BDE8084001F08CBF96
S3150801ED005B69DB0708D438B101F078FF0323044AAD
S3150801ED101364A2F58052536408BD00BF00C001B850
S3150801ED2000E0095090F92430002B0CDA4FF080539B
S3150801ED30064A29B19360A2F58052D3600020704734
S3150801ED40D3609360FAE70E20704700BF006001B8F0
S3150801ED504FF0806310B1024A53617047014AFBE7DD
S3150801ED60001002B8002002B8202350B1064AC2F8A2
S3150801ED70F433064B196C11F0010104D1032003F099
S3150801ED80C1BB034AF3E77047001002B800C002B8D6
S3150801ED90002002B8431C07D06FF0FF02034B104056
S3150801EDA05A62A3F580535862704700BF00E000B865
S3150801EDB0431C06D06FF07E42024BDA63A3F58053FB
S3150801EDC0D863704700E000B8024B586E00F00F0098
S3150801EDD0704700BF003F00B0014B986E704700BFF7
S3150801EDE0003F00B0014B002099667047003F00B014
S3150801EDF003282DE9F74F0C4691467DD83F4B1E5CFB
S3150801EE003F4B13F800A03F4B13F800B01AF0A1FED0
S3150801EE10804604F069FF074640B1002300220193AA
S3150801EE20009301200023002104F06CFD04F064FF27
S3150801EE3048B10023002201930093002000234FF4D8
S3150801EE40004104F05FFD002E4ED02F4BDD6C05F01E
S3150801EE50080506EB0A002D4B23305844DD64C0B281
S3150801EE6001F030FE5146304604F08AFF5A465146B3
S3150801EE70304604F0F1FF264BDD649FB14FF0FF35B4
S3150801EE80244B1B68D3F8A01093F8270002F06AFCFC
S3150801EE9021490868FFF77EFF0D6020490868FFF7DA
S3150801EEA087FF0D60B9F1000F04D01D4B0021032027
S3150801EEB05B689847D4B14FF400521A4B1D6F03F59E
S3150801EEC00053C5F340351A6740461AF03DFE00F077
S3150801EED02FFC01280CD11DB14FF40052124B1A67B1
S3150801EEE0002003B0BDE8F08F3546B2E72546EBE7CB
S3150801EEF0002CECD10520F4E72120F2E710F00308F5
S3150801EF000CF0030808F00308004000B8006000B8D8
S3150801EF10005000B8002D00207439002070390020F7
S3150801EF206839002000C001B800D001B8034A136A45
S3150801EF3060F3D22313620020704700BF00C000B8F7
S3150801EF40094A136D13F400130BD1D2F84001C00717
S3150801EF5007D4D2F8800000F47060003818BF012089
S3150801EF60704741EA53507047004001B8F8B5144656
S3150801EF700D4601F00B0323EA0201484A2340D164F6
S3150801EF80A2F58052D3646B07064610D50121FFF717
S3150801EF90D7FF60B104F0DCFE4FF4007314F0040FE0
S3150801EFA014BF3F4A3F4A136504223F4B5A64EF0692
S3150801EFB006D514F0100F14BF00221B223B4B5A65CD
S3150801EFC0280618D5210611D54FF40012344BDA64F8
S3150801EFD01AF0BFFD0E210746032002F047FB40F257
S3150801EFE00122324B3846DA621AF0AEFD214696F80E
S3150801EFF0270002F0B7FBEA0503D5E30537D502F08A
S3150801F0008BFBAF0503D5A00534D502F091FB15F4AA
S3150801F0108C6F18D014F4806231D096F82530990790
S3150801F0200CD5328EB6F83631934226D0B6F8383139
S3150801F0309A1A534253411E4A82F8D8303046D6F8B6
S3150801F040F010FFF7F9F828050FD504F081FE194AE3
S3150801F0502105D2F8EC3E4CBF43F0006323F0006370
S3150801F060C2F8EC3E0422104B5A640020F8BD02F0A7
S3150801F0704DFBC6E702F056FBC9E70123DBE76B0543
S3150801F080DCD596F825309F07D8D5094B114683F864
S3150801F090D820094B30461B689847CFE7006000B86F
S3150801F0A0005001B8006001B8002002B8004000B85D
S3150801F0B0003E00B0003000B0582F002070B505465C
S3150801F0C090F83C010C460D2822D0FF2901D12120B8
S3150801F0D070BD1AB14FF0FF320F4B1A6018F0D9FB09
S3150801F0E0064695F83C0101F03DFA844228BF0446DC
S3150801F0F0E4B2B44238BF3446E0B285F82B0001F0D9
S3150801F10055FB064A0346107820B9FF2BE0D1DEE706
S3150801F1100220DDE70020DBE77C3900203CD7030825
S3150801F1207FB5204B04461B780E46154643B3D0F8E7
S3150801F130EC3000229BB34FF0FF36029602AEB3F9CC
S3150801F140123000960392E9F7F7FEB8B902994B1CFB
S3150801F15014D02046C1F3813118F0D2FA70B9BDF93D
S3150801F1600C30029902460093C1F30D01034620466D
S3150801F170FEF732FD2946204618F093FB04B070BD10
S3150801F18002A918F007F832469DF8081020460BF038
S3150801F190F9FA2A4601462046FFF790FFEEE7184698
S3150801F1A0ECE700BF3CD70308F8B50D4690F83C11CB
S3150801F1B004460D29174603D12E4B1B78002B51D037
S3150801F1C02A462046A4F848500BF0DCFAD4F8EC306D
S3150801F1D084F82A00002B41D0274A1678D4F8FC2057
S3150801F1E04EB1002A40D1B4F94800B3F91210884249
S3150801F1F006DC002607E0BABB94F84521824202D212
S3150801F2000126B3F9125000222946204684F82D70AA
S3150801F210FFF786FF08BB76B1C4F8EC00204617F065
S3150801F2208CFF4FF6FF739842014615D02046BDE87C
S3150801F230F840FEF777BC114B1B7813F0FD0F0BD185
S3150801F240204601F09DF90E4901230E4AD1F8FC101A
S3150801F25004F5827003F0FEF90020F8BDFF2384F857
S3150801F2602B30F9E70220F8E7B4F94410B3F9122074
S3150801F2709142BDE73CD70308EE330020803A0020CF
S3150801F280004F00B0A43F00B0F0B504468FB000F0BF
S3150801F29053FCD4F8A8300546012B00D010B12846F6
S3150801F2A00FB0F0BD6C49204618F03FFBD4F8EC606E
S3150801F2B00146258EC4F8F0003EB133682BB15B6870
S3150801F2C01BB11A68032A00F2A2801AF042FCD4F88C
S3150801F2D0F030002B63D01A68032A60D99F6A7F0E23
S3150801F2E01AF032FCD4F8F010B3898DF80E70B068B4
S3150801F2F07268EB1A9BB200FB03225848ADF80C3032
S3150801F30003680292994202D02046FEF795FF544DB2
S3150801F310544E00F00DFA0128FBD12B6CDB07F8D40B
S3150801F320736CDF01F5D4D4F8F01020460D919DF8E1
S3150801F3300E20029908AB02F007FF002841D100F020
S3150801F340F7F90128FBD1474A4549536CD801FCD442
S3150801F3500B6CDB07F9D408A901A803F065F8054683
S3150801F36078BB228E404B5A6494F8243060F34103EB
S3150801F37084F8243000F096FC0246D4F8EC104B6968
S3150801F3801E685868531EDBB2FD2B049605901CD8DF
S3150801F390012A36D0204604A900F010FC7FE7324B3B
S3150801F3A0DB6BC3F3C20213F0380F03F0070718BF6C
S3150801F3B0574313F4E07FC3F3821291D002FB07F798
S3150801F3C08EE7022528460FB0F0BDF71C15D9FF2A8E
S3150801F3D037D001367FF463AFD4F8EC10234B4A6873
S3150801F3E09A4217D8D4F85C319B051AD494F824307C
S3150801F3F043F0020384F8243051E7FF2A17D000228C
S3150801F400C8E7C61CC6D901307FF449AFE6E79F6A4B
S3150801F4107F0E69E7204600F0F7FB00283FF43FAF6F
S3150801F420E0E720464FF4803118F0E7FA37E7C71CC2
S3150801F430B0D90130E3D12A46204604A900F0BEFB23
S3150801F440CAE7C31C05D80122204604A900F0B6FB69
S3150801F450BFE70130BDD1C1E7FC4F00B0342F002012
S3150801F46000C002B8000002B8008001B800CA9A3B81
S3150801F470F8B590F84861044666B31AF06AFB1F238B
S3150801F480154F013E3B651E40144B05461E65D4F8D3
S3150801F4904C21A3F580539A67D4F85021DA67D3F83B
S3150801F4A04031DB0711D5204618F039F84FF0FF3304
S3150801F4B018B1C0F120029340DB43C7F84431D4F8B0
S3150801F4C0AC201340054AC2F844312846BDE8F84045
S3150801F4D01AF03ABBF8BD00BF006001B8005001B888
S3150801F4E010B504234FF03A4101240A4AD1F818010C
S3150801F4F0C2F81831C2F814314C634FF40051116344
S3150801F500410742BFC2F81431A2F58052C2F8183138
S3150801F51010BD00BF002000BA70B54FF03A434FF452
S3150801F52080640A4DD3F818610020C5F81841C5F85A
S3150801F530144104F069FC4FF400532B67730542BF6D
S3150801F540034BC5F81441C3F8184170BD002000BA31
S3150801F550001000BA2DE9F04104460D4619B990F894
S3150801F5602430590658D4464B464A5B6AA18EC3F3E2
S3150801F570032313704FF6FF739942D4F8F06004D051
S3150801F580414B1B680BB120469847404F3B68B34235
S3150801F59069D03F4B1B6833B1002E6CD0316801B17D
S3150801F5A0B168204698474FF00708204600F0E8FF63
S3150801F5B0002D4DD0374B93F90030C3F11C0316B11A
S3150801F5C096F926209B1A06202D4994F928500A6A8D
S3150801F5D05B1B63F3D2220A622F4BD4F8F0203A6000
S3150801F5E0986701F07FF9002201202C4B2C490870FD
S3150801F5F083F88020204618F0C7F82A4B5B6C5A021C
S3150801F60003D4D4F8A0301B0603D54FF40012264BB9
S3150801F610DA640020BDE8F0814FF6FF7C65F38613B6
S3150801F620174A80F82430536A184F1649C3F303233F
S3150801F630D0F8F0600B703B68A0F834C0B34215D01F
S3150801F640134B1B68002BA7D100F09AFF4FF0070850
S3150801F650164A4346D2F8FC1004F58270A2F65C728B
S3150801F66002F0F8FFA6E74FF001089EE700F088FFD1
S3150801F6704FF00108ECE731462046984793E700BF6B
S3150801F68000C000B8EB3300203C2F0020342F0020A7
S3150801F690382F0020E8330020006000B8003F00B092
S3150801F6A0EA330020000002B8005001B8004F00B04C
S3150801F6B038B51AF04EFA4FF6FF710A4A13888B428B
S3150801F6C003D11AF041FA0E2038BD074C074D1B0429
S3150801F6D06567A4F58054636711801AF035FA00202E
S3150801F6E0F2E700BF7E3A0020006001B80000FFFF84
S3150801F6F008B50C4BD3F84C21531C11D012F080429B
S3150801F7000ED1094B1B681BB111460320FFF770FB8D
S3150801F7104FF08062054B1A6501225A6102229A62EC
S3150801F72008BD00BF0080E00F002D0020001002B8C0
S3150801F7300F4BDB68C3F30363013B0B2B0FD8DFE8E1
S3150801F74003F006060C06060606080A08080802203B
S3150801F7507047042070470520704703207047054B02
S3150801F7605B6913F0060F14BF04200120704700BF20
S3150801F770000002B800C001B8094AD368C3F303639D
S3150801F7800B2B08D06FF49050184100F0010080F05F
S3150801F790010040007047506C10F48030EDD170477D
S3150801F7A0000002B80C4AD368C3F30363062B07D8D3
S3150801F7B0042BD8B20BD8C31E584258414000704793
S3150801F7C0072B06D1D2F868010028ECD17047022030
S3150801F7D070470020704700BF000002B8084BDA687E
S3150801F7E0C2F30362931E012B8CBF0023012303700E
S3150801F7F040F62203D34003F001030B70704700BFA4
S3150801F800000002B8024B1B6803B11847704700BFD6
S3150801F810642F0020024B1B6803B11847704700BFCD
S3150801F820602F002011F0010311D09AB9552391FADE
S3150801F830A1F193FAA3F34A081B0F490042EAC372DE
S3150801F84001F00203C0F8AC2080F82930704722B9CC
S3150801F850AA23ECE70023024AF4E7014AF2E700BFCC
S3150801F860B756351213B501910F21164B59670199F0
S3150801F87011F0010F144922D00ABB01244C674FF03D
S3150801F880FF31C3F84411D0F8AC400F49C1F84441DF
S3150801F8904FF07044C3F8484190F829301B07C1F866
S3150801F8A0483152B10422006D0DEB020118F01CFD1E
S3150801F8B04FF03A430222C3F8F42002B010BD0224E5
S3150801F8C0DCE700BF006001B8005001B813B590F835
S3150801F8D027100446FFF786FA012001F0FFF84FF4D6
S3150801F8E0F0620B4BDA644FF40072A3F58053DA64C5
S3150801F8F094F82730023B012B08D80421054B012235
S3150801F9009B6F0DEB0100019300F000FB02B010BDE7
S3150801F910006000B8004001B838B5184B05461C68A8
S3150801F92044B1E36833B1206801F0E8FDA3681868BB
S3150801F93001F0E4FD124B134A1B6813602BB1DA6818
S3150801F9401AB19B68186801F0D9FD0F4B1B682BB1DA
S3150801F950DA681AB19B68186801F0D0FD0B4B1B6871
S3150801F9602BB1DA681AB19B68186801F0C7FD214600
S3150801F9702846BDE83840002217F010BF38D70308DB
S3150801F98034D70308682F002030D703082CD703087B
S3150801F990F8B5D0F84C3104468B420D46164603D1CC
S3150801F9A090F84831202B0ED0324629462046FFF7DB
S3150801F9B039FF202384F848310023C4F84C51C4F890
S3150801F9C05031FFF755FD4FF00077074B32465F641C
S3150801F9D029462046FFF746FF8022044B1A6103F5A4
S3150801F9E000535F64F8BD00BF001002B8000002B8FA
S3150801F9F0072330B5144CE363144BB9B144251449B4
S3150801FA0040F040004D6388630121D9634FF480417A
S3150801FA1012B9C4F8081101E0C3F808110A4BC3F872
S3150801FA200C11C3F81011C3F8141130BD4FF48042FC
S3150801FA304FF48041C3F80811C3F80C21C3F810210B
S3150801FA40C3F81421F1E700BF006000B8005000B800
S3150801FA50004000B8034BD3F8F80780F00070C0F3F4
S3150801FA6040607047000002B810B590F82700FF28DB
S3150801FA7014D02E4BD3F8A02012F0060F01D001287E
S3150801FA800DD94FF470622A4BDA604FF48072A3F5F0
S3150801FA908053DA600022254BC3F89C2010BD12F072
S3150801FAA004043CD00B7813F0200300D08B7892071E
S3150801FAB018D50B7803F00F03072B32D14B78022B9D
S3150801FAC02FD98B7813F03E0F2BD0CA7812F0040F7A
S3150801FAD027D012F0010F14BF0A230423920748BF47
S3150801FAE00633CB5CEBB1002C14BF0221012101289E
S3150801FAF040F6FF7003F01F0208BF5200013A40EAC0
S3150801FB0002320C4802654FF47060094A0902D06056
S3150801FB10A2F58052D160054AC2F89C30BEE7234659
S3150801FB20C5E70023034A01211365ECE7003E00B04F
S3150801FB30006000B8004000B810B590F827100129F8
S3150801FB4003D8174BD3F898300BB1002010BD028E9D
S3150801FB50272A22D8134B14481B68834219D031240B
S3150801FB601248181A434243415B000D48A0F8B240B7
S3150801FB7050246343282404FB01330D491944895C45
S3150801FB80FA31A0F8B8100B490B449A5C0A4B1A7063
S3150801FB90DBE76FF003040123E7E70E20D6E700BF92
S3150801FBA0003E00B0902F002000F04902005A620280
S3150801FBB04C2D04085C2C04081134002010B50B6880
S3150801FBC0104CC4F87832C4F87C32B8B1D0F8EC00DD
S3150801FBD0A0B1406990B1541EE4B2FD2C10D95C1C49
S3150801FBE004BF6FF001030B600360FF2A06D14B685F
S3150801FBF05A1C02D16FF001034B604360002010BD0F
S3150801FC00012AF3E7004001B8184AF0B5D2F848329C
S3150801FC10D0F8E840D2F84C025A1C08BF0023411C10
S3150801FC2010D0002B08BF034600214FF0240C104AC0
S3150801FC30104FC2F87832C2F87C32E5688D4203D19A
S3150801FC400020F0BD1846EFE7A2680CFB01225668B2
S3150801FC50BE4209D952693AB116680136566808BFD3
S3150801FC601360013608BF50600131E7E70080E00FF5
S3150801FC70004001B800CA9A3BFF2818BFC3434FF09A
S3150801FC80180108BF1023064A18BFDB00C2F8FC1387
S3150801FC9018BF03F00803A2F58052C2F8FC33704777
S3150801FCA0002002B8024BD3F8F807C0F3C0407047EA
S3150801FCB0000002B84FF03A43D3F81421D2031ED5F7
S3150801FCC04FF480320E49C1F81421A1F58051C1F8CB
S3150801FCD018215A6DD1B2C2F30722C3F8A410C3F88A
S3150801FCE0A4200422C3F8A4200022C3F8A420C3F840
S3150801FCF0A420C3F8A420C3F8A420C3F8A4207047FD
S3150801FD00002000BAF0220D4B016D9A64A022A3F5DA
S3150801FD1080539A64C38E4FF03A42B3FA83F30120B3
S3150801FD20C3F11903DBB2C2F8F400C2F8CC304FF4C0
S3150801FD300053C2F8D010C2F8F0307047006000B81E
S3150801FD40F8B54FF03A440D461746064619F001FF35
S3150801FD50012304226363084BE76026616561C3F8E2
S3150801FD6014214FF40042054BC3F8842119F0ECFE27
S3150801FD700DB102236363F8BD002000BA00E100E07B
S3150801FD802DE9F84305460124036803F00703063302
S3150801FD9004FA03F0AB68EC68461EA34278D06C6897
S3150801FDA003EA060707EB040CC41B13440643A242E5
S3150801FDB006EA0306634637D9101A3A189CB3631E36
S3150801FDC0062B40F2978041EA0C039F0740F0928088
S3150801FDD04B1CACEB0303022B40F28C800B4624F040
S3150801FDE003084FEA940901EB0807ACEB010E186802
S3150801FDF043F80E0004339F42F9D144450CEB080041
S3150801FE00A4EB080354D097F800E0012B0CF829E07D
S3150801FE104ED00C44214697F801C0022B80F801C048
S3150801FE201CBFBB7883706B684AB3501E062801F164
S3150801FE30010040D91C1A022C3DD941EA0304A40742
S3150801FE4039D122F00307A1F1040C4FEA920ED81911
S3150801FE505CF8044F43F8044B8342F9D1BA42A2EB4A
S3150801FE60070001EB07040AD011F82E2001281A70A1
S3150801FE7005D0627802285A7001D0A2789A7019F0D2
S3150801FE8068FE0223AE60AB62BDE8F84319F05CBEBA
S3150801FE90042A1BD90B78043AAB614B780431AB6160
S3150801FEA011F8023CAB6111F8013CAB61AB6876E72E
S3150801FEB00C442146B7E71144013B00E0013010F834
S3150801FEC0012C884203F8012FF8D1D8E7013A032A11
S3150801FED00ED8DFE802F00B08050211F8013BAB6109
S3150801FEE011F8013BAB6111F8013BAB610B78AB61D2
S3150801FEF0BDE8F8830C44ACEB010E01EB0E0311F8D7
S3150801FF00010B8C421870F8D121468CE738B50B469F
S3150801FF10154601464FF03A4468B101221048C4F823
S3150801FF20F4201A46FFF72CFF25B14FF03A43042275
S3150801FF30C3F8F42038BD73B1D4F8D8209A4284BFE7
S3150801FF400122C4F8F4204FF03A42C2F8D430022311
S3150801FF50C2F8F430E8E70123C4F8F430E4E700BF57
S3150801FF60CC0000BA38B5044619F0F3FD4FF03A4211
S3150801FF700121A38F054651674BB3B3FA83F3C3F146
S3150801FF801903DBB2A069C2F8B410C2F88C30072392
S3150801FF90C2F89000C2F8B0304FF4A02302F500521F
S3150801FFA0C2F81431A2F58052C2F8183100220D4B5D
S3150801FFB01A600D4B5B6C5B0209D54FF480020B4B43
S3150801FFC05A64D4F8A01094F8270001F0CBFB00235B
S3150801FFD0E38707232846A4F84030BDE8384019F0DE
S3150801FFE0B3BD00BF6C2F0020000002B8002002B884
S3150801FFF02DE9F84305460C46C1B1D0F81880878F1C
S3150802000019F0A7FDB5F83EC0791EDFF80C9101EA92
S315080200100C0323F00702032C0646D9F800E04244F3
S315080200205FD1BEF1000F04D119F08EFD0E20BDE896
S31508020030F8832EF001042EF0010EA64556D10023B0
S31508020040C9F80030238894426FEA43436FEA534360
S31508020050238041D1B5F8403008EB0709184608381D
S3150802006080B202F108044C4528BF4446082804D940
S31508020070B4F800E0BEF5804F43D263440F431B1A1F
S315080200803B409BB2EB87A5F84000947811884FF065
S315080200903A42C1F30C019165C2F89830C2F8B00031
S315080200A04FF48022184B04F00704C3F814214FF4C6
S315080200B00042164BC3F88421FFF7FCFD042C0BD132
S315080200C04FF48002124B5B6C124B5A64D5F8A0109F
S315080200D095F8270001F046FB304619F035FD002059
S315080200E0A5E7601E012898BF1446A4E7B5F84000A4
S315080200F04344E31A48BFDB1908389842A2DC304663
S3150802010092E72246ABE700BF002000BA00E100E012
S31508020110000002B8002002B86C2F0020164B10B55A
S315080201201968B1F84020CB8F888F13440138073BF2
S315080201308C69034023F007031C4402F108034FF0BD
S315080201403A429BB2A1F84030C2F8B0304FF480224E
S315080201500A4BC3F814214FF40042094BC3F8842111
S31508020160A07800F00700042803D1064AD3681B03C7
S31508020170FCD4054B1C6010BD002D0020002000BADF
S3150802018000E100E0000002B86C2F002010B5064C12
S31508020190216839B1CB0703D4044B1868FFF728FF47
S315080201A00023236010BD00BF6C2F0020002D002005
S315080201B04FF480320C4B0D49C3F818214FF03A43DD
S315080201C0C1F81421D3F8AC10D3F88C20012302F01D
S315080201D0070206329340C1F30C01083B994201D843
S315080201E0FFF768BD704700BF002000BA001000BACA
S315080201F02DE9F04106460C46878F1546D0F8188039
S3150802020019F0A7FCF28F07F1FF3E02EA0E0323F06C
S315080202100701032CB6F840C0414419D14A4C246858
S315080202209CB96244073A02EA0E0222F0070208EB78
S3150802023002044344E31A48BFDB19634510DB19F08D
S3150802024083FC00242046BDE8F08124F00104F0E78F
S31508020250012C03D0022CECD1ACF1080C0C46E8E7D1
S31508020260002D37D08C4238D14FF03A42926D4FF07A
S315080202703A4CDCF8AC70718AC7F30C079F423FDD33
S315080202802388B3F5804FDAD2A77801F1FF3C07F04D
S315080202900707C3F30C039B1A41EA0C0E052F2F70AE
S315080202A003EA0E0324D81BB223EAE3776F80E778C2
S315080202B02F74F66902EA0C02B718AF609FB212FAF7
S315080202C083F38B4291BF00238B1AAB80EE609CBFEF
S315080202D0AF80EB6019F038FCB4E7A4F10802904548
S315080202E084BFFF0802EBC7021288C2F30C02BEE7FC
S315080202F0164F7F6D002F14BF0A270027DB1BD2E794
S31508020300DCF8543001F1FF3CA3EB020E41EA0C0380
S315080203100EEA030EDFF838800FFA8EF3002BD8F8B0
S315080203200C700FDC07F07067B7F1407F14BF002727
S315080203300127FF002F70D8F84C70A5F802E03F0A93
S315080203402F74B6E70827F5E76C2F0020004000B89F
S31508020350000002B8054BA822D3F84C013121431CF0
S315080203600CBF0120C0F38070FDF760BC0080E00F6F
S3150802037010B50F4B1C78ACB90E4BD3F8F8375B03A4
S3150802038009D490B10F23441EB4FBF3F4103004448D
S31508020390E4B2204610BD40F648023F212046FDF74A
S315080203A045FCF6E70001C4B2F3E71024F1E700BF03
S315080203B0803A0020000002B8014B5880002070479E
S315080203C0803A002038B5264D0446297819B92022E4
S315080203D0244817F062FF4FF2F0012378224A13707D
S315080203E0224AC2F8C811224A1BBB2249D1F8F81779
S315080203F009031ED4FF2313704FF040731B4AC2F839
S3150802040034311C4BD3F8F83713F480230BD14FF44D
S315080204107F01C2F830111849C1F8303148F2C801D3
S31508020420164BC3F8F4100723C2F8FC330122124B09
S315080204300FE000201249022BC1F8DC004FF0FF0141
S315080204401170D9D10722094BC3F8FC230422A3F55C
S315080204508053C3F8FC23012300202B7038BD00BF4C
S31508020460EF330020E03F00B0803A0020002002B8B7
S31508020470A63A0020000002B8001002B8003F00B0F9
S31508020480004001B810B5044600F03EFF094BD3F808
S31508020490F80734B900F44020B0F5402018BF01200F
S315080204A010BD022C0ABF80F400300020C0F3404081
S315080204B0F6E700BF000002B82049D1F8FC37FF2B47
S315080204C031D01F48C3F303120270D1F8F81703F0AC
S315080204D00F0309035BBFC2EB02120F3B02F1FF32A5
S315080204E0D2184ABF03EB0213D3B2DBB2154A164936
S315080204F013700978154B1A68E9B1B2F1A06F1AD3CD
S31508020500D3F85012124A134BB1F1FF3F18BF1346E4
S31508020510114A136041F66A02104B1B68B3FBF2F3E9
S315080205200F4A13607047D1F8F83713F4002F0CBF3F
S31508020530B4235A23DAE7074BEAE700BF000002B8FA
S31508020540A73A0020F1330020A53A00200080E00FE8
S315080205505082E00F14F00308702F0020902F00201D
S31508020560742F002020B1022804D1034B1878704753
S31508020570024BFBE700207047A73A0020F133002020
S315080205802DE9F74FD0F8B0404C23022C38BF02248D
S315080205907749013CCA6CD1F8DCC07649C2F38212AB
S315080205A0D3400A6803F00105A24206462B4690F894
S315080205B03C71714ADFF8E4A1DFF8E491DFF8E481DF
S315080205C016D11078A84213D19AF80000B8420FD172
S315080205D0D6F8B40060B160450AD196F82BC099F8EE
S315080205E00000844504D1B8F8040003B0BDE8F08FD2
S315080205F00C601370002D00F0988004234FF07F41A1
S315080206005E4AC2F8BC305E4BC3F8BC1096F82B3073
S315080206101B06C2F8BC30002040F27122594B192140
S315080206201B68B3FBF2F36343B3FBF1F1182B4FEAF2
S3150802063000448CBFB1FA81F32023002C00F0968087
S31508020640B4FA84F29B1A002B40F38E80C3F10F0290
S31508020650012A38BF0122DC40A14201D2013A6408CC
S31508020660411C02F01F054900A940474B091B89088E
S31508020670C3F8B010110241EA0211DFF82CB141EABF
S31508020680020300EB002200EB0225DBF8000040F62D
S31508020690C202003818BF01202B210193FDF7C6FAC2
S315080206A0FA2202FB04F0DBF8002040F6FF71B0FBE9
S315080206B0F2F00A225043354A019BC2F8D810A2F535
S315080206C08052C2F8D8303249A2F58052C2F8DC50BC
S315080206D0D1F8F81700F57A744B0309D4D2F8DC205E
S315080206E0294B02F47F01C2F303520A43C3F8FC20E2
S315080206F0C6F8B450274D00F6B8302C6001F034FF26
S315080207004FF47A72204BC3F8A400C3F8F8002B689A
S31508020710B4FBF2F0B3FBF2F3A8F8043096F82B30E8
S315080207208AF8007089F800305FE798F80000FFF74A
S3150802073019FF96F82B30834228BF0346D8B22FB149
S31508020740022F7FF468AFFFF713FE65E7104BD3F865
S31508020750F8371A03F7D418B10F230138B0FBF3F0B0
S315080207600D4B1B68185C57E70F2275E70F2277E7D0
S31508020770004001B87C390020F0330020001002B88E
S31508020780002002B8902F0020003F00B0006001B898
S31508020790000002B8782F0020702F0020A43A00200B
S315080207A0A33A0020803A0020742F002038B5254B42
S315080207B005461A78244C0D2A02D1FF20207038BD2E
S315080207C0104617F066F801461046FFF7CBFEA84218
S315080207D028BF2846C0B2884238BF08462378C0B226
S315080207E08342ECD0207042BB184BD3F8F81711F4A9
S315080207F0002122D1F8B1431EDBB24FF2F005144AAA
S31508020800C2F8C8510F22B3FBF2F2551C18B1C2EB5B
S3150802081002129B1A591C0D4AD2F8C83143EA05330B
S3150802082043EA0113C2F8C831D2F8C821094BC3F802
S31508020830FC202078C3E70346DFE7074B1868FFF773
S315080208409FFEF6E7803A0020A63A0020000002B88A
S31508020850002002B8003F00B0002D0020014B18709E
S31508020860704700BFA53A002010B50446FCF728FFDA
S3150802087078B1154B1B786BB964B1144B1B784BB125
S31508020880134B1B78013B012B04D84FF40042114B42
S315080208901A6510BD104B1B6D1B04FAD419F059F9D1
S315080208A0044603F055FA4FF400420C4B2046BDE8C5
S315080208B010401A6502220A4BC3F814250422054B76
S315080208C05A6419F041B900BFF2330020F33300200D
S315080208D07C2F0020002002B8000002B8001002B8DF
S315080208E000D00350054BD3F8843013F0030F4FF4AE
S315080208F0802314BF024A034A93647047004000B833
S31508020900005000B8006000B837B5044600F0FCFC99
S3150802091001213A20E3F70CFC354D364B00201C70BA
S315080209202B78002B0CBF002404F00104FFF79CFF70
S315080209302B78013B012B08D8EB7B01A88DF80430F4
S315080209402B7C8DF80530E1F735FA00222A4BC3F8DD
S315080209501425002C44D06A68002A37D0274B1B6816
S3150802096003EB5203B3FBF2F3013B1B0243F0F8031A
S315080209702A78022A2CD0032A2ED0012A33D107221A
S3150802098043F002034FF6FF701D49C1F88400A1F532
S315080209908051C1F88430184BC3F8142593070BD538
S315080209A0EB7B01A88DF804302B7C8DF80530E1F736
S315080209B0F1F90120FFF758FF4FF08043ACB1114A15
S315080209C013650020FFF78EFF03B030BDF823CFE78B
S315080209D0062243F00103D5E7042243F00503D1E7D3
S315080209E02246F823CEE70022CCE7074AE8E700BF0B
S315080209F07C2F0020F333002000C00350902F0020E4
S31508020A00006000B8001002B8002002B8F0B52A4FFC
S31508020A1006463D4604460FCE85B00FC533682B60A1
S31508020A2000F072FC01213A20E3F782FB0022234BF5
S31508020A30C3F81425A17A627A42EA0142C3F820254C
S31508020A40217CE27B42EA0142C3F81C25217B627BB8
S31508020A5041EA0240C3F818053B78032B29D8DFE898
S31508020A6003F022020C178DF8041004218DF80520D4
S31508020A700DEB0100002207F08FF9E37B00228DF8C7
S31508020A800830237C042102A88DF8093007F084F97E
S31508020A90637A01228DF80C30A37A042103A88DF813
S31508020AA00D3007F079F9064B1878FFF72DFF00206D
S31508020AB000E0212005B0F0BD7C2F002000C00350C5
S31508020AC0F3330020034B1B6D002BBCBF024BC3F84C
S31508020AD088007047000002B8004000B84FF0006373
S31508020AE038B1064A1365064B4FF40032C3F8842020
S31508020AF07047044A1365044BF6E700BF001002B8B4
S31508020B00005000B8002002B8006000B82DE9F0478E
S31508020B1000F054FC4FF47A752F4BB0FBF5F51860CC
S31508020B204FF4FA736B4307462C48190E1B02181822
S31508020B302B4A4FF0000341F10001EDF79DF8294BCE
S31508020B40A0F5807182460246196330B94FF0010A50
S31508020B504A222B21FDF76AF852464FF47A735A4312
S31508020B60290200235008EDF787F81E4B1E4AB7F5EF
S31508020B707A7F9A601D4B4FEA0A6619601C4BA94692
S31508020B808846044618604FEA1A2A06D201259D228B
S31508020B902B210020FDF74AF8A9464FF47A73A6FBE3
S31508020BA0030103FB0A116D0840194FF0000341F1D6
S31508020BB000014A46EDF760F80E4B023419600E4BF7
S31508020BC048F10008A408186044EA8874054B013CF9
S31508020BD09C63BDE8F08700BF902F002020A1070084
S31508020BE040420F0000C001B802110100A02F0020E8
S31508020BF09C2F0020982F0020942F00204FF40022CB
S31508020C00034BC3F884215A600122024BDA6070470B
S31508020C1000E100E000C001B84FF40022064BC3F819
S31508020C208421C3F88420BFF34F8FBFF36F8F04224A
S31508020C30024BDA60704700BF00E100E000C001B86D
S31508020C4010B50446A242A2EB0000A3EB010104D2AE
S31508020C50034B01399B6B0133184401F0030110BDA4
S31508020C6000C001B838B501250A4B02019D504FF460
S31508020C7080730446084A8340536618F06AFF074A97
S31508020C80A540137823EA05031370BDE8384018F027
S31508020C905BBF00BF00E101B800E001B8FD330020E8
S31508020CA02DE9F84F164604468A461F4618F051FFA4
S31508020CB0022E00F09380804618F054FF604B614A7A
S31508020CC0D3F8209092F879505A6EEDB2520744BF83
S31508020CD0D3F82090013505F0030518F03EFF484683
S31508020CE0294600F03DF98446DAF80000012E04BFD1
S31508020CF001306044ACEB000C08BFCAF80000BCF136
S31508020D00804F7ED300F040F98145A1EB050188BFEB
S31508020D104B4BDFF854E188BF01F1FF3101F00301C3
S31508020D2088BF9B6BA0EB090C0EF80410A1B1F9075A
S31508020D3042BF41F61F72444B5A67BA0742BF424B3B
S31508020D40424A5A677B0742BF00223D4B9A673D07D4
S31508020D5042BF00223A4B9A6511254FF0010A384BD9
S31508020D6004F11002120103EB041BCBF80C013849FB
S31508020D709D501A6A0AFA04F5586E0B78A2EB090214
S31508020D80EDB22B4362450B704FEA041925D34FF493
S31508020D908073A340034220D11EF80420002A4BD1B7
S31508020DA00EB32C4AF807536607D541F61F7140F26F
S31508020DB00110254B596750675967B90706D5224B63
S31508020DC0224A244924485A6748675A677A0742BF1B
S31508020DD00122224B1A613B0719D4404618F0B4FE89
S31508020DE00120BDE8F88F1E4A42F809A042F89C3C49
S31508020DF018F0AFFE16490B7823EA05030B7018F0B4
S31508020E00A3FE404618F0A0FE0020BDE8F88F212078
S31508020E10FFF758FE4FF48031094A124BD1601A780F
S31508020E20002ADAD000222D201A70FFF74BFE102274
S31508020E30084B40465A66D1E7064A40465366CDE70E
S31508020E4000C001B8003E00B000E001B800001F1F54
S31508020E50FD33002000D001B800000101000002B8ED
S31508020E6000E101B8F4330020F5330020024B18786C
S31508020E70003818BF01207047FD330020034B10309D
S31508020E800001185800F00100704700BF00C001B801
S31508020E9070B50646FDF722FF044608B1FFF7BCFE09
S31508020EA000230A4D3046AB61EB612B6200F06CF809
S31508020EB0074BC9B283F8791028622CB1FFF79EFE58
S31508020EC04FF08062034B5A64002070BD00C001B81F
S31508020ED0003E00B0002002B810B504462120FFF7F4
S31508020EE0F1FD1CB14FF48032064BDA60064B1A78D4
S31508020EF03AB100222D201A70FFF7E4FD1022034BA7
S31508020F005A6610BD00C001B8F433002000D001B8FB
S31508020F1038B518F027FE084B084A1D6A92F8794038
S31508020F205A6EE4B2520744BF1D6A013418F015FE20
S31508020F30284604F0030138BD00C001B8003E00B0DF
S31508020F400346064A103302EB00111B01D1F80C01C5
S31508020F50D158C1F3400116F0BFBC00BF00C001B8AA
S31508020F60074B084A1B6810B54343146803EB8173A1
S31508020F7000224FF00041E4FB0012981810BD00BF92
S31508020F80982F0020942F00200C4A20F04043014657
S31508020F9010B5002014684FF00042E4FB0320084A0B
S31508020FA0890F126802FB0300064B9B6B984204D911
S31508020FB001330131C01A01F0030110BD9C2F002034
S31508020FC0A02F002000C001B8044B01F0F0711030C8
S31508020FD041F0030100011950704700BF00C001B873
S31508020FE008B52220FFF76EFD4FF48022014BDA6026
S31508020FF008BD00BF00C001B840B1836833B10649D5
S31508021000C268096803F13043032A00D8704743F8D7
S31508021010041B043AF8E700BFD42F002070B5164621
S31508021020054610B92124204670BD0029FAD0002AA7
S31508021030F8D042680F4B006803321B68920800F129
S315080210403040984704460028EDD1EA68A86803327A
S315080210503146920800F1304016F05EFC044600283C
S31508021060E0D1286921466A6900F1304017F015F97E
S31508021070D9E700BF8039002070B50C68651C15D009
S31508021080C4F302669E42C4F3074530D1A4B2944221
S315080210902DD804EB8506B24229D2141BA50824F0E2
S315080210A003040E59340F04D0012C08D0002221243F
S315080210B002E06B1C51F82320C0E9002470BD0E4CD7
S315080210C034F8133042EA03431A686B1C51F823407A
S315080210D001EB83014B6822405E4036F0704404D12E
S315080210E01B0F032B04BF8B681A430024E4E7013560
S315080210F001EB8501C1E700BF28F0030807B501A87F
S31508021100E4F7B0F9264B2749D3F86022D2B2FF2A70
S315080211101DBFD1F87801130243EA0213D1F87831D8
S315080211201CBF20F47F621343C1F8F8330C20E3F79F
S3150802113023FF01213F20E2F7FBFF4FF000421A4B43
S3150802114042F201015A60C822184B5A654FF4C0226E
S3150802115003F51043C3F868214FF48032C3F86C21B3
S31508021160134AC2F8701202F52042D2F8F82712037F
S3150802117008D44FF470610F4AC2F8A0104FF42062E7
S31508021180C3F8A02001220C4BC3F8002403F5304310
S31508021190D3F86821094B1A6003B05DF804FB00BF57
S315080211A00080E00F000002B800900950008001B8E4
S315080211B0006001B8002002B8005001B85C2F002078
S315080211C0134B1B78002B20D0124B134A00201A60AF
S315080211D0124B134A1A60134B134A1A60134B1A68B6
S315080211E0134B1A60134B144A1A60144B144A1A60AA
S315080211F0144B154A1A60154B154A1A60154B164AAE
S315080212001A60164B164A1A6070470220704700BFCA
S31508021210FE330020E02F00202CF90308D82F0020E7
S3150802122094F00308DC2F0020B4F003088439002068
S31508021230D42F0020F82F00207CF00308F02F00207E
S3150802124030F40308F42F0020B0F00308EC2F002036
S3150802125064F00308E42F0020B8F00308E82F002002
S31508021260ACF003080022012138B51F4B5A649A6470
S31508021270DA641E4A51610221916242F20101DA6878
S31508021280C2F3036221FA02F2D207F8D51122012427
S31508021290174DDA634FF0FF302C7009F077FA002306
S315080212A02B70144D40F2D55228685421C01A18BF23
S315080212B00120FCF7BBFC104B28681A680F4B19680B
S315080212C0FFF7ACFE01F0C0FA0D4B1868FFF794FE63
S315080212D00C4B1868FFF790FE4FF08062034B5A6179
S315080212E003F580535C6138BD000002B8001002B8ED
S315080212F0FE330020D82F0020DC2F0020E02F00200C
S31508021300F82F0020EC2F002001230D4A0D49C2F8C0
S31508021310803291660C4A53600C4A53600C4A5360F9
S31508021320A2F580425360A2F54042536002F5C032EC
S31508021330536002F580425360A2F50042536070473B
S3150802134000900050FF0B001600D000B8001000BA3B
S31508021350005001B810B50324FFF7D6FF114A124B05
S315080213601A65FFF7CBFE114BC3F8104100F0CEF910
S3150802137001F0B2F84FF460720D4B5A614FF40072E5
S315080213801A65FEF78FFC0021FEF776FC4FF4800201
S31508021390084B1C64A3F580535C64074BC3F884218D
S315080213A05A6010BD0048F000000002B8005001B8AB
S315080213B0001002B800E0095000E100E008B517F095
S315080213C00FF9044B1B6FC3F300430133B0FBF3F071
S315080213D008BD00BF008000502DE9F04F064687B0D1
S315080213E002900F4657F8044B631C06D1029B3460E1
S315080213F0F01A801007B0BDE8F08F3E4BC4F3016ABD
S315080214005FEA147B33F81A1008BFC4F30742A4B282
S3150802141044EA014404F06F4118BF0122B1F1804F3A
S3150802142002D0B1F1204F0ED124F070444FEAC2091E
S31508021430314B09F10401314499424BD901339E4299
S3150802144048D80020D6E704F06041B1F1204F08BF22
S3150802145024F08054EAE7059B2BBB072015F0420FC0
S3150802146020FA0AF000F001002CD115F0280F21D13C
S3150802147000222244BBF1010F48F8082C4FF0FF3234
S3150802148018BF0022019B043453F8041B08F108080C
S315080214904A4048F80C2C0193039B9C42DBD10499E1
S315080214A04E4439449DE740F6F30232210020FCF708
S315080214B0BDFBDDE740F6F7023221FCF7B7FB4FF436
S315080214C08052D6E740F6FC023221FCF7AFFB4FF416
S315080214D00052CEE701259300049305FA0BF504EBB7
S315080214E08203039305F0940306F10808019705930E
S315080214F0D2E700BF20F00308DF4F00B0F8B5064672
S31508021500E0B10024144B25461F46144953F8042B10
S31508021510AAB91348314600EB8500FFF75DFF30B9DB
S3150802152040F6A8223621BDE8F840FCF77FBB0D4BF2
S315080215300135281847F8246023F81400F8BDB2428A
S31508021540FCD001340C2C02D031F81450DEE740F6F8
S31508021550C22236210020E6E7A42F002056320020B8
S31508021560404000B05832002070B5A8B1002971D0A9
S31508021570002213463849394C51F8045B85420CD18E
S31508021580374A116CC907FCD49B0003F580434033E4
S315080215901360344B01221A6470BD01320C2A59D0E9
S315080215A034F81230E8E7C2F3016334F8131012F480
S315080215B07E0F93B243EA014321D00430C2F30742B5
S315080215C0022A016808D946688568033AC3E90016FB
S315080215D09D600C300C33F3E70CD142680830C3E93E
S315080215E000120268531CDED100221D4B1A6003F555
S315080215F08053CFE7012AF4D104301960F1E7120FBC
S3150802160000F108054068072A09D8DFE802F007044E
S315080216100A0E1114191EC04303F500531860284612
S31508021620DFE71A6842401A60F9E703F58053F5E7DF
S3150802163016F047F9F3E7012203F580538240F2E7F1
S31508021640012203F500538240EDE71A6830EA0202E6
S31508021650FBD1E4E7044CC4E7A42F0020563200204D
S3150802166000C002B800D002B828F00308064BDB68AF
S31508021670C3F30363984206D1044A536E23F0F00378
S3150802168043EA011151667047000002B8003F00B0F4
S315080216902DE9F347054616F00DF900278046194E3F
S315080216A0DFF864A018F055FA0DF1070181460DF12D
S315080216B00600FEF793F89DF806300BB3DAF80C30FD
S315080216C013F4603F1CD0DAF8180016F06DF90446D8
S315080216D06B1C03D016F0EEF8A0EB0807484618F084
S315080216E033FA14F5007F07D19DF8063013B99DF831
S315080216F007300BB1AF42D5D3204602B0BDE8F0871A
S315080217003446E5E700FEFFFF00C000B80122014BA0
S315080217101A657047001002B80122014B1A65704714
S31508021720002002B84022014B1A657047002002B811
S315080217304022014B1A657047001002B80122024B7B
S3150802174098611A61704700BF000001B8044BD3F8CC
S31508021750B03010B1C3F30332027003F00F007047C2
S31508021760000002B8064B01F080015B6C03F48003AB
S315080217700B4302BF4FF40012024BDA64704700BFF4
S31508021780000002B8006001B80D4B1A7882B1012A2E
S3150802179010D10C4B012112F0010F0B4A03F58053AD
S315080217A09960084B08BF13469A689207FCD470479B
S315080217B0054BEFE700224FF480539A60FFDE00BF25
S315080217C0FF330020004003B8000003B8094B10B5E8
S315080217D09C69DB691C4006D0074B1B6823B120466F
S315080217E09847064B9C6110BD6305FAD5FFF7CCFFF7
S315080217F0F7E700BF000003B8FC2F0020002003B85B
S31508021800094B10B59C69DB691C4006D0074B1B685F
S3150802181023B120469847064B9C6110BD6305FAD54D
S31508021820FFF7B2FFF7E700BF004003B8FC2F00201E
S31508021830006003B84FF604014FF60502044B012077
S315080218401B6C9BB28B4208BF1346024A136670474B
S315080218500080E00F00C001B82DE9F74F81460E4619
S315080218604FF0FF34FFF754FB002501908A46A04645
S315080218702846DFF8D0B005F110031B015BF80370A8
S3150802188007F00307012F15D12846FFF759FB024631
S315080218900B4601985146FFF7D3F9DBF8643005F198
S315080218A00802D340DB0736D5002E3DD00024A046D9
S315080218B0356038460135082DDDD148B30022114678
S315080218C0204DAF68AB6B0133E8FB034107F44033A5
S315080218D0B3F5003F30D16B6B07F44057013342F141
S315080218E00006B7F5805F22D12D6B15F5807505FBCD
S315080218F006F642F1000203FB0266A5FB03323244F6
S31508021900594304FB0212A3FB04342244C9E90032F8
S3150802191003B0BDE8F08FA04271EB0803C9D206B145
S31508021920356004468846C4E73446B046C1E7320203
S3150802193042EA13621B02E3E72B6B13F5807342F14B
S315080219400002DDE700C001B8F8B5062015F0D5FF9C
S31508021950044615F0AFFF42F21073041B9C4205467B
S3150802196018D94FF080624F240B4B5A6441F26F77B5
S315080219700A4E0BE015F09EFF401BB8424FF48372E5
S3150802198021468CBF00200120FCF750F9736C5B01DD
S31508021990F0D5F8BD1A24E9E7002002B8000002B81B
S315080219A0034B1A6E596E03F500530A401A667047BE
S315080219B000C00A50FF28F8B56BD0FF2965D00F285A
S315080219C065D8002963D10026344C354D84F8740055
S315080219D084F87560686940F25F124B2100F00100D5
S315080219E0FCF724F911234FF48012AB662D4B6E6671
S315080219F0C3F888219A6001213B20E2F799FB94F803
S31508021A007510294A94F874300A432849063341F86E
S31508021A102320274B3E201D68E2F7A0FB6F08ED073F
S31508021A200246334628463946ECF726F9090241EAC0
S31508021A301061C0F3C05040EA41001E4B6066186B45
S31508021A4010F5807005D14FF4D7722B21FCF7EEF80A
S31508021A5002200246002300200121ECF70DF9A066B8
S31508021A603E20E2F77BFB40F649435843000DFF2828
S31508021A7028BFFF20022838BF0220002184F87800F8
S31508021A80012000F03FFD0020F8BD0F289BD9212038
S31508021A90FAE7FF294FF0070093D194E7003E00B01A
S31508021AA000C00A5000E100E0020D0C00008003505D
S31508021AB0902F002000C001B82DE9F34105460F46D4
S31508021AC068461146FFF7C8FE0646B0B1AFB1DDE972
S31508021AD000321B0A43EA0263A5FB0384094B120A76
S31508021AE005FB02441A6812B9FFF768FC024600238E
S31508021AF040462146ECF7C0F83860304602B0BDE8E9
S31508021B00F08100BF902F002070B5FFF71DFF00215E
S31508021B10022000F0F7FC15F0CDFE04460F4D104EDC
S31508021B20D5F8F4331B070BD518F013F8BDE8704047
S31508021B3002220C4BDA6001220B4B1A7018F004B819
S31508021B4015F0B8FE001BB04240F216224FF04501CE
S31508021B508CBF00200120FCF769F8E1E7000002B813
S31508021B603F420F0000C001B800340020224910B5D8
S31508021B700B78002B3ED00122204C94F875300133A5
S31508021B80DBB202FA03F31E4A536613664FF40022C7
S31508021B901C4BC3F8882100230B7003231A4A3921E8
S31508021BA01364A2F580525364184B40F2C522586C4E
S31508021BB0C0F38060FCF73AF84FF48041144A154B9B
S31508021BC0C2F89410144AE16ED26E914202BFD3F85B
S31508021BD06C212267D3F86431206F08BFA4F87A30E3
S31508021BE0B4F87A1000F0DEF8BDE8104001210220B0
S31508021BF000F088BC10BD00BF00340020003E00B0D3
S31508021C0000E00A5000E100E000E00950000002B8D6
S31508021C1000E001B800C001B800C00A5010B5044679
S31508021C203E20E2F79BFA6043034B00F5F42000F5E9
S31508021C309070B0FBF3F010BD40420F002DE9F74F4C
S31508021C40FFF7ECFF0446FFF77FFE17F082FF00213D
S31508021C504B4D064668462970FFF7FEFD494B8046FE
S31508021C609F69494BDB6813F0706F1CD1474B5B6960
S31508021C7013F0060A17D1E0B1454B611D1868A1FB9E
S31508021C8000B93E20E2F76AFA5346024649465846E2
S31508021C90EBF7F2FF009B090241EA10610002984243
S31508021CA0019B994105D3304603B0BDE8F04F17F0C2
S31508021CB04BBF0021022000F025FC15F0FBFD8146F2
S31508021CC0DFF8C4B0DFF8D4A0DBF8F4331B0741D53C
S31508021CD0B8F1000F4DD0DDE900893E20E2F73EFA61
S31508021CE04FEA182141EA09614FEA1923A0FB019834
S31508021CF000FB0388264B1A6812B9FFF75FFB0246F8
S31508021D00002348464146EBF7B7FF0121214B013430
S31508021D1093F87530DFF86CC001331F4A3F1BDFF8B2
S31508021D2080E0DBB201FA03F30744CEF86030CCF860
S31508021D306C705366DCF81820DCF86C70241AD21B17
S31508021D40A24216D2CEF864300220CEF8603000F0F5
S31508021D50D9FBA8E715F0AEFDA0EB090050454FF4F4
S31508021D601B724FF045018CBF00200120FBF75EFF76
S31508021D70AAE70222054BDA6001232B7093E700BF1C
S31508021D800034002000C00A50000002B800C001B8A2
S31508021D90902F0020003E00B000D00A503F420F00AC
S31508021DA000E00A5001232DE9F74F934F044697F8AE
S31508021DB075208A469340914A0E46936697F8742090
S31508021DC08F4B0546C3F8F0204FF400328D4B4FF087
S31508021DD0000B1A610223DFF83882C8F80C308A4BE6
S31508021DE09B6903F1FF39A3EB0903002B40F3EA8051
S31508021DF00BF1010BBBF1020F6FD9EC220D2100206A
S31508021E00FBF714FF4FF08053804A814F53664FF415
S31508021E100031794BC7F86C511D670025C3F86C90E1
S31508021E20C7F86461A3F87A601161754AC2F8F0507E
S31508021E3093F8752001239340704A936617F089FE3A
S31508021E4029464FF4807E3E6AD7F864C001F1100332
S31508021E501B01FB5803F00303012B10D10EFA01F301
S31508021E6013EA0C0F0BD107EB0112B442D2F80C217C
S31508021E7000F2BB80944202D2964280F0B9800131C8
S31508021E800829E3D1634C2268012A08D862490B78EB
S31508021E90142B02BF0023614E337001330B70BDB1A0
S31508021EA05549012AB1F8763043EA0503A1F8763096
S31508021EB0544B5D660CD859490B780133DBB2022BB9
S31508021EC00B7005D1002301322260534A0B7013703E
S31508021ED003B0BDE8F04F17F037BE012397F8752017
S31508021EE0494D9340454A936617F033FE4FF08052A8
S31508021EF0464B01905A66AB6903F10109C5F86C9025
S31508021F00D8F83010D8F80830DD036BD5FA6E7B6E38
S31508021F10A9EB0202A2FB0326D7F868C001F5807175
S31508021F20A2FB0C530025E6FB0C35A1FB03EC01FBD7
S31508021F3005CCB2EB0E0266EB0C06120A42EA066200
S31508021F405244B2EB112F4FEA112603D3013345F15E
S31508021F500005921B043E964228BF1646C8F818602A
S31508021F6097F87920D8F82010E318D2B245F100057F
S31508021F708C42D8F8381084BF02F1FF32D2B2481C1C
S31508021F800ED04FF0000E01F1010C99427EEB0500CE
S31508021F9008D20132B3EB0C03D2B265F10005F4E7BD
S31508021FA02A44D2B21D4602F0030287F87920C8F8FD
S31508021FB02030012397F8752001989340184A9366B2
S31508021FC017F0C2FD104B9B6900BF00BF00BF00BFE0
S31508021FD000BF00BF00BF00BFD8F86420D2007FF55B
S31508021FE002AF0FE756462546E3E79442BFF444AFED
S31508021FF02B439DB243E700BF003E00B000E00A5003
S315080220000080035000D001B800C00A5000E001B8B1
S3150802201000C001B82C2F0020023400200134002011
S3150802202000D00A504FF40052014B5A60704700BF65
S3150802203000E100E04FF40052034BC3F88420BFF3DB
S315080220404F8FBFF36F8F704700E100E037B5044644
S31508022050FFF75AF901213A20E2F76AF8E17822797C
S315080220601B4841EA0243C0F8BC35E579A37943EA3D
S315080220700543C0F8C03523784BB18DF80410042106
S315080220808DF805200DEB0100002205F085FE637828
S315080220905BB10421A37900228DF80430E3790DEBB4
S315080220A001008DF8053005F077FE227801235AB132
S315080220B0084AC2F8B835627802233AB1054A0020BE
S315080220C0C2F8B83503B030BD034AF2E7024AF6E76A
S315080220D000C0035000D0035000E00350F8B50B4689
S315080220E0002213F8044B944225D91D68854224D14F
S315080220F006245A791D79124B88181E6804FB0503B3
S31508022100104F33F8063C7B43B3420ED900238A5A52
S315080221107A43964202D804FB0300F8BD9D42FAD9D7
S31508022120013304FB03F2825AF2E740F251423D219F
S315080221300020FBF77BFD0020EFE708330132D2E7E8
S315080221400030002040420F0000202DE9F84FA2FB84
S315080221500179A64EDFF8C8C2BE19984669F100038E
S31508022160B44570EB030307D240F243220E21FBF774
S315080221705DFD0220BDE8F88FD8F814A00C46154676
S31508022180BAF1000F04D0DAF80030032B00F28D8082
S31508022190974B984A9E6BA3F580431B6FD2F8FCA017
S315080221A05A074EBF4FF440039B0503F0E073C6F38C
S315080221B014061E43904BD3F8EC305B0048BF46F03A
S315080221C0807646EA456616F045FA012D8346D0D151
S315080221D00028CED0894B984275D003F5122303F511
S315080221E0F863984200F0A780854B984200F0AD80CC
S315080221F00246002300204FF00071EBF73DFD013047
S31508022200A7FB007300FB0933C6F31301A1FB0B1BE3
S3150802221020339B09C8F800307A4BC90C1C6041EA86
S315080222204B31794BF50258BF49421960774B0C443A
S315080222301C60BAF1000F36D00023DAF81C70F001E0
S31508022240DAF8005048BF6408C8F80830C8F80430FD
S3150802225017B3DFF8D091D9F83C21D20277D43E469B
S315080222601CB1B4FA84F3072B67DD2302B3FBF7F03C
S31508022270430067020133E40D01E002330130A6FB95
S3150802228003128F4274EB0202F7D2C0F30E031B034A
S3150802229043F00063C8F808300023062DC8F80C304E
S315080222A0C8F8103011D8002064E7042BDAF8286041
S315080222B089D1F1014CBF4FF4400306F0E07326F0D2
S315080222C0E0761E437FE752489AE7DAF83030002B69
S315080222D0E9D016F0BFF9DAF83010FFF7FFFE044628
S315080222E010B18378002B65D116F074F9DAF830103C
S315080222F0FFF7F4FE04460028D5D08378002BD2D007
S31508022300407940F27D52003818BF01203D21FBF783
S315080223108DFC207940F27E5200384FF03D0118BFFD
S315080223200120FBF783FC237962791B0243EA021335
S31508022330C8F81030B7E7374862E7C3F1080227FA48
S3150802234002F204FA03F3571C90E7334858E7334A74
S31508022350C6F38156965D81EAE170A0EBE17046F319
S31508022360401100FB01F14FEAE07EB60606FB0E11AC
S31508022370A0FB06064FEA540C10EB0C0041EB0601D3
S315080223802246EBF779FC0E2D0FD9194B9A6BD9F821
S315080223904830D9F83C11DB0607D502F4801201F45D
S315080223A000110A4308BFC0F58010C0F31300C8F82D
S315080223B0040054E7407940F26252003818BF0120FF
S315080223C03D21FBF733FC207940F2635200384FF087
S315080223D03D0118BF0120FBF729FC237962791B020C
S315080223E043EA0213C8F80C307EE700BF006CCA88BD
S315080223F0008001B8004F00B0000002B800F04902A0
S31508022400005A620208300020043000200030002002
S315080224100A3BB2DF313641DCD694BFD630F0030828
S31508022420807C814A004001B810B5044686B059B985
S31508022430214B4168D3F8FC30827A2048059300681C
S315080224406B46FFF781FE69461D4B0A685A631A4BAB
S31508022450D3F8FC3033B34B6843B11A4B1A4AC3F864
S315080224603C214A68A3F58053C3F83C218B6843B1E3
S31508022470144B164AC3F81C218A68A3F58053C3F87D
S315080224801C21134AC868D2F8983123F4EE63034331
S31508022490C2F89831D2F89031096923F4EE630B43F6
S315080224A0C2F89031002022890A4B9A6203F5A033BA
S315080224B0186406B010BD00BF004F00B0002D002002
S315080224C0008001B8006001B8FFFF0F0000F0FF0F9F
S315080224D0000002B8004000B8074BD3F88022D207A2
S315080224E007D55B6E002B4FF48043B4BF034A044AF8
S315080224F013650020704700BF00800050002002B814
S31508022500001002B8064B1A6C9207FCD4022240EA63
S3150802251001205860034B1A640122034B1A70704754
S3150802252000C002B800D002B80334002010B590B13A
S315080225300468012C0FD902696AB11168094B102C7B
S31508022540196051685960916888BFD268996094BFCA
S31508022550D960DA6010BD10220021024815F09DFEEE
S31508022560F8E700BF10300020084BC1171A68A2FB13
S31508022570000302FB013310F1807043F10003400EA1
S3150802258040EAC310803820EAE07070472030002005
S315080225900722194B70B51A64184B194A1E68194B4B
S315080225A0F408E005C0184FEA163141F1000100238C
S315080225B0EBF762FB144B154D18601548FFF7D4FF6D
S315080225C04042C5F8DC0049F65800FFF7CDFFC5F8CA
S315080225D0A8001048FEF7D8FC024660B1E30150088D
S315080225E018184FEA16714FF0000341F10001EBF794
S315080225F043FBC5F8B40070BD000002B8902F002056
S3150802260065CD1D00B2E60E0020300020003F00B066
S315080226107011010040420F0010B5044698B10B4BE9
S31508022620D3F8FC00FFF782FF4FF47A7303FB04F03A
S31508022630074BA0F6AC50DA689B681044C01ABDE88E
S315080226401040FFF791BF4AF6C870F8E7004F00B08E
S31508022650103000202DE9F0410546084614461E466C
S31508022660FFF764FF002D00F0818072076BD5286999
S3150802267000287DD04FF47A735843454BA0F6AC50E8
S315080226809B68C01AFFF770FFA062A88B002872D059
S315080226904FF47A7358433E4BA0F6AC509B68C01A67
S315080226A0FFF762FFE0613B4BE9681F68002965D0C6
S315080226B04FF47A735943364BA1F6AC519A685B6864
S315080226C0891AC91A344BC8171A68DFF8D480A2FBCC
S315080226D0011302FB003311F1807143F10003490E25
S315080226E041EAC31180392D4B2162D3F8C4306362A3
S315080226F0D8F8003053B1384615F043F830B12246BF
S31508022700D8F800302249D7F8E40098470021A8698A
S31508022710FFF782FF6063A86898B34FF47A73584349
S31508022720A0F5FA50FFF720FF6061286840B14FF420
S315080227307A72174B1B6803F51C53103302FB0030E1
S31508022740FFF712FFA061B30710D5284600F06CF810
S3150802275020636B69C3B10E4AD0684FF47A7202FBE2
S315080227600300A0F5FA50FFF7FFFEE062BDE8F0812C
S315080227704AF6C87086E74AF6C87091E74AF6C871FB
S31508022780A0E747F23050CDE747F23050EBE700BFFB
S3150802279010300020002D002020300020003F00B01D
S315080227A00C30002070B5064608461C4615F0ACF8F3
S315080227B00546D6F8F00000F011F84368054A002BE2
S315080227C0A8BF4FF4FA721A44034B601992FBF3F24C
S315080227D0104470BD0CFEFFFF18FCFFFF40B10368F2
S315080227E0012B05D90069034B002808BF1846704714
S315080227F00048704738F0030828B1094881420CBFDF
S315080228002F20BC207047074A536F106DC3F301117E
S315080228101B0C01FB033300F01F00013018447047FC
S3150802282048E80100004001B8406840B14FF47A72A6
S31508022830044B1B6803F51C53103302FB0030FFF7E9
S3150802284093BE00BF1030002070B588B06D46184C94
S315080228500FCC0FC594E80F0085E80F00EC22002183
S31508022860144815F01AFDB0220021134815F015FD7B
S3150802287020220021114815F010FD15F0AEF8104B74
S315080228801B783BB16D460A4E0FCD0FC695E80F0071
S3150802289084E80F000C220B490B4815F025FD0B4B5B
S315080228A00B4AD3F87831C3F38243136608B070BD76
S315080228B0E03F00B0643E00B0503F00B0E04F00B0C9
S315080228C0EF33002048F00308AC3E00B0000002B81F
S315080228D0003F00B0064BD3F8EC0E064B9B6C1A0170
S315080228E003D4054B9B6E1B0401D500F58070704717
S315080228F0003000B0000002B8004000B810B517F06A
S3150802290028F90E2104460320FEF7B0FE40F2012202
S31508022910034B2046BDE81040DA6217F015B900BF2E
S31508022920004000B8064B00201B6893F82430DB09E8
S3150802293002BF0322034BC3F85022FBF72BBC00BF8E
S31508022940002D0020006001B8012370B5074C2370E2
S31508022950074B1E68074B3240D3E9005319402840FB
S31508022960FBF7DEFF0023237070BD00BF0B34002087
S3150802297028300020B80D0020024B1879C0F3C00099
S31508022980704700BFB80D002010B50446FEF7E2FCFA
S3150802299000F03CFF2046FDF7B5F9FEF763FCFEF7AB
S315080229A0B5F8FEF72BF9FFF7F3FD15490723154A84
S315080229B0D1F8FC1004F58270FFF74CFE4FF08071D7
S315080229C00020FEF701FB4FF000720F4B4FF4001187
S315080229D00120C3F80021FEF7F7FAFEF72BFF20B90C
S315080229E040F221121421FBF721F914F0F4FF012019
S315080229F0FDF78AFFBDE81040002015F015B800BFA4
S31508022A00004F00B0A43F00B000D001B88023074AA7
S31508022A105364082340B15364054AD2F8BC3E23F0F6
S31508022A202003C2F8BC3E7047024AF4E7001002B817
S31508022A30003000B0002002B810B517F08AF801215C
S31508022A4004460020FFF7E2FF044B1961044B5B685A
S31508022A5098472046BDE8104017F076B8000002B83D
S31508022A6068390020F0B583B014460646FFF734FDF0
S31508022A70FCF734F900285CD0584B5D6915F0060559
S31508022A8057D117F066F823790095022B054654D1DB
S31508022A90237B022B32D00320FEF7F0F920B9504BE4
S31508022AA0DB685B0440F19280A37B277B003B18BF5F
S31508022AB00123A2684B49012F01920B707BD000F0CB
S31508022AC097FE0420FEF7CEF80420444E0223716FC7
S31508022AD03A4621F0F85121F4F81141F0506141F4D7
S31508022AE0803171670DEB0001FEF7DAF80446B0B1E2
S31508022AF0012030223C493D4B08701A653C4E33682A
S31508022B0098472128044604D1012100207368984772
S31508022B100024284617F018F8204603B0F0BD032013
S31508022B20FEF7A0F82846334A334B72671C7017F033
S31508022B300BF80E24204603B0F0BD0320FEF79EF9DB
S31508022B40002843D12179D6F80C31012922682FD0E1
S31508022B50D01A0027214B274A00905A679F67637B42
S31508022B60264823F04007002FC3F3801303700CBFD7
S31508022B70012300232249234A0B70D2F8BC3E214A7C
S31508022B800CBF43F0200323F02003C2F8BC3E032007
S31508022B90FEF768F8114B1C4A03205A676946012357
S31508022BA02279FEF77DF898B10122134B1A706FE766
S31508022BB09342CED8CCE72379022B80D0009BD6F855
S31508022BC00C1100270B441344019378E72846AEE715
S31508022BD0284616F0B9FF2124ACE700BF00C001B8A9
S31508022BE0000002B80A3400200D340020001002B892
S31508022BF0683900200000010107340020083400204B
S31508022C0009340020003000B0010C0100F7B50D466A
S31508022C100024074616F09DFF1E4B064620461C70EA
S31508022C20FFF7F4FE1C4B1D4A5A679C676879431ED8
S31508022C3058425841FBF758FE40F60142164B9A672E
S31508022C402A792968012AD7F8143101D1994200D381
S31508022C50CC1A042303200DEB03010194FEF720F896
S31508022C6048B988220E4B30465A6416F06DFF212465
S31508022C70204603B0F0BD0B4D2B6898472128044621
S31508022C8004D1012100206B6898470024304616F0CB
S31508022C905BFFEDE70734002000C001B80000010120
S31508022CA0002002B86839002038B5164C0546207847
S31508022CB04FF42072B0FA80F03E214009FAF7B6FFC7
S31508022CC055B14FF44062104BD3F80831C3F3812350
S31508022CD023700E4BC3F8082160784FF42072B0FABD
S31508022CE080F03E214009FAF7A1FF55B14FF4406240
S31508022CF0054BD3F80C31C3F381236370034BC3F836
S31508022D000C2138BD04340020004000B8006000B829
S31508022D1010B5104B104AD3F8B8001478596A9A6A53
S31508022D2000F00F0021F4706122F0E052844241EA79
S31508022D30042142EA84624FF01F04084835BF9A62AA
S31508022D4059625962C0F8B84034BFC0F8B8409A62AE
S31508022D5010BD00BF00C000B8EB33002000E000B889
S31508022D60A82238B51C4B5D6C03F500535A64102231
S31508022D709A60A3F5804302F100521A675A6600F078
S31508022D80C1FF164B1B7813B90320FDF76BFF00240E
S31508022D90134B9C6700F0DCFF124A134BD2F8EC1E69
S31508022DA00B40C2F8EC3E0422104B5A64104BC3F88F
S31508022DB0C440FFF7ADFFAB0607D50E4B5B6FB3F505
S31508022DC0817F22BF8022044B1A61FCF771FC002224
S31508022DD0094B1A7038BD00BF000002B8073400203C
S31508022DE000C001B8003000B0DF0000FF002002B8C2
S31508022DF0003E00B0003F00B0063400200D4A10B570
S31508022E00D2F8A030D2F8A4100B40B3F1804F0CD3FD
S31508022E104FF040400849094CC1F8A400D467C1F8EC
S31508022E20A0004FF48021064AD161034AC2F8A030B5
S31508022E3010BD00BF00400050006000500000FF01B6
S31508022E40001002B89B4B2DE9F04F9A6EDB6E87B0E5
S31508022E5002EA0308984BC3F868804FF03A43D3F85E
S31508022E601471D3F818311F40944BC3F81471944B5C
S31508022E709A68DB6802EA030A924BC3F808A003F5CC
S31508022E802043DA691B6A02EA03098F4B09F47702BF
S31508022E90DA618E4BD3F80422100305D4D3F8046101
S31508022EA016F4002600F0E18016F053FE884B5A69A4
S31508022EB05E6E02F0060BBBF1000218BF01221B6F01
S31508022EC001921E40834A26F0007323F400637107B9
S31508022ED0536606D5804A92F879300133DBB282F816
S31508022EE0793016F031FEB8F1000F00F0DF8018F4E1
S31508022EF0004427D016F02DFE0146FFF7EBFC0446E8
S31508022F00764B1D682A682B689A42FCD02A689A4230
S31508022F10FCD0FFF7DFFCA04240F0A980084616F075
S31508022F2013FE6F4B1C606F4B5D6C15F4E05B40F053
S31508022F30A08024F07F4424F0DF040CB9FFF710FFC9
S31508022F404FF08074002518F0020F12D0654B5E49C7
S31508022F505B6C03F460424A64002A00F09E801A04FD
S31508022F6000F19E809D0440F19E804FF0006300258B
S31508022F701C43C8F340384FEA48085B4B3B40002BDA
S31508022F804BD017F4206F0AD040F2C952062100200E
S31508022F90FAF74CFE002000F037FF27F48027F805E1
S31508022FA006D5FF22484B44F4C0649A60FFF7A6FC94
S31508022FB017F0090F0BD040F2DE5208210020FAF76B
S31508022FC035FE00F015FF4FF03A4301225A6317F017
S31508022FD0106F0CD040F2E75209210020FAF726FEBC
S31508022FE000F006FF002211461046FCF78FFF17F481
S31508022FF0202F0AD040F2EF5207210020FAF716FED8
S31508023000002000F001FF27F48027F90301D5FDF718
S31508023010CFF8002FB8BF48F008087A070ED54FF048
S315080230203A431B6B13F4005F4FF4005317BF234A4E
S315080230302E4A136344F4000408BF13637B0548BF92
S3150802304044F0040417F48023029300F0B780FDF7D6
S3150802305065F8013806284BD8DFE810F077017A01BF
S3150802306077017D0180018301830101963BE70446CE
S3150802307048E7FFF775FE144BC3F844B015F48053BE
S3150802308005D115F4806505D04FF080645AE74FF0F4
S31508023090804457E74FF0805455E74FF0007366E7D0
S315080230A04FF0004363E74FF0005360E74446454656
S315080230B063E700BF004000B8006000B8002000BA0D
S315080230C0004001B8006001B8002002B800E100E043
S315080230D000C001B800E001B8003E00B004F00308E1
S315080230E024300020000002B8090B0B89001000BA30
S315080230F04FF4C46203210020FAF798FD4FF03A42D2
S315080231000121D2F88C30D2F8AC0003F0070306335B
S3150802311001FA03F3C0F30C001B1A9BB2072B12D950
S315080231209A4B5B6C58020ED49948D36CD26E406D9A
S3150802313058B103F0070306339940C2F30C03C91AC0
S3150802314089B2092901D844F40074924B1B78002BE2
S3150802315034D04FF03A43D3F8143113F4A02F2DD1BB
S315080231608D4BDFF870B21B7883B9F2040ED49BF844
S3150802317000305BB18949C4F3C003D1F8EC1E83F071
S3150802318001035B0021FA03F39B0717D10420FDF71D
S3150802319069FD834B8349596700F02AFB9BF8003087
S315080231A043B9814B1B782BB1804B814A1B6823405C
S315080231B0134201D144F4804426F48056BAF1000F32
S315080231C031D01AF4805F18BF44F480241AF4807F41
S315080231D018BF44F400241AF4005F18BF44F0100420
S315080231E01AF4007F18BF44F020041AF4806F06D040
S315080231F04FF480626F4B44F04004DA609A601AF426
S31508023200006F06D04FF400626A4B44F08004DA601D
S315080232109A601AF0805F06D0674B0021186845F459
S315080232208055FBF77FFDB9F1000F39D019F4802FCD
S3150802323018BF45F4007519F4803F18BF44F480544A
S3150802324019F4801F18BF44F4003419F4001F18BF7C
S3150802325044F0020419F4003F18BF44F4801419F428
S31508023260800F18BF45F0100519F4002F18D04B4BE4
S31508023270D3F8BC3E13F0C00F12D0444BDA6802F002
S315080232803062B2F1407F05D19A6CD00602D4DB6C6B
S31508023290190769D54FF40022484B29F40029DA6147
S315080232A0002E00F0478132051ED54549DFF8F0B0F9
S315080232B091F803A0434ABAF1000F00F08D804FF44B
S315080232C000600AF1FF3A50665FFA8AF2CA703AB9A2
S315080232D03D4A1278002A4AD040F601423B4B5A67C9
S315080232E00022134614431D43B30009D52E20FDF7C9
S315080232F0E9FB4FF00052334B45F008051A675A6648
S31508023300F00608D52B20FDF7DDFB10222D4B45F4E0
S3150802331000151A675A6616F0306F40F0A580F10458
S3150802332040F1FC80019B002B40F0DC80244A137993
S31508023330002B00F05681013BDBB2137113B9234B04
S31508023340234A5A6700231C43E8E044F48034D5E64E
S3150802335044F40064D2E644F48064CFE644F480740C
S31508023360CCE644F00804C9E644F4001498E7DBF80E
S31508023370782012F4A05F15BF4FF4807240F601421E
S31508023380CBF85820CBF87820AAE700BF000002B88D
S31508023390004000B80D3400200C340020003000B084
S315080233A000C001B80000010108340020B80D002051
S315080233B0088D0100006001B8002D0020002002B827
S315080233C0F533002000E001B80734002000D001B828
S315080233D00000010D093400200320FDF743FC4FF4D9
S315080233E00061A34A5166DBF8141011F0060126D0D3
S315080233F05046FDF771FDDBF86410DBF870309C4A25
S315080234000B4013F0100F1FD010232D20136753669D
S31508023410FDF758FB4FF4001A9649974AB1F87630E9
S3150802342013F4006F1CD023F40063A1F876301378E6
S3150802343003F0FF025BB14FF40042534652E741F6EE
S315080234401F705067CBF878104FF0000AE4E7039232
S31508023450FDF7C6FDFFF784FC039A4AF0200341E70D
S3150802346013784FF40052E8E7320115D52920FDF703
S3150802347029FB824B8249DB6803F48042C3F380331B
S315080234800B70FFF779FA28B17E4B79497E484B666D
S315080234900367D2B945F00405B30123D50420FDF725
S315080234A0E1FB2720FDF70EFBFFF75AFC4FF00072EF
S315080234B06F4B5A66754BD3F8EC2E510679D4022215
S315080234C0734B9A6045F0020523E00B6720204B6692
S315080234D0FDF7F8FA45F400152D2045F00C05FDF721
S315080234E0F1FAD9E716F0807FDFF8A8A14CD00420BC
S315080234F0FDF7B8FB2820FDF7E5FADAF87830002B55
S315080235003ED1FFF72DFC5A4B5E4A45F001051A6774
S315080235105A66FFF707FA00225E4B9A65B20409D586
S315080235205D4A5379002B00F09E80013B53710023BC
S3150802353048EA0308554BD3F8BC3E1B0603D520467A
S315080235402946FCF767F9424620462946FFF7FCF961
S31508023550029B0BB1FCF71AFE4FF400424F4B07F0E1
S315080235600437C3F814714E4B19F4002FC3F884219B
S315080235701EBF4FF40022464BDA6107B0BDE8F08F52
S315080235800023CAF87830BEE7F004C4D50420FDF754
S3150802359069FB444BCAF87430FDF722FDDAF8643049
S315080235A013F0407FB7D12A20FDF78CFAFFF7D8FB34
S315080235B080E7D3F8BC3E9A0684D402223A4B9A6034
S315080235C03A4B1B6893F825309B077FF57BAF294B4F
S315080235D093F8D830002B3FF475AF8022274B1A6137
S315080235E070E70420FDF73EFB0320FDF73BFB294B62
S315080235F02C4A5A6716F0ADFA82460DF11700FEF705
S31508023600A5F82B4B83461B780BB1FFF777F9BBF16D
S31508023610030F0ED1DFF864B00020FEF797F80328EF
S3150802362007D1DBF82830D807F6D4DBF84830D903B7
S31508023630F2D49DF81730032B06D101221D4B5046B2
S315080236401A7016F081FA7DE64FF03A43D3F8143130
S3150802365013F4A02FF1D100F0CBF8504616F074FA05
S315080236604FF480436FE60520FDF7FCFA01235FE776
S3150802367000E001B8003E00B007340020000002B89E
S31508023680063400201000002000D001B8003000B037
S31508023690002002B800C001B8F5330020002000BAA5
S315080236A000E100E000000101001002B8002D002030
S315080236B00A3400200C3400200122024B1A62DA6115
S315080236C0704700BF002002B8094A08B5D369116AD3
S315080236D00B40084923F47F00DB07C86106D5D16889
S315080236E04FF0FF30C1F3036114F080F908BD00BF43
S315080236F0000002B8002002B80C4A08B5936CD26CD6
S3150802370013400B4A9364DB070FD50A4B40F67A023D
S315080237101878122100F00100FAF788FABDE8084085
S31508023720002201200021FFF70FB908BD00C000B82A
S3150802373000E000B8B80D002038B50C4C0C4DD4F892
S315080237408430DB0706D4A36FD4F884201340094AD1
S31508023750936738BDD5F804315A02F0D500F07EFEDB
S315080237604FF48003C5F88431E9E700BF008001B849
S3150802377000E100E000A001B808B516F0EAF90E4B20
S315080237801A78A2B90D4A126812F4843F0FD10C4A6C
S31508023790102111651B7863B9084B1B68DB0508D431
S315080237A0074B20221A65BDE8084016F0CDB9054A2E
S315080237B0EEE7044BF5E700BF0D340020B80D0020F4
S315080237C0002002B8001002B810B516F0C2F90E2190
S315080237D004460320FDF74AFF40F20122034B204626
S315080237E0BDE81040DA6216F0AFB900BF004000B873
S315080237F00022044B1A70044B197811B11A70FFF79C
S31508023800BBBF70470C3400200D34002038B516F0C3
S31508023810A0F94FF48043274C0546C4F88430BFF319
S315080238204F8FBFF36F8F4FF40043C4F88430BFF352
S315080238304F8FBFF36F8F4FF48033C4F88430BFF3D2
S315080238404F8FBFF36F8F4FF40033C4F88430BFF342
S315080238504F8FBFF36F8F4FF48023C4F88430BFF3C2
S315080238604F8FBFF36F8FFEF7E5FB4FF40023C4F8C3
S315080238708430BFF34F8FBFF36F8F4FF48013C4F8B2
S315080238808430BFF34F8FBFF36F8F4FF40013C4F822
S315080238908430BFF34F8FBFF36F8F4FF40003C4F822
S315080238A08430BFF34F8FBFF36F8F2846BDE8384089
S315080238B016F04AB900E100E038B516F04AF90546AD
S315080238C04FF480430E4C63604FF4004363604FF439
S315080238D0003363604FF480236360FEF7A3FB4FF463
S315080238E0002363604FF4801363604FF40013636030
S315080238F04FF4000363602846BDE8384016F024B941
S3150802390000E100E02DE9F047DDF820A003EA01080E
S31508023910099B06460D4602EA000703EA0A09BAF1B6
S31508023920000F40F06881031F0B4300F02881052829
S3150802393071F1000380F0FE8050EA010300F0D081A5
S31508023940431E0B4300F03E81FFF760FFBD4AD2E9F2
S31508023950004323EA050324EA06043C4343EA08072C
S31508023960B94BC2E900471E6826EA0A0646EA09066C
S315080239701E60FFF701FF14F02A4F0CBF4FF40043F5
S3150802398048F20203B14AB507D26EB14848BF43F4BA
S31508023990005383EA020122EA0302C266AD4A0B40D9
S315080239A08166D366C4F380421203200348BF42F4F9
S315080239B08072E10648BF42F40052A749A30648BFEF
S315080239C042F4007214F0400FD1F88830A34800F090
S315080239D031815D0505D44FF480652B438560C1F8B6
S315080239E0883014F0800FD1F888309C4800F05C814A
S315080239F01D0505D44FF400652B438560C1F8883050
S31508023A00974B9648D96817F4007F82EA010323F098
S31508023A10805301EA030102EA0302C1608360914B03
S31508023A20DA608D4B07F4007200F0468101224FF4EA
S31508023A30802583F88420E30448BF45F48035A00333
S31508023A4048BF45F48015A10748BF45F4001514F48C
S31508023A50001FDFF84C8206D0D8F8000013F0E2FF08
S31508023A6008B945F40025E20248BF45F40035FB06CD
S31508023A707D4B48BF45F480051A6A7C4985EA0203EC
S31508023A8023F001031A400A621D40CB61784B16F0F7
S31508023A90010F1D62774B784A08BF1A46774B7D0796
S31508023AA01B6F48BF42F00062754882EA030123EAA7
S31508023AB002030367734B0A4041661A67724A04F0A7
S31508023AC00103D16CA0F5803081EA030221EA0301E1
S31508023AD0C16482641A406D4B2002DA64D8F8002069
S31508023AE048BF6B4B92F8022158BF6A4B610748BF21
S31508023AF043F4806322B114F4C06F18BF43F4807391
S31508023B0032074FF03A42BDE8F047D2F8181148BFDB
S31508023B1043F0004383EA010222F4A0225E481140E0
S31508023B20C0F818111340C0F814215C4AC2F81831BB
S31508023B30FFF7C2BEA0F580630B4306D020F480636C
S31508023B40A3F500730B437FF4FFAE16F002F83D4966
S31508023B50D1E9003223EA060322EA050242EA08020A
S31508023B603B43C1E900324E4A126892F802114A4AA8
S31508023B7009B313F4C06F1ED04FF4807311E015F029
S31508023B80E8FF304AD2E9003123F004033B4341EA15
S31508023B90080157EA0807C2E900314FF480633E4A32
S31508023BA00BD0C2F81431A2F58052C2F81831BDE81A
S31508023BB0F04715F0C9BF4FF48073C2F81831C2F83E
S31508023BC01431F4E715F0C5FF1E4AD2E9003123F095
S31508023BD001033B4341EA0801C2E900310123314AA4
S31508023BE057EA08071BBF9364A2F58052D364D364CD
S31508023BF008BF9364DBE750EA01037FF4A5AEBAF186
S31508023C00010F7FF4A1AE15F0A4FF0F4A136823F043
S31508023C10010343EA090313604FF40053184AB9F142
S31508023C20000F04D05366A2F580521367BFE71367E5
S31508023C305366BCE723F48063C1F888304FF4806387
S31508023C408360CEE6B80D002028300020004000B878
S31508023C50006000B8005000B8003F00B0006001B82C
S31508023C60004001B8005001B8000002B8002002B8AE
S31508023C70001002B8041800030438000300C001B893
S31508023C8000E001B800D001B800C000B800D000B802
S31508023C900D0A0A09090A0A09002000BA001000BA20
S31508023CA0002D002000E000B823F40063C1F8883034
S31508023CB04FF400638360A3E693F8841071B183F826
S31508023CC08420084BD3F8A41003F50053C3F8A410B4
S31508023CD0C3F8A0104FF05023C3F8A4200025AAE683
S31508023CE0BDE8F08700400050024B186800F001005A
S31508023CF0704700BFB80D0020014B5879C0097047BC
S31508023D00B80D00200A4B197801F0FF0229B10021EB
S31508023D10197008499202C1F80821597801F0FF0280
S31508023D2029B1002159709302024AC2F80C31704730
S31508023D3004340020005000B84FF40062034B5A6462
S31508023D404FF40042A3F5E0339A667047001002B8B2
S31508023D50F8B5084C084D636C0423084F6B64636C12
S31508023D605B0300D4F8BD042602207E6413F0A9FD85
S31508023D706E64F4E7000002B8001002B8002002B828
S31508023D8038B5044671B940B1154BDB6813F0606F5C
S31508023D9004D04FF4C062134B9A6538BD124B1B6CA4
S31508023DA0D907F6D4FFF710FD0D4D0020FDF7CEFC1E
S31508023DB0032801D0092805D1AB6ADA07F5D4AB6C1A
S31508023DC0DB03F2D4FFF7C4FF0122084B5A61022231
S31508023DD09A62042203F580535A64002CDDD0D8E790
S31508023DE0000002B8006001B800C002B8001002B8AC
S31508023DF008B503210920FDF739FC2022014B1A6177
S31508023E0008BD00BF000002B838B5054615F0A1FE88
S31508023E100E4B04461868FCF7A5F835B1FFF7E8FC1F
S31508023E202046BDE8384015F08FBE094B1B78002B9B
S31508023E30F6D0084B1D78002DF2D1FFF7D9FC2A4699
S31508023E404FF480400021FEF77FFDE9E7002D0020B0
S31508023E500C3400200B3400202DE9F84F584B074646
S31508023E600E4615465C6C002A40F0A78004F0A004B2
S31508023E70003C18BF0124FBF71BFCFEF749FFA023F1
S31508023E804FF0000A4F4A03205364FCF7EBFE042066
S31508023E90FCF7E8FEDFF86081FFF7AAFC4A4B4FF011
S31508023EA0040BC8F87430C8F878A0FFF751FF474BDF
S31508023EB0444AD3F8BC1EDFF8089141F02001C3F842
S31508023EC0BC1EFF2191604FF48071C9F81010D3F817
S31508023ED0EC1E3F480840C3F8EC0EC2F844B0C3F8DB
S31508023EE0C4AED8F8143013F0060F04D0FDF778F8EC
S31508023EF05846FCF7B7FE0CB1FFF71EFF47B1FFF7AE
S31508023F0063FCFFF775FF0420FCF7ACFEFFF7FAFE29
S31508023F10D9F81430D9074BD5294AD36813F0706FEC
S31508023F20FBD1284B2B4A5A642B4A536E23F0F003D3
S31508023F30536616B12846FFF767FF284BD3F84C316C
S31508023F405A1C01D05B0002D501221E4B5A61002D74
S31508023F502ED0234B2049DA6E03F500539A6603F5F1
S31508023F60D0331B6A174A23F00103D3611D4BD1F8DC
S31508023F708800DB681C4903438B601C4BC860D3F876
S31508023F80841003F5005399674FF03A43D3F8181192
S31508023F9003F50053C3F81411154BD96C03F50053F6
S31508023FA09964144903F5803359664FF608435364F6
S31508023FB00020BDE8F84FFBF725BC00245BE700BFED
S31508023FC0000002B8002002B800000101003000B06B
S31508023FD0DF0000FF10003000003F00B00080E00F55
S31508023FE0004000B8004001B8006001B8008001B87E
S31508023FF000C000B85000002F00C001B838B51446FA
S315080240000D4615F0A6FD064BD3F8BC2E54402C409F
S315080240105440C3F8BC4EBDE8384015F095BD00BF04
S31508024020003000B0034BD3F8BC3E99430CBF0120C5
S3150802403000207047003000B0174BD3F8BC2E12F0A0
S31508024040010312D0154B93F84830154A43F0807392
S31508024050C2F8D0304FF4801302F50052C2F8B430D9
S31508024060A2F58052C2F8B83070471106EDD40D4B4E
S3150802407093F8471121B1D20602D593F84431E4E701
S315080240804FF480120020084B0549C3F8B820C1F83E
S31508024090D000C3F8B4207047003000B0003F00B02B
S315080240A0004000B8003E00B0006000B870B5164E79
S315080240B0032804460D4633781ED023FA04F202F08A
S315080240C0010295421DD053B10122A240A54023EA1E
S315080240D002032B43DBB233704BB1012070BD2DB105
S315080240E00A4B01201B6898473378EDE73570074B72
S315080240F000201B689847F0E79A07DED003F0FC0316
S31508024100E9E7002070BD00BF0F34002064300020AC
S31508024110F8B505460C4615F01CFD104F06463B78C9
S3150802412033B1012D04D01CB90D4815F093FA3C7031
S3150802413021462846FFF7BAFF0A4B04461B783BB9C5
S315080241403B782BB913F0CAFA10B1074B1B6898478C
S31508024150304615F0F9FC2046F8BD00BF10340020A1
S315080241603C3000200F34002068390020054A0B46EF
S31508024170117831B100211170034A01215268187869
S3150802418010477047103400206839002038B5074DAB
S3150802419004462B78834207D0FAF7E6FD20462C70B0
S315080241A0BDE83840E4F79EBC38BD00BF0E34002097
S315080241B01B4B022910B5187002D0032904D010BD72
S315080241C0184B1B78002BFAD1F9F77AFA0028F6D0A1
S315080241D04FF40052144BC3F88420BFF34F8FBFF33A
S315080241E06F8FFAF77BFD0028E9D0FAF729FD002838
S315080241F0E5D10E4B1C6834B123689847BDE81040D8
S315080242000020FAF7A5BD12F0F7FF094B186015F062
S31508024210F5FF084B18602046FAF768FDEEE700BF7F
S31508024220A93A00200E34002000E100E0502F0020B9
S31508024230603000205C30002038B504460D46F9F798
S315080242403FFA80B14FF40052124B5A60FAF746FD14
S3150802425048B9012D07D80120FAF77AFD0E4B1B68DB
S3150802426023B15B6898470D4B1C7038BD15F0C6FF25
S315080242700B4B1A68801A186015F0B0FA4FF47A7266
S31508024280084B1B6802FB003012F0B8FF0120FAF750
S315080242902DFDE8E700E100E0502F0020A93A0020B2
S315080242A05C30002060300020F0B585B015F051FC76
S315080242B0334D04462B7823B1324815F0CBF9002842
S315080242C047D115F057FA02AA03A913F0F1F90346E2
S315080242D0002837D013F000FA029B98421BD100201F
S315080242E0294B03991B68294E994230701FD900271A
S315080242F0C91A012323482B70254A3346019700978A
S3150802430015F02CFF68BB234A1378D90701D53178F3
S3150802431061B3204611E013F0DDF9029B98421ED0E4
S31508024320002318461849194A09681370039101218E
S31508024330FFF7BCFE002320462B7015F005FC002073
S3150802434005B0F0BD20462B7015F0FEFB212005B006
S31508024350F0BD204615F0F8FB0E2005B0F0BD022090
S31508024360BEE7032320462F703370F3E703F0FE03FC
S315080243701370002BCDD1084B1B6898472046DCE703
S31508024380103400203C3000202C2F0020A83A0020B0
S315080243906D4102080F34002064300020114B10B51D
S315080243A05B6F002403F44073B3F5007F04BF022257
S315080243B00D4B0E4908BF1A600D4B0E4A1C700E4B68
S315080243C00E481A600E4A5A60E4F73EFB0D490E483B
S315080243D0E4F73AFB0D4B0E4A1A60E4F791FC2046C5
S315080243E010BD00BF004000502C2F002054F00308D7
S315080243F010340020A9420208683900202C30002017
S31508024400114102085CF003083430002064300020B1
S315080244108D41020802220E4B10B41A640D4AA3F506
S31508024420005314685B687CB1DBB2042B07D1002207
S315080244300121094B186823465DF8044B1847052BDA
S3150802444002D100221146F4E75DF8044B704700BF1B
S3150802445000E00950582F0020002D00200C4B10B503
S315080244601C6C5A6C14400B4A24F002011164E207D0
S3150802447005D540F2BD1200201968F9F7D7FBA30744
S3150802448004D5BDE810400248FFF7C4BF10BD00BFFF
S3150802449000C0095000E009502DE9F84F0E4688463B
S315080244A056F8041B05461446002032461F4613F0EA
S315080244B0BDFAD8F80080404613F0B9FA30B195B97A
S315080244C0416819B14FEA18630D683DB90F213B4699
S315080244D02246404613F0C3FA0D4617E04A799A4235
S315080244E001D00831F0E7DFF83890DFF83880D9F8DC
S315080244F000B0D8F800A03046C9F80040C8F80070E5
S31508024500A8470025C9F800B0C8F800A0224601202D
S3150802451052F8041B13F08AFA2846BDE8F88F00BF42
S315080245206C3000206830002070B50C4B04020D4632
S3150802453004F4E064C0F307211B680C43084A0434F8
S315080245409C42126807D91D2113F089FA00221346E4
S3150802455010462B6070BD1060043BF9E768300020F6
S315080245606C300020094A10B5116851B9B0F5006FD0
S3150802457009D2041D2046E4F749F908B9044B1C6020
S3150802458010BD1220FCE72120FAE700BF7830002090
S315080245907430002010B5054C206818B115F0B2FD2C
S315080245A0002323600022024B1A6010BD78300020D7
S315080245B07430002038B5044608680D4613F0FEFA32
S315080245C050B9094B1B6800202A68C4E900531A60CF
S315080245D0064B1B68A36038BD2028FCD1044B1B6818
S315080245E0002BF0D10920F6E778300020743000203D
S315080245F0703000202DE9F84F1D460C6816464FEA22
S31508024600042AC4F307230AF4E06A4AEA030A1F4B98
S315080246100AEB050B1B680BF104029A420746DDF802
S3150802462028802DD80123F20093409D4228D215B145
S31508024630B8F1000F27D03846FFF7BCFF8146E0B92C
S3150802464024F47F4424F0C70444EA1B244FEA0B2BC4
S315080246507B681FFA8BFB44EA0B0443F8044B53446A
S315080246602DB118462A46414613F03EFE0346012E50
S315080246700CBF03F8015C23F8025C4846BDE8F88FD4
S315080246804FF01D09F9E74FF02209F6E774300020CA
S3150802469038B50446054B00681D684068D4E901230D
S315080246A01146A8476368988838BD00BF8839002034
S315080246B010B5044C23781BB913F0B7F901232370FC
S315080246C010BD00BF12340020F7B50F461546064640
S315080246D010B9222003B0F0BD00230360002AF8D0E7
S315080246E00F4C226892B91821012001AB0192E4F716
S315080246F095F80028EED1019B1F702A691D615A6040
S315080247006A699A602360019B3360E3E723681A7833
S31508024710BA4203D05A6903F11404E3E72E20D9E713
S315080247207C300020044A0346106810B102789A4287
S3150802473000D170474069F8E77C300020014B1868C1
S31508024740704700BF7C300020094A5168C84390FA76
S31508024750A0F048B1B0FA80F0042805DC01238340B2
S315080247600B43536040B270474FF0FF30704700BFAB
S31508024770A83000200021034B28220348C3E9001170
S3150802478013F08BBDA83000208030002038B50546CE
S31508024790FFF7DAFF04460448294600EBC40013F083
S315080247A07DFA204638BD00BF80300020C3B2042BF4
S315080247B010B513D80A4A02EBC00252E8003F0B436F
S315080247C042E80034002CF8D101220649824051E819
S315080247D0003F134341E800300028F8D110BD00BF5E
S315080247E084300020A8300020F7B501270026184A91
S315080247F01849194D106800B30B7807FA03F42042DA
S315080248001DD0E04352E8004F044042E8004CBCF198
S31508024810000FF7D105EBC303043353E8000F43E84F
S315080248200064002CF9D1019048B1087801AA0B4915
S3150802483005EBC00013F06AFA012003B0F0BD0B784D
S31508024840506883422EBF00230133DBB20B70D1E7D7
S31508024850A830002013340020803000207856341205
S31508024860024B1868003818BF01207047A83000208C
S315080248702DE9F041194D06462B680C4613B900205E
S31508024880BDE8F08115F06EF92F680FB32A68012585
S31508024890D2E9047815F061F9002DF0D057EA080339
S315080248A019D056EA04030CD10D4DD5E9006456EA2F
S315080248B0040306D10B4B1B68984706460C46C5E906
S315080248C00001BE4274EB08042CBF01200020D7E782
S315080248D0B8463D46DEE70120D2E700BFC0300020D9
S315080248E0C00D0020B8300020F7B54FF0FF34274638
S315080248F005460E4615F036F91A4B1B6883B915F0AC
S315080249002CF9B7F1FF3F08BFB4F1FF3F04D054EAD0
S31508024910070315D1002427462046394603B0F0BDC1
S315080249205969DA68019119695B685218019941F166
S315080249300001A24271EB070C3CBF14460F46DDE7A5
S3150802494055EA060304D1084B1B68984705460E46E6
S31508024950AC4277EB0603DDD3651B67EB06062C46EE
S315080249603746D9E7C0300020B83000202DE9F74F86
S31508024970DDF840A00E46DDE90C7815469DF83CB0F8
S3150802498008B1016891B9BAF1000F07D02946304635
S31508024990D04740F2034003B0BDE8F08F002DF8D0AF
S315080249A0002EF6DB284608F080FDF2E7019015F0A6
S315080249B0D9F881465846E9F70DFE0446484615F0E9
S315080249C0CCF8019A9CB9BAF1000F08D029463046AC
S315080249D0D04703203146E9F77FFD1A20DBE7002D91
S315080249E0F7D0002EF5DB284608F05FFDF1E70E9BAF
S315080249F0C4E90678E3600023636057EA0803A66001
S31508024A002562226084F824B0C4F828A001D10E9B3E
S31508024A1033B1184B1B689847C019074648EB01087B
S31508024A2015F0A0F8002205461349C4E904780B6874
S31508024A302BB1D3E904AB574578EB0B0011D2A2B9D7
S31508024A400B680C6063600D4B1C682CB1094B1B6824
S31508024A509847FFF749FFA047284615F07EF8002039
S31508024A6099E758681A460346E2E753686360546052
S31508024A70E9E700BFB8300020C0300020B03000207F
S31508024A802DE9F74F4FF0000881460D4692461E461D
S31508024A9015F068F84746DFF874B00190DBF8004075
S31508024AA084B9B8F1000F07D0174B1C6824B100204F
S31508024AB00021FFF719FFA047019803B0BDE8F04FA0
S31508024AC015F04BB822684A4511D12DB1A26829685A
S31508024AD022F000428A420AD126B9626857B9CBF84F
S31508024AE0002008E05146206AB0470028F5D027463C
S31508024AF06468D5E77A60D4F80480204613F07AF819
S31508024B0044464FF00108CBE7B0300020C030002001
S31508024B10014B1860704700BFB030002070B50E46D2
S31508024B20094904460846154605F082FB0023074A4A
S31508024B3030211360064A05201660064A1560224689
S31508024B40BDE87040E9F7D8BC3C2E0408C030002006
S31508024B50B8300020B430002070B504461646184610
S31508024B600022002386B0CDE904230B4B0D461B68B1
S31508024B7013B9212006B070BD04A998470028F8D1B8
S31508024B80DDE904230290CDE9002329463246204670
S31508024B9013F06AF8EEE700BFB4300020F8B5054610
S31508024BA010200F461646E9F77FFD044601461022F5
S31508024BB0074805F042FB44B101230020E3602B6855
S31508024BC0C4E9017623602C60F8BD1A20FCE700BF11
S31508024BD03C2E040800200021014BC3E9000170475E
S31508024BE0C00D00202DE9F04706460D464FF0000994
S31508024BF050EA010318BF2B4BDFF8B48018BFC3E98C
S31508024C000001294F30462946FFF732FEC0B9B9F1ED
S31508024C10000F45D014F0A6FF002104460020FFF736
S31508024C2063FEB1F1FF3F08BFB0F1FF3F03D01F4B50
S31508024C301B6803B198472046BDE8F04714F08DBFBC
S31508024C4014F090FFD8F8004014B16368C8F8003031
S31508024C5014F083FF3C60002CD4D0A36833F00043E1
S31508024C6007D1386812F0C6FF00234FF001093B60EE
S31508024C70C8E72368002BF4D018680028F1D0A26888
S31508024C8032F00043EDD0D0E9009A236A21688068A1
S31508024C90D0470028E5D1B9F1000FE2D04846EEE741
S31508024CA0BDE8F087C00D0020BC300020B0300020DF
S31508024CB0C0300020F8B504460D4614F053FF094BE0
S31508024CC01B684BB1D3E90667C4E90067DB682B604A
S31508024CD0BDE8F84014F041BF00260027C4E9006782
S31508024CE0F5E700BFBC30002010B5064C237823B97F
S31508024CF0DCF722FD18B901232370002010BD40F20B
S31508024D000740FBE71434002038B50A4B05461B78E2
S31508024D100C463BB908490948FFF7E6FF10B140F2CD
S31508024D20074038BD2946204602F059FC0028F8D02B
S31508024D30F5E700BF14340020EFBEADDEBEBAFECAE8
S31508024D402DE9F0431D4600239DB00F46DDE925896E
S31508024D500146164606A8202201930DF009FF06A968
S31508024D6020222E4802AB12F0F9FF0446202106A89B
S31508024D700DF008FF002C39D101A902A8F1F72CFC85
S31508024D80044698BB264B10220E93652339460DF12D
S31508024D903D008DF83C300DF0EBFE102231460DF148
S31508024DA04D000DF0E5FE2A4601250DF15E010DF1D5
S31508024DB05D0012F0C4FF249A0DF1650119A812F0DC
S31508024DC0BEFF4B46352201980EA98DF86C408DF828
S31508024DD06B50F1F74BFC044640B94346352201981D
S31508024DE00EA98DF83850F1F741FC0446102102A8A5
S31508024DF00DF0C8FE3CB1102148460DF0C3FE102145
S31508024E0040460DF0BFFE01980DF003FE0EA83521AF
S31508024E100DF0B8FE20461DB0BDE8F083512E0408F9
S31508024E200062746C73B5144D144C2B68206803F039
S31508024E30100200F0020010431CD01B074CBF0126CB
S31508024E40A67AF3F7F7F901968379C3F3C00383F0D9
S31508024E500103DBB20093E388A288217A607A00F024
S31508024E6071F938B9236823F0020323602B6823F00B
S31508024E7010032B6002B070BD342C0020C430002011
S31508024E8010B501210024094B0948A3F10802C3E918
S31508024E90004443F8081C4FF01013517253600EF089
S31508024EA023FB04480EF020FB204610BDCC30002020
S31508024EB015340020382C0020032910B510D9032AEE
S31508024EC00ED991420CD301280AD8064C207200202A
S31508024ED0A3722368A18043F00203E280236010BD17
S31508024EE02120FCE7C4300020014B187B704700BF25
S31508024EF0C4300020074BDA7A4AB95A7A82421FBF6F
S31508024F001A68587242F002021A60FFF78BBF002035
S31508024F10704700BFC4300020024BD87A003818BF49
S31508024F2001207047C4300020024BD87A003818BFD7
S31508024F3001207047C430002010B5064C23681B07B1
S31508024F4007D5F3F777F9F7F7F5F8236823F0080397
S31508024F50236010BDC43000202DE9F041354F3B686F
S31508024F60580707D50021084600F012F93B6823F0D6
S31508024F7004033B60F2F7F4F9064658B12E4DAB7AB4
S31508024F8013F0180F3CD1281DF2F7BEFA0446A0BB4F
S31508024F90043500E0294DDFF8A88029464046F3F794
S31508024FA0ADF9F8B976BB98F8066006F01806003E21
S31508024FB018BF0126AB792846190725D5F4F756FAFC
S31508024FC00446D0B92B68C8F80030AB88A8F8043074
S31508024FD0AB79532B88F8063019D11EB13B6843F0DA
S31508024FE008033B60FFF71EFF044630B9FB7ADBB1C4
S31508024FF03B685A070FD5FFF79FFF2046BDE8F081A9
S315080250000026C5E70126D5E7F4F714FAD8E73B6880
S3150802501023F00803E5E70121084600F0B9F838B994
S315080250203B6843F004033B603B685B07E5D5E2E770
S315080250300446E2E7C4300020342C00203F2C00202E
S3150802504015340020F8B5164C257B637BE67A9D421B
S31508025050B8BF1D462368EFB29B0701D4BE421DD0D6
S315080250601EB10023E372FFF777FFE77285B1F2F705
S3150802507077F948B116B90B480EF036FA236843F0A9
S3150802508002032360F2F7D2FABDE8F840FFF764BFDD
S31508025090F2F766F910B103480EF026FA0020F8BDB9
S315080250A0C4300020382C0020022938B504460D46A3
S315080250B001D9212038BD12F09CFF0028F9D00E4BE9
S315080250C01A7BB2B91A68D10742BF22F0010242F02E
S315080250D002021A60094A525D1A735A7AA2421FBF1D
S315080250E01A685C7242F002021A60BDE83840FFF79D
S315080250F0A9BF0220DEE700BFC4300020612E0408E3
S31508025100054A137B013B022B03D800231373FFF7CF
S3150802511099BF0020704700BFC430002010B504466E
S3150802512040B1012802D106480EF0DEF9BDE810406A
S31508025130FFF712BF02480EF0D7F9204610BD00BF8E
S31508025140382C0020F8B507460E4642F241000821DF
S3150802515015461C4610F039FA9DF818304771C37087
S315080251609DF81C3086710371A0F80750A0F8094013
S315080251700648EAF75BFC10F02BFA407920B110F0EA
S3150802518027FA407940F48050F8BD00BF35FB000885
S3150802519038B505460C4642F24200062110F015FAC9
S315080251A00023C57043718371C37103720471064883
S315080251B0EAF73CFC10F00CFA407920B110F008FA34
S315080251C0407940F4805038BD9DFB0008002170B537
S315080251D055EC104B064625F0004301601148834200
S315080251E01DD8204618431AD00F482A46284058B9CF
S315080251F000220E4B20462946E8F72CFA0A4621F0E9
S31508025200004304466FF035016FF31E521B1542F038
S315080252107F55A3F2FE3345F400150B44336045EC83
S31508025220104B70BDFFFFEF7F0000F07F0000504378
S3150802523008B52DED028BB0EE408A00F08FFAF0EE3B
S31508025240408AB0EE480A00F0C5F868B1DFED127A76
S31508025250B4EEE78AF1EE10FA0BDCDFED107AB4EE63
S31508025260E78AF1EE10FA0FD4B0EE680ABDEC028BAB
S3150802527008BDDFED0B8A01F0F1F92223B0EE680AC8
S315080252800360BDEC028B08BD01F0E8F92223DFEDCD
S31508025290058A0360E8E700BF1772B142B5F1CFC2CB
S315080252A00000807F0000000008B52DED028BB0EEED
S315080252B0408A00F045FBB4EE488AF1EE10FA0FD6A2
S315080252C0B5EEC08AF1EE10FA0ADCB5EE408AF1EEC6
S315080252D010FA08D101F0C2F922239FED090A0360E8
S315080252E0BDEC028B08BD01F0B9F921220346054837
S315080252F0BDEC028B1A60BDE8084000F08FB900BF0A
S31508025300000080FF642E040808B52DED048BB0EE6C
S31508025310608AB0EE409A00F00FFCF0EE408AB4EED6
S31508025320488AF1EE10FA0BD6B5EE409AF1EE10FA6B
S3150802533017D1B5EE408AF1EE10FA06D1F7EE008AD9
S31508025340B0EE680ABDEC048B08BDB0EE480A00F060
S3150802535041F80028F4D0B5EEC08AF1EE10FAEFD57E
S3150802536025E000F037F888B1F5EE408AF1EE10FA3A
S31508025370E6D1B0EE490A00F02DF80028E0D0B0EEEA
S31508025380480A00F027F80028DAD010E0B0EE490AF9
S3150802539000F020F80028E7D0B0EE480A00F01AF824
S315080253A00028E1D0F4EE688AF1EE10FA04D601F08C
S315080253B055F922230360C3E701F050F9212303605C
S315080253C0BEE700BF10EE103A23F0004300EE103A93
S315080253D0704700BF10EE103A23F00040B0F1FF4FBD
S315080253E02CBF00200120704710EE103AF0EE407AEA
S315080253F0B3F1FF4F4DDA7B4A934214DC23F00042A5
S31508025400B2F17E5F48D2B2F1445F50D29FED767A0E
S3150802541030EE077AB5EE407AF1EE10FA6ADDB2F1AD
S31508025420125F67D27047B3F1B44F44DBDA156F499E
S31508025430C3F31603DFED6E5A7F3A8B4251DC43F013
S315080254407E5107EE901AB7EE007AF6EE006A77EE0C
S31508025450C77A67EEA66A66EEA76A002B5AD1F5EEF8
S31508025460407AF1EE10FA40F09880002A00F0B780F0
S3150802547007EE902A9FED5F6ADFED5F6AB8EEE77A7C
S31508025480F0EE657AE7EE067AE7EE267AB0EE670A76
S31508025490704730EE000A7047BFEE007AB4EE470A4C
S315080254A0F1EE10FA40F09480012000F0E7B8534A72
S315080254B01344934227D8B7EE007A77EE876A16EE38
S315080254C0903ADA157F3A002A40F3848076EEE77A34
S315080254D037EE677AC3F316034449C7EE265A8B4258
S315080254E0ADDDC3F5000143F07C53013207EE903A75
S315080254F08B10A8E767EEE76AB6EE007AE6EE877AD9
S31508025500B0EE670A7047F6EE006A002260EE266A77
S3150802551066EE806AB0EE007A9FED392ADFED392A07
S315080255209FED393A37EE877ADFED383A9FED384AFA
S31508025530DFED384A87EE876A9FED375A26EE067AF6
S31508025540E7EE022AA2EE873AE3EE073AA3EE874A85
S31508025550E4EE074AA4EE875AF0EE664AE5EE074AF3
S3150802556026EE246A22B976EEC66A37EEE60A70474E
S3150802557007EE102ADFED1F4A9FED1F5AB8EEC77ACB
S31508025580E7EE245A75EE865A76EEE56A76EEE77AFD
S31508025590D7EE057AB0EE670A70479FED1F6AA7EE47
S315080255A0C67A67EE266A002ADFD007EE102A9FED32
S315080255B0115A9FED116AB8EEC77AE7EE055A76EEEA
S315080255C0E56A76EEE77AD7EE067AB0EE670A7047AC
S315080255D000F066B836EEC77A37EEC77A7AE79FEDF5
S315080255E0040A7047D613D43E0000004CF604350070
S315080255F000000000D1F717378071313FE0096A4190
S315080256009788173E4FD01C3E25333A3E298E633E75
S315080256102549923ECDCCCC3EABAA2A3F9FED010A44
S31508025620704700BF0000C07F10B52DED028BB0EEAB
S31508025630408A044601F012F80460B0EE480ABDEC4E
S31508025640028B10BD30B1F1EE407A222027EE800A95
S31508025650FFF7EABFF0EE407A222027EE800AFFF72C
S31508025660E3BF00BF9FED010AFFF7ECBF0000001081
S315080256709FED010AFFF7E6BF00000070F7EE007A19
S315080256800028BFEE007A9FED050A4FF0220047FE7A
S31508025690877A87EE800AFFF7C7BF00BF00000000BF
S315080256A0F0EE407A30EE407AF4EE677A87EE070A31
S315080256B0F1EE10FA02D62120FFF7B6BF704700BFF7
S315080256C053EC102BC3F30A509C46A0F2FF31132960
S315080256D010B5964613DC00292BDB1F4C0C4104EA55
S315080256E00300104310D04FF4002300200B416344FB
S315080256F023EA040C6346024643EC102B10BD3329F9
S3150802570005DDB1F5806F1AD043EC102B10BDA0F25F
S3150802571013404FF0FF34C4401442F5D0C1F13301AF
S3150802572001208840801828BF03F1010C20EA0400F2
S31508025730E0E7013103F0004C08D00020DAE7104612
S315080257401946E7F7D1FD41EC100B10BD4CF07F5C12
S3150802575000204CF4401CCDE7FFFF0F0010EE103A74
S3150802576023F00042B2F1FF4F58D84FEAD37100F046
S3150802577093806148834200F3898019B15F4B9A424C
S3150802578000F287805E4B9A424BD95E4B9A4200F2F0
S3150802579095805D4881F001035C4A00EB81005B1A43
S315080257A002EB8102D0ED004AD2ED007A70EE644A2D
S315080257B034EEE70A9FED564A9FED565ADFED565AE2
S315080257C020EE007ADFED556A9FED556AA7EE045A78
S315080257D0E5EE075AE5EE876AA6EE876AF0EE406AB4
S315080257E0E6EE476A20EE266A002B42D0B0EE007A31
S315080257F013F17D0FB7EE000A37EE667AC6EE076A30
S3150802580077EEE67A77EEE47A30EE670A4ADB10EE4E
S31508025810102A02EBC35300EE103A704730EE000A24
S315080258207047B2F1505F0AD2DFED3E7AB7EE007AE0
S3150802583070EE277AF4EEC77AF1EE10FA58DC60EECB
S31508025840007A9FED335ADFED335A9FED336AE7EE5E
S31508025850855ADFED326A9FED327AA7EEA56AE7EE40
S31508025860866AA7EEA67AF0EE406AE7EEC76A20EEE7
S31508025870266AF0EE007AB7EE007A76EEE76AC6EEA8
S31508025880267A77EEC07A37EE670A70470020FFF766
S31508025890EFBE0020FFF7E6BEDFED237A002900FE01
S315080258A0270A704710EE102A6433DFED207A02EBDE
S315080258B0C35300EE103A20EE270A70471C4BF0EE4F
S315080258C0404A9FED1C6A03EB8103DFED1B6A9FEDDD
S315080258D01B7AD3ED007AE0EE067AFDEEE77A17EE4A
S315080258E0903AF8EEE77AE7EEE64A67EE877A5FE7F6
S315080258F030EE070A704700BF1772B142B5F1CF42C0
S315080259001872B13E9115853F702E0408682E040858
S315080259104CBB31330EEADDB555B38A38610B36BB5B
S31508025920ABAA2A3ECAF24971000000000000800DA7
S31508025930782E04083BAAB83F8071313FD1F7173752
S3150802594010EE102A32F0004330D0002A134634DB18
S31508025950B2F1FF4F41DAB2F5000F00B534DB4FF072
S31508025960000EC3F316016348DB15F7EE007A084406
S3150802597001F10F0C7F3B00F40002734482F07E5261
S3150802598003EBD0535C480A430CEA000000EE102AE7
S3150802599030EE670A20BBB5EE400AF1EE10FA61D185
S315080259A0002B40F08F809FED550A59E09FED547AFF
S315080259B0DFED527A87EE270A704770EE407A9FED3E
S315080259C04F7A87EE870A7047DFED4E7A6FF0180E28
S315080259D060EE277A17EE903AC3E730EE000A704770
S315080259E0B0EE007A06EE103ADFED472AB8EEC63A6E
S315080259F0DFED464A30EE077ADFED455ADFED453AE6
S31508025A009FED455A80EE074ADFED447ADFED446A98
S31508025A104448454A0844521A0243002A24EE046AB4
S31508025A2026EE067AE7EE224AA7EE235AE4EE875ACC
S31508025A30E5EE076AE5EE877A67EE867AE6EE877A14
S31508025A402BDDB6EE007A20EE077A27EE007A77EE9D
S31508025A50877A67EE847A43BB37EE677A30EE470A6F
S31508025A605DF804FBF6EE007ADFED306A20EE007A86
S31508025A70E0EE667A27EE277A002BEFD007EE903A09
S31508025A809FED2B6ADFED2B6AF8EEE77AA7EEC67A68
S31508025A9037EE400A97EEA60AE2E770EE677A67EEF5
S31508025AA0847AE3B930EE670ADAE79FED216ADFED19
S31508025AB0216AE3EE067A37EE677A37EE400A93EE04
S31508025AC0260ACDE707EE903A9FED190A9FED197A55
S31508025AD0F8EEE77A27EE800AA7EE870AC0E7DFED37
S31508025AE0146A9FED147AE3EE667A37EEC00A93EEED
S31508025AF0070AB5E720FB4A00F0FF7F000000000016
S31508025B00000000CC0000004C9788173E25333A3E29
S31508025B102549923E4FD01C3E298E633EABAA2A3FA8
S31508025B20CDCCCC3E305CCFFF88C23500ABAAAA3EAC
S31508025B30D1F717378071313F2DE9F0432DED028BEE
S31508025B4083B0CDED010A8DED000ADDE9004535F099
S31508025B50004611D184F48004640014F5000F40F263
S31508025B60FF80DDED007A9DED017A37EE870A03B0F4
S31508025B70BDEC028BBDE8F08324F00047B7F1FF4F76
S31508025B8000F2E380B6F1FF4F00F2DF80002CB84640
S31508025B90C0F2ED80B6F1FF4F00F0FE80B6F17E5FEF
S31508025BA000F00381B5F1804F00F01881B5F17C5FF2
S31508025BB000F042829DED000AFFF704FC24F0404300
S31508025BC0B3F17E5F00F03981B7FA87F35B09002FDC
S31508025BD000F03381002CC0F21A8199464FF0FF3348
S31508025BE0B6F19A4F40F25C819D4B9F4240F28B82FE
S31508025BF09C4B9F4200F29482B7EE008A9FED9A7AF6
S31508025C00F5EE004ADFED997AF6EE006A9FED985AAC
S31508025C1030EE480ADFED975AA0EE647AB0EE476A8C
S31508025C2020EE007AE6EE406A27EE267A67EEC77A13
S31508025C30E0EE057AB0EE676AA0EE256A16EE103A2D
S31508025C406FF30B0306EE103AB0EE467AA0EE657ACB
S31508025C5077EEC77A6FF30B059DED017A06EE905A39
S31508025C6067EE277A37EE667A66EE866AE7EE067A90
S31508025C7037EEA67A17EE103A002B23F0004240F3CD
S31508025C800882B2F1864F00F2988200F05C82B2F185
S31508025C907C5F00F27482002210466FF30E039FEDBA
S31508025CA0767A9FED766AF0EE002A05EE903A9FED37
S31508025CB0743A9FED742AB7EE000A75EEE66ADFEDCE
S31508025CC0723A25EE877A9FED714ADFED714A77EED1
S31508025CD0E67A9FED705AA7EE867AF0EE476AE5EE07
S31508025CE0836A26EEA66AF0EE667AE6EE023AE5EEF2
S31508025CF0C37AF0EE445AE3EE865A77EE677AB0EE46
S31508025D00647AE6EEA77AA5EE867AF0EE455AE7EECB
S31508025D10065AB0EE667AA5EEC67A66EE875A37EE68
S31508025D20626A85EE867A77EE677A77EEE67A30EEFB
S31508025D30670A10EE103A1344B3F5000FC0F2ED816C
S31508025D4000EE103A20EE080A11E7B4F17E5F7FF4FE
S31508025D5008AF85F480056D0015F5000F3FF601AF13
S31508025D60B7EE000A03B0BDEC028BBDE8F083B6F1CC
S31508025D70974F1FD3B6F1FF4F0ED0FFF723FB24F040
S31508025D804043B3F17E5F50D0B7FA87F35B09002F21
S31508025D904BD04FF0020923E7B7F17E5FE0D022D954
S31508025DA0002D23DB9DED010AE1E6002D36DB9DED94
S31508025DB0000ADCE6B6F17E5F1BD3F315C3F1960340
S31508025DC046FA03F202FA03F3B34200F03C81B6F153
S31508025DD07E5FEAD0B5F1804F7FF4ECAEDDED007A56
S31508025DE027EEA70AC3E6002DC0F221819FED2A0AF3
S31508025DF0BDE6B5F1804FF1D024F04044FFF7E2FA50
S31508025E00B4F17E5F00F07781002F00F07481DDED3A
S31508025E10007A77EEE77A87EEA70AA8E6F7EE007A1F
S31508025E209DED007A87EE870AA1E6002DBFF69FAEA2
S31508025E30F7EE007A87EE800A99E6002D03DAF7EE86
S31508025E40007A87EE800A002CBFF691AEB7F17E5F24
S31508025E507FF48DAE70EE407A87EEA70A87E600BF1A
S31508025E60F3FF7F3F0700803FABAAAA3E3BAAB83F93
S31508025E7070A5EC3600AAB83F8CBEBF351872313F02
S31508025E800072313F4CBB31330EEADDB555B38A3861
S31508025E90610B36BBABAA2A3E000000000000804B0D
S31508025EA014F0FF4F40F025815FED047A6FF0170179
S31508025EB060EE277A17EE908A4FEAE852C748C8F387
S31508025EC016087F3A80450A4448F07E5140F3098114
S31508025ED0C348804540F32E819FEDC25AB7EE000AA9
S31508025EE00132A1F50001F0EE453A002004EE901ABF
S31508025EF007EE902AF7EE000A9FEDBB2AB8EEE77A7C
S31508025F00DFEDBA2A74EE807A9FEDB94A74EEC06A5A
S31508025F10DFEDB85A09F1FF399FEDB76A80EEA78A15
S31508025F209FEDB61A59EA0309B54B03EA610343F032
S31508025F300053B0EE083A03F58003034466EE881A66
S31508025F4061EEA17A11EE902A6FF30B02E7EE822A2E
S31508025F509FEDAC2AA2EEA74ADFEDAB2AE4EE275A5A
S31508025F6004EE102AA5EEA76A67EEA75AA6EE271A26
S31508025F7007EE903AE4EE676AB0EE666A77EEC06AB2
S31508025F8071EE847A74EEE64AF0EE466AB0EE436A39
S31508025F90E4EE646ADFED9D4AA4EE046A66EE886A58
S31508025FA0BFEE008A67EEA67A08FE208AE5EE817AB7
S31508025FB036EE276A16EE103A6FF30B0306EE103A20
S31508025FC076EE435AE4EE445A77EEE57A67EEA17A1C
S31508025FD0E6EE867AF0EE676AE4EE066A16EE903A1E
S31508025FE06FF30B0306EE903AF0EE665AE4EE465A63
S31508025FF077EEE57A67EE827AE6EEA27A77EEA37A0A
S31508026000B0EE676AA6EEA46A36EE056A36EE076A47
S3150802601016EE103A6FF30B0306EE103A36EE477A8F
S3150802602037EE457AA6EEE47A77EEC77A12E6DDED22
S31508026030017AB1EE670A9AE503B0BDEC028BBDE8B8
S31508026040F04300F05DB9B3F17E5F3FF4AEAEB5F151
S31508026050804F3FF4C3AE02F00103C3F10209FFF712
S31508026060B1F924F04043B3F17E5F05D0B7FA87F35E
S315080260705B09002F7FF414AF002D03DAF7EE007ADE
S3150802608087EE800AB9F1010F7FF471ADB1EE400ACD
S315080260906DE55F498A4200F298807FF4F8AD37EEE3
S315080260A0667AB4EEE77AF1EE10FA80F28E8003F59C
S315080260B00043584AC3F3C751C3F316007F3940F465
S315080260C000000A41C1F117011340084107EE103AD0
S315080260D0404276EEC76AC20537EEA67A17EE103A3E
S315080260E0DBE59FED405AB7EE000A0020F0EE453A8E
S315080260F0FCE60021E0E6002DBFF6A8AEF7EE007A30
S3150802610087EE800AA2E6002D0CDB002003B0BDEC68
S31508026110028BBDE8F043FFF7A5BA00F083F811E653
S31508026120002DF2DD002003B0BDEC028BBDE8F04382
S31508026130FFF79EBAB7EE080A9FED375ADFED373AF0
S315080261404FF40010D2E69FED366A37EE667A37EEDE
S31508026150866AB4EEC76AF1EE10FA2EDC03F500433E
S315080261602C4AD915C3F316007F3940F400000A41B8
S31508026170C1F117011340084107EE103AA9E7D215F3
S315080261804FF400042349002BA2F17E0244FA02F4DA
S315080261901C44C4F3C755C4F31600A5F17F0540F4A1
S315080261A0000041FA05F2C5F1170502EA040240FAAF
S315080261B005F007EE102A8CDA8AE7B5EEC08AF1EE08
S315080261C010FA4CBF01200020ADE7B5EEC08AF1EE09
S315080261D010FA4CBF0120002098E700BF71C41C00CA
S315080261E0D6B35D000000000042F1533E55326C3EC4
S315080261F005A38B3EABAAAA3EB76DDB3E9A99193F19
S3150802620000F0FFDF4F38763FC623F6B80040763FE8
S3150802621000001643000080FF00C0153FDCCFD135D1
S315080262203CAA383310EE103A33F000411A4625D00C
S31508026230B1F1FF4F1FD213F0FF4F20D1DFED297ABC
S31508026240294A60EE277A904217EE903A30DB4CF2F2
S31508026250503CC3F3C7511A466045A1F1190113DD33
S31508026260002BDFED227A9FED210AB8BFDFED207AF7
S3150802627027EE800A704730EE000A704770474CF2E4
S31508026280503CC90D6045EBDC0144FE29E8DC0029D7
S3150802629015DC11F1160F19DB193122F0FF429FEDB9
S315080262A0150A42EAC15207EE902A27EE800A70477B
S315080262B0DFED117A07EE103A27EE270A704722F029
S315080262C0FF4242EAC15300EE103A7047002BDFED57
S315080262D00A7A9FED090AB8BFDFED087A27EE800A27
S315080262E0704700BF0000004CB03CFFFFCAF249717C
S315080262F0CAF249F1000000336042A20D6042A28D43
S31508026300B1EEC00A704700BF1FB514461A46094BBC
S3150802631005461B68D8684CB1074B00910749CDE979
S3150802632001342B4600F0D4F811F0EBFF044B1C465F
S31508026330F3E700BF98390020A8C20308B5C20308CC
S3150802634065C2030808B5064B044613B10021AFF32C
S315080263500080044B1B6803B19847204603F025FDCD
S31508026360000000000C32002010B50446044813460B
S3150802637020B10A4602202146AFF3008010BD00BFB5
S3150802638000000000002310B5044683608181194687
S315080263904366C28108228361C0E90033C0E9043337
S315080263A05C3011F07AFF0D4B246263620C4BA362D8
S315080263B00C4BE3620C4B23630C4B9C4206D003F155
S315080263C06802944202D0D0339C4205D104F15800A7
S315080263D0BDE8104011F07BBF10BD00BF4581030820
S315080263E0678103089F810308C5810308D43000200A
S315080263F0024A0349034811F032BE00BF8C39002015
S31508026400478403089C39002041680C4B994210B511
S31508026410044601D012F017F8A168094B994202D036
S31508026420204612F010F8E168064B994204D020463D
S31508026430BDE8104012F007B810BD00BFD4300020E6
S315080264403C310020A43100200C4B04210C4A0D4893
S3150802645010B51A600022FFF795FF0A4B012209219F
S315080264601C4603F16800FFF78DFF022204F1D000F3
S315080264701221BDE81040FFF785BF00BF0C3200208D
S31508026480F1630208D4300020014811F021BF00BF91
S315080264901C340020014811F01CBF00BF1C34002028
S315080264A010B50446FFF7F0FF236A1BB1BDE810409A
S315080264B0FFF7F0BF044B2362044B1B68002BF5D190
S315080264C0FFF7C2FFF2E700BF096402080C32002098
S315080264D00EB403B503AB0146054853F8042B00680E
S315080264E0019300F0E5F802B05DF804EB03B07047DB
S315080264F0983900200FB407B5064904AB086853F863
S31508026500042B8168019300F0D3F803B05DF804EB1D
S3150802651004B0704798390020024B0146186811F0FA
S31508026520BCBD00BF9839002038B5284B05460C4635
S31508026530186818B1036A0BB9FFF7B2FFB4F90C3041
S315080265401A0721D4D80607D409222A6043F0400341
S315080265504FF0FF30A38130E0590712D5616B41B184
S3150802656004F14403994202D0284603F0D1FF0023DE
S3150802657063630022B4F90C30626023F024032269B3
S31508026580226043F00803A38122693AB99A0501D524
S31508026590180603D52146284611F0A1FFB4F90C3096
S315080265A013F001020AD00022A26062695242A26175
S315080265B0226942B913F08000C8D138BD990758BF7D
S315080265C06269A260F4E70020F7E700BF9839002065
S315080265D038B50023054D044608462B6003F0E3FB55
S315080265E0431C02D12B6803B1236038BD1032002048
S315080265F038B50446064D0846114600222A601A4650
S3150802660003F0E0FB431C02D12B6803B1236038BDBB
S315080266101032002038B50446064D084611460022B7
S315080266202A601A4603F0D0FB431C02D12B6803B139
S31508026630236038BD1032002038B50446064D084698
S31508026640114600222A601A4603F0CCFB431C02D1EB
S315080266502B6803B1236038BD10320020014B18683D
S31508026660704700BF9839002070B50D4B00260D4DB6
S315080266705B1B9C10A64209D10B4D13F061FE0B4B16
S3150802668000265B1B9C10A64205D170BD55F8043B3B
S3150802669001369847EEE755F8043B01369847F2E784
S315080266A0AC3A0020AC3A0020AC3A0020B43A0020BA
S315080266B02DE9F04F0D469DB014469846064618B188
S315080266C0036A0BB9FFF7ECFE6B6ED90705D4AB89E3
S315080266D09A0502D4A86D11F0FBFDAB891B0701D5FB
S315080266E02B699BB929463046FFF71EFF70B16B6EC0
S315080266F0DC0704D54FF0FF301DB0BDE8F08FAB893B
S315080267009805F7D4A86D11F0E4FDF3E70023CDF858
S315080267100C804FF00109DFF8B481099320238DF824
S31508026720293030238DF82A3023469A4613F8012B4E
S315080267300AB1252AF9D1BAEB040B0BD05B462246DD
S315080267402946304611F0FBFD013000F0A780099A70
S315080267505A4409929AF80030002B00F09F800023D1
S315080267604FF0FF320AF1010A049307938DF853306A
S315080267701A93CDE9052354460522544814F8011BF9
S3150802678011F010FF049AD8B9D10644BF20238DF818
S315080267905330130744BF2B238DF853309AF8003031
S315080267A02A2B15D0079A544600204FF00A0C214688
S315080267B011F8013B303B092B4BD9B0B1079214E0D3
S315080267C0A0EB0803A24609FA03F313430493D2E79C
S315080267D0039B191D1B68002B0391BBBF5B4242F04A
S315080267E0020207930793B8BF049223782E2B0AD185
S315080267F063782A2B32D1039B02341A1D1B6843EA9B
S31508026800E37303920593DFF8D4A003222178504656
S3150802681011F0C8FE38B1A0EB0A004022049B0134ED
S3150802682082401343049314F8011B062228488DF864
S31508026830281011F0B7FE00283FD0264B1BBB039B3E
S31508026840073323F0070308330393099B3B44099351
S315080268506AE70CFB02320C460120A8E70023013442
S315080268604FF00A0C19460593204610F8012B303AC8
S31508026870092A03D9002BC6D00591C4E70CFB0121CE
S3150802688004460123F0E703AB2A4604A930460093DF
S31508026890114BAFF300800746781CD6D16B6ED90729
S315080268A005D4AB899A0502D4A86D11F012FDAB89FD
S315080268B05B063FF51FAF09981EE703AB2A4604A9F4
S315080268C030460093044B00F00BF8E4E7E4C20308F1
S315080268D0EEC20308000000003F830308EAC2030869
S315080268E02DE9FF470F7E914680460C46782F9A4639
S315080268F00C9E01F1430207D8622F0AD8002F00F036
S31508026900D280582F00F0B78004F1420684F842700C
S315080269103AE0A7F16303152BF6D801A151F823F043
S31508026920796902088D690208096902080969020873
S3150802693009690208096902088D69020809690208D3
S315080269400969020809690208096902088D6A0208C2
S31508026950B7690208436A020809690208096902084E
S31508026960AF6A020809690208B769020809690208D2
S31508026970096902084B6A020833681A1D1B683260E5
S3150802698004F1420684F8423001239DE03368206808
S31508026990191D3160060601D51D6803E04506FBD5BB
S315080269A0B3F90050002D03DA2D236D4284F84330E3
S315080269B059480A2310E021683368080653F8045B2D
S315080269C002D4490648BFADB26F2F5348336059D136
S315080269D00823002184F843106668002EA66005DBAA
S315080269E021682E4321F0040121604DD01646B5FBDD
S315080269F0F3F103FB1157C75D06F8017D2F460D46D5
S31508026A00BB42F4D9082B0BD12368DF0708D52369C3
S31508026A1061689942DEBF302306F8013C06F1FF366B
S31508026A20921B22614B4603AA21464046CDF800A096
S31508026A3011F097FC01304CD14FF0FF3004B0BDE89D
S31508026A40F087236843F020032360782733482368B6
S31508026A5084F845701F06316851F8045B02D45F0654
S31508026A6048BFADB23160D90744BF43F02003236063
S31508026A701DB11023ADE72848E9E7236823F0200370
S31508026A802360F6E70A23A4E71646BBE733682568B8
S31508026A90181D616930602E061B6801D5196002E06F
S31508026AA06806FBD51980002316462361BAE73368C0
S31508026AB000211A1D32601E686268304611F072FDA6
S31508026AC008B1801B606063682361002384F8433041
S31508026AD0A8E72369324649464046D0470130ABD03B
S31508026AE023689B0713D4E068039B9842B8BF1846ED
S31508026AF0A4E70123324649464046D04701309BD097
S31508026B000135E36803995B1AAB42F2DCEBE7002531
S31508026B1004F11906F5E700BFF5C2030806C3030820
S31508026B20B1F90C202DE9F041160705460C4651D459
S31508026B304B68002B02DC0B6C002B49DDE66A002E43
S31508026B4046D0002312F480522F682B6031D0626D32
S31508026B50A389590705D56368D21A636B0BB1236CEF
S31508026B60D21A0023E66A216A2846B047421CB4F9BB
S31508026B700C3006D129681D2945D8284ACA40D607A5
S31508026B8041D50022D90462602269226004D5421CDA
S31508026B9001D12B6803B96065616B2F60C1B104F13D
S31508026BA04403994202D0284603F0B2FC00236363E9
S31508026BB00EE00123216A2846B0470246501CC7D177
S31508026BC02B68002BC4D01D2B01D0162B19D12F6090
S31508026BD000201DE00F69002FFAD093070E680F6098
S31508026BE00CBF4B690023A6EB07088B60B8F1000FB0
S31508026BF0EEDD43463A46216A2846A66AB047002889
S31508026C0008DCB4F90C3043F040034FF0FF30A3819F
S31508026C10BDE8F0810744A8EB0008E7E70100402039
S31508026C20024B0146186811F093BC00BF9839002040
S31508026C3038B50023064D0446084611462B6003F074
S31508026C40B5F8431C02D12B6803B1236038BD00BFD7
S31508026C501032002038B50023054D044608462B603D
S31508026C6003F0ABF8431C02D12B6803B1236038BD8D
S31508026C701032002038B50023064D04460846114650
S31508026C802B6003F09CF8431C02D12B6803B12360E6
S31508026C9038BD00BF10320020704708B5E7F72CFE52
S31508026CA0BDE80840E7F76EBEF6F702BBF6F7B0B9DD
S31508026CB0002303600E20704770470F207047022397
S31508026CC007B5ADF8043028B101A8DBF773F803B0AD
S31508026CD05DF804FB01A8DBF75DF8F8E708B502469C
S31508026CE001217520D9F702FF002008BD13B5044615
S31508026CF0012150200DF10702D9F7F8FE9DF8073059
S31508026D0003F0E003402B0CD003D86BB94FF068535D
S31508026D1003E0602B0BD14FF062530020236002B0D0
S31508026D2010BD4FF06453F8E74FF06653F5E70120BC
S31508026D30F5E71FB5044601A8FFF7D8FF062102AA00
S31508026D401F20D9F7D3FEBDF808309DED017ADBBACC
S31508026D5007EE903AF8EEE77A67EE877ABDF80A30D8
S31508026D60C4ED007ADBBA07EE903AF8EEE77A67EEF8
S31508026D70877ABDF80C30C4ED017ADBBA07EE903A91
S31508026D80F8EEE77A002067EE877AC4ED027A04B055
S31508026D9010BD13B504460DF1050201212D20D9F7C0
S31508026DA0A5FE0DF1060201213720D9F79FFE0DF146
S31508026DB0070201213820D9F799FE00209DF80730ED
S31508026DC09DF806201B0443EA02239DF80520134377
S31508026DD0236002B010BD07B501211120D9F7A8FE1C
S31508026DE06420E1F7CDFF01A8FFF7D3FF019BDB067D
S31508026DF007D530214C20D9F79BFE002003B05DF859
S31508026E0004FB0120FAE713B50446012138200DF1E7
S31508026E100702D9F76BFE9DF807104CB121F0040161
S31508026E2041F002013820D9F783FE002002B010BDD6
S31508026E3021F0020141F00401F4E707B5D9F7DEFDB6
S31508026E40FFF7C9FF012175200DF10702D9F74EFE9A
S31508026E509DF807304E2B36D10DF1070201214C2041
S31508026E60D9F744FE9DF807104C2041F003018DF82E
S31508026E700710D9F75DFE0DF1070201214D20D9F75A
S31508026E8035FE9DF807104D2041F001018DF80710D7
S31508026E90D9F74EFE0020FFF7B6FF1E20E1F770FF76
S31508026EA000211420D9F744FE01210DF107026420BE
S31508026EB0D9F71CFE64209DF80710D9F739FE002081
S31508026EC003B05DF804FB1020FAE713B504460DF18A
S31508026ED0070201214F20D9F709FE9DF8071004F091
S31508026EE00F0421F00F0121434F20D9F721FE00207C
S31508026EF002B010BD13B504460DF107020121502058
S31508026F00D9F7F4FD9DF8071004F00F0421F00F01DC
S31508026F1021435020D9F70CFE002002B010BD73B5EC
S31508026F20002304460D46164601214E200DF107029E
S31508026F308DF80730D9F7DAFD9DF80730BCB143F072
S31508026F4003038DF80730ADB1402143F00C0440F23B
S31508026F500E20D9F7EDFD8EB104F01F014E20D9F7A8
S31508026F60E7FDC820E1F70CFF002002B070BD03F070
S31508026F703C03E6E7294603F03304E8E744F0200138
S31508026F80ECE710B5044608B1D9F76EFF2046BDE80E
S31508026F90104013F0BBB800F4E040B0F5805F04D0AF
S31508026FA0A0F5005358425841704701207047F0B582
S31508026FB01E4620F47F0387B0B3F1106F1546DDE94C
S31508026FC00C7CDDF838E006D1D1E908234C68240A9E
S31508026FD004D0012C0BD06FF0850006E0CDE903CE74
S31508026FE0CDE90167009502F09CFE07B0F0BDCDE938
S31508026FF003CECDE90167009502F0FFFDF5E73AB148
S31508027000002918BF00232121D21A184411F045B9C4
S31508027010704741F2052398421AD8B0F5905F09D213
S3150802702041F2010398420CD0B0F5885F09D06FF09F
S31508027030850070472923A0F5905080B2C340DB072C
S31508027040F5D511F0070F14BF6FF0860000207047C0
S31508027050B0F5105FEBD121F04003802B06D0B1F5D5
S31508027060807F14BF6FF086000020704700207047AB
S3150802707070B5046A05460E463CB9012003F03BFA90
S31508027080286228B120466E6270BD6FF08A00FBE75F
S315080270906FF08C00F8E7F8B50F4611460646154616
S315080270A0FFF7E6FF044620B92A463946306A11F048
S315080270B01BF92046F8BD2DE9F041089E88461F4671
S315080270C00488FAB12046FFF766FFD8B1316809B9D4
S315080270D0D10031602046FFF79CFF044678B9CD1DE2
S315080270E0B2EBD50F11D1069B9A4211D841463846C2
S315080270F011F0FAF83368079A0733DB08136020465B
S31508027100BDE8F0816FF08504F9E76FF08604F6E7CB
S315080271106FF08904F3E710B50446006A10B1616A94
S31508027120FFF72FFF0020C4E9080010BD38B5044652
S31508027130FFF7F1FF237E012B0FD0023B012B0FD85D
S31508027140E369012B14BF6FF096050025282200215A
S31508027150204611F0A2F8284638BDE369002BF1E76C
S315080271606FF09605F2E713B50446C0B101A9DAF73E
S31508027170B9FB044698B9019B1A7E022A12D1032248
S315080271801A761A79FF2A10D01AB1586900F05AFCF1
S315080271900446019800F02BFC002818BF0446204636
S315080271A002B010BD6FF09604F3E76FF08404F0E7BF
S315080271B073B5054608460C4600F00DFB0023284623
S315080271C01A4601A9D9F7E6FF50B9019E35460FCDF1
S315080271D00FC495E8030084E80300304600F01CFC5F
S315080271E002B070BD70B5144602881D461046049E4C
S315080271F0FFF7D1FE68B944F2010322F440509842DF
S3150802720007D002F44F42B2F5824F02D0B2F5844F4C
S315080272100ED1B4420FD82246284611F065F800214D
S31508027220321B281911F039F80020059B1C6070BD25
S315080272306FF08500FBE76FF08900F8E7F0B50F46B7
S315080272401E46154685B03AB300230122336003A9C8
S31508027250D9F7A0FF044678B903984368D0E908121B
S315080272601B0A0CD0012B11D06FF08604039800F08C
S31508027270D3FB002C08BF0446204605B0F0BD3B46AA
S31508027280CDE90056FFF7AEFF0446EFE73B46CDE9E8
S31508027290005602F096FBF7E76FF08904ECE770B543
S315080272A014460288049D02F4E040B0F5804F1CD1D2
S315080272B044F2010022F44056864207D002F44F42B5
S315080272C0B2F5824F02D0B2F5844F0ED1AC420FD836
S315080272D01846224611F008F800212A1B204410F00D
S315080272E0DCFF0020059B1C6070BD6FF08500FBE784
S315080272F06FF08900F8E7F0B50F461E46154685B0C9
S31508027300FAB1002303A91A463360D9F743FF0446A4
S3150802731088B9039803885B0410D5CDE900563B4625
S31508027320D0E9081200F01AFB0446039800F074FB31
S31508027330002C08BF0446204605B0F0BD6FF086044F
S31508027340F3E76FF08904F6E72DE9F3410C4619468F
S31508027350002366680B6030461746D4F8148000F09E
S315080273605DFB054688B9304600F05AFB054660B90A
S31508027370F6B276B9B8F1000F05D1A06820F47F40BD
S3150802738020F0030060B16FF08605284602B0BDE81A
S31508027390F0810146606900F019FB0028EDD1F2E799
S315080273A04FF6F87362889A4219D894F80480B8F1AD
S315080273B0000F00D101A83946DAF754FA0546002823
S315080273C0E3D10FCC3F683E460FC694E8030086E831
S315080273D00300B8F1000FD8D1019B7B61D5E76FF0A6
S315080273E08505D2E738B50379044615464BB963696C
S315080273F000202B60237E012B0AD028606FF09600AE
S3150802740005E0D0E9081200F038FB0028EFD038BDB5
S3150802741002232376FBE708B1FFF788BE704710B54B
S315080274200446006858B104280AD005280DD06FF022
S31508027430860000232360A3886FF30803A38010BD88
S3150802744004F1080002F060FCF3E704F1080002F018
S31508027450C7FBEEE70123DAF717B838B505462B68F6
S31508027460D3B112B90024204638BD042B07D0052B08
S315080274700DD06FF086042846FFF7D1FFF3E705F132
S315080274800800DFF735FF04460028EBD0F3E705F1DD
S31508027490080002F080FBF6E76FF08804E3E72DE9BF
S315080274A0F041054600680F461646984668B36A795B
S315080274B0D2072AD52A7942B3B24229D8042808D053
S315080274C005281DD06FF086040023C8F800602B71CA
S315080274D006E005F10800DFF741FF04460028F3D16C
S315080274E037B1324621463846D8F80030FFF787FDCD
S315080274F02846FFF794FF002C18BF2046BDE8F08106
S3150802750005F1080002F05AFBE7E76FF08804DBE7AB
S315080275106FF08904D8E71FB501240394089C0294E6
S31508027520079C0194069C0094D9F79EFE04B010BDF0
S3150802753003681943B1FA81F0400970472DE9F0470B
S3150802754005469A46002386B0059305F0FE43B3F135
S31508027550106F0846DDE90E679146DDF8408036D1A0
S315080275602B464FF4804205A9D9F714FE044680BB80
S3150802757005990B8823F0FF03B3F5E24F02D0B3F562
S31508027580E44F04D14B880733B7EBD30F24D35346C2
S315080275904A462846CDE901780096FFF708FD0446D3
S315080275A066B90023C8F80030059800F035FA002CB1
S315080275B008BF0446204606B0BDE8F0870028F3D087
S315080275C039463046D9F766FDC8F80070ECE76FF021
S315080275D08604002EE5D0F3E76FF08904F9E7D9F7B8
S315080275E059BD08B50088DDE90221FFF7D4FC20B1B0
S315080275F0BDE808401046D9F74DBD6FF0850008BDB5
S315080276002DE9F04F1E46002389B01746129ACDE996
S3150802761005331360438881460D46002B00F0D88057
S31508027620038803F4E043B3F5804F00F0D180314676
S315080276302846FFF77DFF002800F0CA804946012048
S3150802764006AB05AAFFF780FE0446002840F08B80A9
S31508027650059B5B6AA3B1DDF81490CA46D9F80430D3
S31508027660D9F820B01B0A5AF8248F00F08180012B22
S3150802767000F0A7806FF086040598FFF74CFD72E0CC
S31508027680D9F804301A0A67D1B9F800A0B9F8021075
S315080276905046FFF780FC80B15046FFF7BAFC044615
S315080276A0002860D10AF4E043B3F5805F02D0B3F54F
S315080276B0005F0FD10731CA081CE00AF44F43B3F53D
S315080276C0824F04D10AF4E043B3F5E04F07D06FF0D6
S315080276D0850448E00AF44F43B3F5844FEAD047F2EB
S315080276E001039A450FD149080131C90801EBC101C5
S315080276F001F13B02079207990598FFF7B9FC044680
S315080277000028A8D02FE044F201039A4503D1C908FC
S3150802771001F11002EEE747F202039A4505D1C908BC
S3150802772001EB410101F15A02E4E744F202039A45E8
S3150802773005D1C90801EB410101F14A02DAE72AF04B
S31508027740FF00B0F5E24FB5D0B0F5824F01BFCC1DB0
S31508027750E4086400621CCDE7484607A900F03FF832
S3150802776004460028C7D0DDE90501FFF754FE24E0E8
S31508027770B9F800305B040BD433463A4629464846E4
S31508027780CDE9018ACDF800B0FFF72BFF044609E0E0
S31508027790534642465946484602F08EF910F1860F7C
S315080277A00446E9D0002C7FF467AFDDE90501129A99
S315080277B0FFF718FE04460028D5D1204609B0BDE8D1
S315080277C0F08F534642465946484602F047F8DDE7E7
S315080277D06FF08604F1E71822002110F05EBD10B59D
S315080277E044680288240A438806D0012C56D000230E
S315080277F06FF086000B6022E002F4E040B0F5805F8D
S3150802780002D0B0F5005F05D10733DB0840D16FF02F
S31508027810850014E002F44F40B0F5844F03D10733D4
S31508027820DB0853B9F3E747F20100824208D15B0845
S315080278300133DB0803EBC3033B3300200B6010BDA7
S3150802784044F20100824202D1DB081033F5E747F21F
S315080278500200824204D1DB0803EB43035A33ECE706
S3150802786044F20200824204D1DB0803EB43034A33A3
S31508027870E3E722F0FF02B2F5E24FD0D0B2F5824F2B
S31508027880C5D10733DB085B000133012BD5D1BEE72F
S3150802789022F0FF02B2F5824FF7D0CEE702F4E044B7
S315080278A0B4F5805F03F1070002D0B4F5005F08D192
S315080278B0C308002B4AD022F0FF04B4F5824F43D006
S315080278C00EE002F44F44B4F5844FF1D047F20104B6
S315080278D0A24215D15B080133DB0803EBC3033B3332
S315080278E0033310F0180F23F0030301D1072805D13B
S315080278F022F0FF02B2F5824F08BF04332C339CE70D
S3150802790044F20104A24202D1DB081033E8E747F247
S315080279100204A24204D1DB0803EB43035A33DFE72E
S3150802792044F20204A24204D1DB0803EB43034A33BE
S31508027930D6E722F0FF03B3F5E24FB9D0B3F5824F8B
S3150802794004D1C3085B000133012B05D122F0FF04E1
S31508027950B4F5824F0B68C3D1013BC1E72DE9F34762
S3150802796045680446DDE90A672D0A884691469A461D
S3150802797006D0012D16D06FF0860002B0BDE8F0875A
S31508027980CDE9006702F0ABF810F1860FF5D1534640
S315080279904A4641462046CDE90A6702B0BDE8F047A5
S315080279A0FFF77DBCCDE90A6702B0BDE8F04701F0F2
S315080279B057BF037E022B06D1C3695A1C03D0013373
S315080279C0C361002070476FF09600704703466FF058
S315080279D040420846591E914207D338B103F1404343
S315080279E093428CBF0020012070470120704703464E
S315080279F068B1017E8A1E012A0BD80329C26903D1FE
S31508027A00012A01D1FFF792BB1AB1013ADA610020C5
S31508027A1070476FF096007047FFF7E9BF002070477E
S31508027A20C0B2FF280CBF6FF086000020704707B56A
S31508027A3000216A4601F058FD8C3018BF012003B0B8
S31508027A405DF804FB13B500216A46044601F04CFDB5
S31508027A508C3002D1002002B010BD00212046DEF78C
S31508027A6035FF014610B16FF09800F4E76A462046E2
S31508027A7001F03AFD8C30EDD0F5E72DE9FF410746D6
S31508027A801446884600293FD0002A3DD0B2F5005F49
S31508027A903DD202F124063146012002F02CFD0546AC
S31508027AA0C0B303463A4621464046D9F773FF7F6973
S31508027AB000243846FFF7BBFF01281FD021462B4674
S31508027AC0324638460094DEF73FFE0146C8B93846C4
S31508027AD002AA01F009FD044620B9029B9E4205D07E
S31508027AE06FF0980438460021DEF7F0FE3146284644
S31508027AF0FFF747FA204604B0BDE8F0816FF08A0422
S31508027B00F4E76FF09804F1E76FF08604F2E76FF096
S31508027B108D04EFE76FF08C04ECE7FFF732BA2DE934
S31508027B20F047D0F814A086B08146884617465046D4
S31508027B30002104AA01F0D8FC044610BB049E0120C9
S31508027B40314602F0D8FC0546002837D02146504671
S31508027B5004AA039401F0C8FC044670B903AB0246B2
S31508027B602146CDE9005350463346DEF75BFE039BBA
S31508027B7004469E4209D06FF0980431462846FFF71C
S31508027B8000FA204606B0BDE8F0870028F5D13B4644
S31508027B90424631462846CDF80090D9F719FF0446E1
S31508027BA00028EAD1D8F800302BB13B68002B08BF71
S31508027BB06FF09104E1E76FF09104DEE76FF08C0451
S31508027BC0DFE770B5002506462C46052C16D8DFE8F1
S31508027BD004F0031E0B0D0F115B2108200134DAF79E
S31508027BE07DF8112CF1D170BDD121F6E78021F4E799
S31508027BF00021F2E76B1C2946DDB2EEE7A4F10E037B
S31508027C00012B06D9102C06D0B31F195DE5E70C2106
S31508027C10E3E75A21E1E75D21DFE7012307B520F013
S31508027C207F4040EA8170019068460093FFF7C9FFDA
S31508027C3003B05DF804FB00230360704703680B601A
S31508027C4001607047036813B90B60016070471846F4
S31508027C50F8E70346006818B102681A600023036051
S31508027C607047036803B970478B4204D10B680360F7
S31508027C7000230B6070471846F3E7D9F70FBFFEE7F4
S31508027C8000239A4200D1704710B550F8234041F8B4
S31508027C90234001339A42F8D110BD436803B118470D
S31508027CA022207047436903B11847FF20704737B54A
S31508027CB00D680C46AB88ADF804302B78022B0CD035
S31508027CC00DF1030101A800F095F89DF8033020464E
S31508027CD083F001032B70E2F7EFF803B030BD0368B7
S31508027CE01878704713B50468A388ADF8043023786A
S31508027CF0022B15D00DF1030101A800F07BF8A27939
S31508027D009DF80330012A13D1618843EA41034FF6ED
S31508027D10E07163F03F039BB28B4203D1227063800A
S31508027D2002B010BD4FF6DF729342F8D10022F5E792
S31508027D30002AF5D183F001032370F1E703681A7864
S31508027D40022A03D100225A80D9F728BF704710B5F4
S31508027D5004682378022B07D0A379022B02D1607913
S31508027D60DAF780F80223237010BD4FF06042012330
S31508027D70D2F8001E83400B430020C2F8003E70472B
S31508027D804FF060410122D1F8003E824023EA020305
S31508027D900020C1F8003E7047F8B50E46174604465D
S31508027DA060B111F0DFFE05463A4631462046DDF758
S31508027DB0DFFD284611F0D1FE0020F8BD2220FCE79F
S31508027DC038B50D46044698B191B111F0CBFE302272
S31508027DD02378534303F1A04303F570331B6C62788F
S31508027DE0D34003F001032B7011F0B7FE002038BD13
S31508027DF02220FCE738B50D46044698B191B111F038
S31508027E00B1FE30222378534303F1A04303F57033BE
S31508027E105B6C6278D34003F001032B7011F09DFE70
S31508027E20002038BD2220FCE7D0E9000318478389E1
S31508027E300B807047F8B506698369F769013BB7FB9A
S31508027E40F3F70D4604467D438181DAF7CBF8237AA8
S31508027E50326B06EB431620463567BDE8F840DAF77B
S31508027E6077B807B503788DF8043043788DF805306E
S31508027E70837801A823B9D9F79DFF03B05DF804FBFF
S31508027E80D9F788FFF9E707B503788DF80430437800
S31508027E908DF80530837801A823B9D9F77BFF03B09B
S31508027EA05DF804FBD9F786FFF9E707B503788DF87D
S31508027EB00430437801A88DF8053010F02FFC03B082
S31508027EC05DF804FB13B5044603780DF103018DF83A
S31508027ED00430437801A88DF80530FFF771FFA378BF
S31508027EE09DF80300002B08BF80F0010002B010BD08
S31508027EF010B504460068DAF7BFF8012801D1012057
S31508027F0010BD6068DAF7B8F80128F8D0A068DAF781
S31508027F10B3F801281CBF00232376F1E710B50446FF
S31508027F200068DAF715F86068DAF712F8A068DAF77F
S31508027F300FF80123237610BD10B504460068DAF758
S31508027F4051F86068DAF74EF8A068DAF74BF80023BA
S31508027F50237610BD037E0BB9FFF7E0BFFFF7ECBF30
S31508027F60007E704770B5044616461D4600680368CB
S31508027F7098472368314660681B68984723682946EC
S31508027F80A0681B68BDE87040184770B504461646D7
S31508027F901D460068436898472368314660685B68EF
S31508027FA0984723682946A0685B68BDE87040184769
S31508027FB0416C436910B5DA1CA1F11404B2FBF4F260
S31508027FC003EBC2000330B0FBF4F0B1F5805F00F1B9
S31508027FD0010002D1012828BF0120013010BD38B5A1
S31508027FE005460C46FFF7E4FF6B6CA3F11402B3F5E2
S31508027FF0805F02FB00F005D140F6E8736969994291
S3150802800088BFCC30E31DB3FBF2F3013304EBC304A0
S31508028010204438BD38B5054644692146FFF7DFFFD7
S315080280206A6CE31D143AB3FBF2F3013304EBC3049F
S31508028030204438BDF7B507460E4600257C6CA819BC
S31508028040644280EA06031C4003D02C46204603B04D
S31508028050F0BDFB6B01225B6901A99847019B0133BD
S31508028060F4D10435EAE770B505460C46DBF744FC5D
S31508028070EB6B2046BDE87040DB68184770B50025F3
S31508028080044686B00562E369AB4202D8206A06B0A6
S3150802809070BD666C2068E36B05225B6901A906FB65
S315080280A00500984701A800F076FC00F099FC10B18B
S315080280B0236A013323620135E5E738B50446456C80
S315080280C0006804F1400305FB0101E06B00F095FC32
S315080280D005462046FFF7D2FF284638BD2DE9F04768
S315080280E000254FF0FF384FF6FF730446C1462F4668
S315080280F086B0C0E90853E369BB420DD8A5EB08056B
S31508028100012D06D94FF6FF7300256362E369AB4278
S3150802811026D806B0BDE8F0872368E26B606C56691C
S3150802812000FB0730052201A9B04701A800F033FC7D
S31508028130824601A800F006FC0646504600F050FCAE
S3150802814060B1B14588BF6762B04528BFB046B5423F
S3150802815038BF3546B146236A013323620137CAE777
S31508028160666C2068E36B052206FB05005B6901A9BC
S31508028170984701A800F0E6FB0135C7E7F0B50546C2
S31508028180002687B0EC69013CB44203D80C46204667
S3150802819007B0F0BD01B14C1E6F6C2868EB6B052267
S315080281A05B6901A907FB0400984701A800F0F3FBE5
S315080281B000F016FC0028EAD121460136E2E7F0B5BE
S315080281C004460D46466CE36B006887B005225B6978
S315080281D001A906FB0500984701A800F0DCFB00F0A0
S315080281E0FFFB20B101A800F0ADFB07B0F0BD2946A0
S315080281F02046FFF7C3FF0646676C2068E36B052235
S315080282005B6901A907FB0600984701A800F09AFBDB
S31508028210431CEAD0B54238BF0130E6E72DE9F04300
S315080282204FF6FF79D0F8248004460E46C84514BF97
S3150802823045460025002787B0E369BB4202D807B046
S31508028240BDE8F083E26B2368606CD2F814C000FBC9
S315080282500530052201A9E04701A800F09CFB022887
S3150802826006D0C8450CD1721C29462046FFF725FFC1
S31508028270E3690135B5FBF3F2013703FB1255DBE778
S3150802828029462046FFF79BFFB0F1FF3F14BF02467F
S3150802829032460132E8E70368F0B5CC1A436C064663
S315080282A0B4FBF3F4002587B0F36937685A1E954282
S315080282B0706C08D3706C336800FB043007B0BDE8F5
S315080282C0F04000F098BB0134B4FBF3F203FB12440E
S315080282D0F36B05225B6901A900FB0470984701A8A4
S315080282E000F059FB00F07CFB0028E3D10135DBE7FF
S315080282F010B423F0030422449B070A44436C18BFB4
S3150802830004325B4281EA0204234203D05DF8044B3D
S31508028310FFF7C1BF10465DF8044B70472DE9F041DF
S31508028320D0E90A369E42044686B028D11422C36989
S31508028330456802FB1355284606B0BDE8F081206859
S31508028340676C331AB3FBF7F3E26B07FB0300D2F849
S31508028350148001A90522C04701A800F01CFB0128C8
S3150802836004D0636C1D44013B3340ED1A3146204666
S31508028370FFF791FF0646A36AB342E0D1DBE7002581
S31508028380F9E708B508301346D1E90012DBF73AFADD
S31508028390012008BD13B50C460021217600936168B9
S315080283A013462246D9F7E8FF18B1E37D03B1A07E4A
S315080283B0A075A07D02B010BD73B5164600F108057A
S315080283C00C46284609680DF1070200F098F9032EB3
S315080283D006D16368834203D12846216800F076F9FC
S315080283E0012002B070BDD01E009B42424241187E57
S315080283F0824211D11A688A420ED85A688A420BD327
S315080284005A6901325A61D3E9030282423FBF986828
S3150802841040F8221001321A610120704710B5032A6A
S31508028420029C07D1A26A5340626C5242134201D19E
S3150802843000F04CF9012010BD08B5C3680020984722
S31508028440BDE80840DBF760BA012814BF0420022001
S3150802845070B5002442431C70CC7D101D02F0020246
S315080284604CB91AB1012220F003001A7000F1080370
S315080284704868184470BD1AB1012220F003001A7028
S3150802848000230C7E01F12005DAB2944201D80020BD
S31508028490F0E735F833205E1C824206D901EBC303A6
S315080284A000F10802D8691044E4E73346801AEBE77C
S315080284B073B5054690F842601C4630460DF1030333
S315080284C0FFF7C2FFEB6B012E5B690DD1324601A99C
S315080284D098479DF8033013B1BDF806300193BDF8ED
S315080284E00430236002B070BD0122214602B0BDE805
S315080284F070401847F0B5054600244868EB6B87B00C
S315080285000E4601225B69029402A90830984727465B
S3150802851095F84230012B40F0AC80632C00F2AB8018
S31508028520612C08D805AB224631462846FFF7C0FF1C
S315080285309DF814305BB3224605AB314628468DF8C2
S315080285401070FFF7B5FF95F84220059B012A7FD1E7
S315080285504FF6FF72934256D0082205A904A800F0E6
S3150802856066FA059B9DF81010C3F3072291424AD179
S31508028570DBB2029A1A44029245E0DCD005AB2246E7
S3150802858031462846FFF794FFBDF81430D2E795F82E
S315080285904230012B39D1612C2ED822463146284643
S315080285A003ABFFF785FF3146284604AB621CFFF78B
S315080285B07FFF3146284605ABA21CFFF779FF10223A
S315080285C008230DEB02010DF107008DF8073000F0C4
S315080285D02EFA102205A90DF1070000F028FA039BCE
S315080285E0DAB24AB99DF80720B2EB132F04D1DDE9B6
S315080285F0043203EB0243029395F84230012B14BF6F
S31508028600012302231C44013482E7302CF4D8224683
S315080286103146284603ABFFF74BFF3146284604ABE3
S31508028620621CFFF745FF102320220DEB03010DF113
S3150802863007008DF8073000F0FAF9039B9AB2002A70
S31508028640DAD19DF80720B2EB134FD5D1049BD2E7B6
S315080286500133D8D0102205A90DEB020000F0E7F984
S31508028660059B9DF81010C3F307429142CBD19BB2EA
S315080286707FE7312C81D9029807B0F0BD13B50024E3
S315080286800194049C0094DAF721FB02B010BD13B5DD
S3150802869001240194049C0094DAF718FB02B010BD79
S315080286A000234FF0FF3230B544689C4202D10023C2
S315080286B0037230BD016801EBC30541F833206A60D5
S315080286C00133F2E7C0E90012FFF7EABF002370B5EB
S315080286D045689D4210D0046854F8332004EBC3065B
S315080286E0B2F1FF3F09D0C2F31302914205D14FF00E
S315080286F0FF3244F83320726070BD0133E9E7002384
S31508028700F0B545689D4202D14FF0FF300EE004688D
S31508028710DE0054F83340671C09D0C4F31307B94284
S3150802872005D1240D1470036833445868F0BD01332B
S31508028730E8E7704770B59400224605460E4611F0E2
S315080287400FFE431C0AD058B92246314628460FF076
S315080287507BFD002814BF3D20002070BD6E20FCE77B
S315080287607120FAE713B5044601A8DCF77BFEBDF8CB
S31508028770063023804FF480736380DCF78FFE6060D7
S31508028780002002B010BDDCF7FBBD08B5DCF7E8FD3A
S31508028790002008BD10B5044644EA010313F003039A
S315080287A0084609D1934201D1002010BD54F823107E
S315080287B040F823100133F5E7214692000FF094FDA5
S315080287C0F2E710B5044611F0C7FD431C10D088B96C
S315080287D0DCF764FE234620F003002044984201D1C8
S315080287E0002010BD53F8042B0132F7D03E20F8E7DB
S315080287F06E20F6E77120F4E70A4601390144E0F7EC
S315080288009FB813B50023044601461B220DF1070043
S315080288108DF8073000F00BF922689DF80730B3EBA4
S31508028820D26F0CBF0120002002B010BD13B5002381
S315080288300446014620220DF107008DF8073000F0A4
S31508028840F6F80DF107001A22211D00F0F0F8626809
S315080288509DF80730B3EB926F0CBF0120002002B0DF
S3150802886010BD0068431C584258417047006810F012
S315080288707E0F0CBFC0F3C160002070470068C0F3CA
S31508028880D3107047006800F07E00B0FA80F0400905
S315080288907047036813F07E0F14BF04200820704740
S315080288A0036813F07E0F03D1406820F07C407047BE
S315080288B013F078001CBF03F07F03D81F70470068C7
S315080288C000F07F007047032809D0022803D1C1F1BE
S315080288D00201C8B2704700290CBF07200020704762
S315080288E037B5054601F10C0443696946012220465B
S315080288F09847BDF80030012201932046AB6901A9C9
S31508028900984703B030BD37B501F10C04436901221B
S3150802891069460546204698474FF6FF72009B99B26C
S3150802892091420DD16FF30F0343F4254343F0A50398
S31508028930019301222046AB6901A9984703B030BDCD
S315080289400020FBE737B5044600251B22011D0DF161
S3150802895007008DF8075000F06AF860689DF807204E
S31508028960B2EBD06F03D120F0784003B030BD0DF1E1
S3150802897007001B2204F108018DF8075000F057F88A
S31508028980A0689DF80730B3EBD06F01D1C043EAE780
S315080289904FF0FF30E9E74BF29A22036810B5B2EBC3
S315080289A0134F044613D19BB2012B13D1FFF7CAFF0B
S315080289B001300CD04FF6FF72E068B2EB104F4FEA67
S315080289C0104309D180B2C01A18BF012010BD23680E
S315080289D0013303D00420F9E70220F7E70320F5E77D
S315080289E001288CBF002001207047033801288CBF5C
S315080289F0002001207047143070472DE9F0410546E2
S31508028A009846036908460E4617469847044638B9F3
S31508028A1043463A4631462846DAF7E6FF044618B18F
S31508028A2031462846FFF75CFF2046BDE8F0811F2A3B
S31508028A300B689EBF4FF0FF3191408B43590801F0F6
S31508028A4055315B1A03F033319B0803F033330B4479
S31508028A50017803EB13130A444FF0013103F00F3385
S31508028A604B43A2EB13620270704770B50546144673
S31508028A700E4611F06EF82B685C4034405C402C6060
S31508028A80BDE8704011F060B808B50FF0DBFDBDE82F
S31508028A9008400021DBF720BB0029CCBF01210021B9
S31508028AA0DBF71ABB02214FF42070DBF751BF704780
S31508028AB07047704770477047436D0B42FCD1704749
S31508028AC008B54368DA0714D58368DB0702D5036954
S31508028AD0D90707D50A2350218363FFF7EDFF836C75
S31508028AE09A07FCD1012200F500535A6043689B0796
S31508028AF0FCD408BD38B50A46044619B9BDE838405B
S31508028B00FFF7DEBF012100F58053596002F00F0519
S31508028B1040F6FF71FFF7D0FF78218563FFF7CCFF98
S31508028B2002F00103520748BF43F00203A26C02F0A7
S31508028B3003029A42FAD138BD836C5A06FCD54164BF
S31508028B40836C1B06FCD5C06B80B2704770B50546B0
S31508028B5014460E4610F0FDFF2B685C4034405C401C
S31508028B602C60BDE8704010F0EFBF3AB122F0030264
S31508028B7002F1A04202F5603209B91060704700029C
S31508028B80FBE7036BDA0702D503695B06F9D470477C
S31508028B9010B5FFF7F6FF0122044600F500531A63E3
S31508028BA0236B9B07FCD40B794A881B0243EA824350
S31508028BB08A7A13434A7843EA8213CA7A43EAC21381
S31508028BC00A7B43EA42134A7B43EA02138A7B43EA55
S31508028BD0C203CA7B43EAC2238A7943EA0243CA79B1
S31508028BE043EA42430122636004F580531A630A7812
S31508028BF00AB90223E360002363624B79087A1B01F0
S31508028C00497A43EA80030B43A3600AB10123E3606E
S31508028C1010BD70B51446FFF7B4FF0122064600F5EB
S31508028C2000531A63336B9B07FCD4637AE2791B0100
S31508028C3043EA0253A27906EB41151343E27A43EA61
S31508028C40C2432B66237A13B3237B2A6E304642EA43
S31508028C5043422A66013B18BF0123A278DCF728FCA7
S31508028C60012306F580563363637822781B0643EAA6
S31508028C708263E27843EA0233227943EA82236279FB
S31508028C8043EA0223A27A43EA82036B6670BD2B6E1D
S31508028C902B66E5E7012200F580535A60CB439340E1
S31508028CA003F00A034361416111B900F500504260BD
S31508028CB0704783695B06FCD5C16370474368DB0767
S31508028CC002D5436D0B42F9D1704708B540F6FF71DC
S31508028CD0FFF7F4FF012300F58052536008BD43688D
S31508028CE0012B04BF00F500504360704743689B0799
S31508028CF0FCD4704708B540F6FF71FFF7DFFF012382
S31508028D0000F58052936308BD08B540F6FF71FFF778
S31508028D10D5FF022300F58052936308BD08B540F6D5
S31508028D20FF71FFF7CBFF042300F58052936308BD5A
S31508028D3008B540F6FF71FFF7C1FF082300F5805218
S31508028D40936308BD836C836C1B0600D47047C36BA0
S31508028D50F9E74FF48072836C00F580539A63836C4B
S31508028D609B01FCD47047836C5A06FCD54164836C1C
S31508028D701B06FCD5C06B80B27047B0FBF1F0013818
S31508028D80704770B5054614460E4610F0E2FE2B688B
S31508028D905C4034405C402C60BDE8704010F0D4BEA4
S31508028DA030B50022044600F0FC05A31803F00303BD
S31508028DB0581921FA00F3DB0704D50132042AF4D143
S31508028DC04FF0FF3030BD03782BB94078053818BF0D
S31508028DD04FF0FF307047012B09D14378012B19D088
S31508028DE0032B08BF042018BF4FF0FF307047022B31
S31508028DF007D1437883B1052B10D0072B08BF08206B
S31508028E00F1E7032B0CD14378022B0CD0052B08BFB4
S31508028E100A20E8E7032070470620704707207047B4
S31508028E204FF0FF307047092070470B781B068360A6
S31508028E304A788B7843EA02438361FF2383620023DD
S31508028E40836303644FF0FF3300F5005003657047F0
S31508028E502DE9F0410E4601271446054698468F40ED
S31508028E6010F080FEB300226803F1A04303F58823BD
S31508028E705A60302202FB0656637B3366E27AA37A8D
S31508028E80120542EA0342237B42EA435228F00303CD
S31508028E90F26533672279A37943EA024305F500525C
S31508028EA093616379E27942EA034205F580539A614E
S31508028EB0227A02B11F64627A02B19F6305F50055F0
S31508028EC034352F60BDE8F04110F047BE012303FA9E
S31508028ED001F1BFF35F8F00F5005300F58050596327
S31508028EE0816470473AB122F0030202F1A04202F508
S31508028EF0603209B9106070470002FBE7704700202C
S31508028F00704708B110F09DBE2120704710B508B908
S31508028F10212010BD0029FBD0036813F0704205D149
S31508028F20C3F30E030B60B3B10020F2E703F050441B
S31508028F30B4F1004F05D0B2F1304F02D0B2F1404F32
S31508028F40E6D18268D20404D5C369002BE0D01B6837
S31508028F50E8E7DBB2E6E74368002BD9D00B60E3E724
S31508028F6037B50C46054610B9212003B030BD002995
S31508028F70FAD0002301A90193FFF7C8FF0028F3D10D
S31508028F80296811F0704102D1019B2360EDE7AA68B6
S31508028F90B1F1204FC2F38033C2F34035C2F3003237
S31508028FA017D00ED8B1F1004FDED152B2002A18BF3F
S31508028FB0062203EB450308BF00221344019A5343D2
S31508028FC0E3E7B1F1304F02D0B1F1404FCCD12B4497
S31508028FD0F4E752B2002A18BF05222B44EBE72DE923
S31508028FE0F7430D4690461F460646E8B1E1B10468C6
S31508028FF0D1F800904C451BD004F03043B3F1004F32
S3150802900012D184EA0903B3F1805F3CD2002301A995
S315080290100193FFF77BFF38B9019AC2F30E02144394
S3150802902049EA02039C422ED0212003B0BDE8F08310
S3150802903014F0704427D4B4F1805F29D0002369461E
S3150802904030460093FFF762FF0028EDD1019001A98F
S315080290502846FFF75BFF0028E6D1DDE900239A429E
S31508029060E3D0E1E70023B8F1000F06D043F48053BA
S31508029070B268A9684A401A42D6D1002FDED0AB6838
S315080290809B04DBD4D0E7002FECD14FF4C043EAE7C8
S31508029090002BF4D1B8F1000FD0D04FF4C043E7E764
S315080290A0F7B50C460546002800F0BF80002900F0F7
S315080290B0BC8000230B60036803F070430B60C26830
S315080290C0032A00F2B280012A6AD812B143F0006379
S315080290D02360AA68900166D402F08072EB6813B91D
S315080290E0002A40F0A280236823F0407313432360CA
S315080290F0EA68022A08D12A69032A00F2968023F42A
S315080291007F0343EA02432360EB68032B04D12B69EE
S31508029110F62B40F28A80A370AB68190442BF236813
S3150802912043F400432360EB68032B1FBF23682A68B6
S3150802913062F30E0323602A68AB6802F07042B2F14A
S31508029140805F03F4805703F4806634D213F4F84F31
S315080291506BD10023284601A90193FFF7D7FE002801
S3150802916063D12B6813F070414ED12368019A62F3DA
S315080291700E03236097B1EA69002A56D0B1F1004F6F
S3150802918055D1117F19B116B143F400732360537F89
S3150802919023B11EB1236843F48073236003B0F0BD84
S315080291A043F0806394E702F04072B2F1407F18BF41
S315080291B04FF0007292E75A0403F400511DD40029B5
S315080291C033D0226842F4005222601B0542BF23684C
S315080291D043F4006323601FB1236843F4805323607A
S315080291E02B6803F07043B3F1404FB2D0002EB0D0D3
S315080291F0236843F480632360ABE7226842F4804223
S3150802920022600029E1D0DCE703F05043B3F1004FB6
S3150802921005D0B1F1304F02D0B1F1404F05D1019BD3
S315080292205A1E236862F30703A3E72120B6E70F2035
S31508029230B4E773B50C46054608B921201BE0002998
S31508029240FBD00123C6684B609E4218D8002301A9A9
S315080292500193FFF785FE0028EFD1019B06B11C3367
S315080292606A699A4209D32A69002AE6D0226043F03B
S3150802927000530020A36002B070BD1D20FBE7023E2A
S31508029280012EDAD80023F4E72DE9F0410D4604460B
S3150802929098B018B9212018B0BDE8F0810029F9D094
S315080292A04FF000730360002315A9436003628360CD
S315080292B02846FFF7F5FE0028EDD12046159910F04D
S315080292C0CAFCAB68DB043CD52B68002B50DA4FF09E
S315080292D00108EE696946376873682046CDF8048046
S315080292E00093029700F0E0F8B368204603A9CDF888
S315080292F010800393059700F0D7F8F368204606A96D
S31508029300CDF81C800693089700F0CEF833692046FC
S3150802931009A9CDF8288009930B9700F0C5F8736957
S3150802932020460CA9CDF834800C930E9700F0BCF8B1
S31508029330B36920460FA9CDF840800F93119700F024
S31508029340B3F8284612A9DDF703F80028A2D1204669
S3150802935000F0AAF8284615A9FFF76BFF00289AD14C
S31508029360204615A910F09DFC20460FF05DFA92E7FB
S315080293700F2090E770B50E46154604468AB010B916
S3150802938021200AB070BD0029FAD0002AF8D000239D
S31508029390012229463046FFF722FE0028F0D1F3685B
S315080293A0002BEDD1EA68013A012AE9D84FF080721A
S315080293B0636028462260A360236207A9FFF770FE4E
S315080293C00028DED12046079910F045FC304601A94F
S315080293D0FFF72FFF0028D4D1204601A900F064F830
S315080293E0284604A9DCF7B4FF0028C9D1204600F0B4
S315080293F05BF8284607A9FFF71CFF0028C1D12046BB
S3150802940007A910F04EFC20460FF00EFAB9E770B520
S315080294100D46164604468AB010B921200AB070BD18
S315080294200029FAD0002AF8D000230122314628461C
S31508029430FFF7D5FD0028F0D1F368002BEDD1EA68D5
S31508029440013A012AE9D84FF0817263602846226000
S31508029450A360236207A9FFF723FE0028DED1204670
S31508029460079910F0F8FB284601A9DCF771FF0028D6
S31508029470D3D1204600F018F8284604A9FFF7D9FEEA
S315080294800028CBD1204604A900F00EF8304607A9D9
S31508029490FFF7CFFE0028C1D1204607A910F001FC2C
S315080294A020460FF0C1F9B9E7436882B013B94160A3
S315080294B002B0704743680193019B5B68012B019BCD
S315080294C001D15960F4E75B68F5E7FFF718BD01209B
S315080294D070470020704738B505460C4619B10A464A
S315080294E000210EF0DAFE38BD70B506460D46144662
S315080294F08CB0CAB11022002108A80EF0CEFE0022B6
S3150802950007AB029305AB019306AB00933046294697
S3150802951008ABCDE90522DCF7F7FF18B9099B6360AA
S31508029520059B23600CB070BD6FF08600FAE708B59C
S31508029530FFF7E5FC002814BF6FF09200002008BD73
S31508029540FFF7F5BFF0B51C4600238BB023600F4624
S315080295501646FFF7D4FC70B9684610F072FB05464A
S3150802956048B9324639466846DCF7D6FD10B9266050
S315080295700BB0F0BD25606FF09200F9E720F0FF030B
S31508029580B3F5824F06D14138C0B2012894BF0020F4
S31508029590012070470020704710B500244368146004
S315080295A01B0A04D0012B09D06FF0850010BD008874
S315080295B0FFF7E4FF084410600020F7E72C3111603A
S315080295C0FAE738B50A460C46002105460EF065FE4E
S315080295D038BD406810B5000A029C04D0012808D09C
S315080295E06FF08B0010BD93420CD8C4E90412002018
S315080295F0F8E703F12C00904204D810311C3321619C
S315080296006361F4E76FF08C00ECE7F0B50B46C168CE
S31508029610044601298DB002D000200DB0F0BD2B2AD8
S3150802962002D86FF08900F8E713F003071A460DD03F
S3150802963001AD03F1280C2E4610685168083203C69C
S3150802964062453546F7D1106801AA306001211180BA
S31508029650002151802168516061689160A168D160DA
S31508029660002FD9D001AA0BAD144603CCAC42186020
S315080296705960224603F10803F6D120682C211860A6
S3150802968001A8FFF79EFFC7E72DE9F0470F46904668
S315080296909A46054694B090B189B182B14288D31DE3
S315080296A0072B4FEAD3095CD0038803F4E043B3F5EA
S315080296B0805F02D0B3F5005F04D1530705D06FF07F
S315080296C0860424E0B3F5804F4BD002AE2022002157
S315080296D030460EF0E2FD324649462846DDF720FBC3
S315080296E00446A0B94B464246394628460096FFF735
S315080296F070FF044658B9282201460DEB02000EF007
S31508029700CCFD0AA810F09DFA28B16FF09204204603
S3150802971014B0BDE8F08731460AA8FFF7B5FD58B17F
S31508029720482814BF6FF092046FF085040AA8FFF761
S31508029730E8FB0028EBD0E8E76B681B0A012B06D08A
S31508029740524649462846FFF727FF0446EEE74246B1
S3150802975039463046FFF759FF0028F1D06FF08904E1
S31508029760E4E76FF08504D2E72DE9F0439DB00D4694
S31508029770DDE9248916461F460446002868D00029D2
S3150802978066D0002A64D0002B62D0B8F1000F5FD0F1
S31508029790B9F1000F5CD02022002102A80EF07DFD4F
S315080297A020463246294602ABDDF728FB0446F8B9BD
S315080297B00AAD02AE0FCE0FC596E80F0085E80F0078
S315080297C00C9A7B1C22F080720E9322F4804208F1D6
S315080297D0020323F0030342F4005201A90AA80D94D6
S315080297E00F930C920194FFF7BBFB28B16FF092041A
S315080297F020461DB0BDE8F083019B01334345019322
S3150802980029D82822214612A80EF047FD12A810F0E0
S3150802981018FA0028EAD10AAA02A912A8DCF7B2FDA8
S31508029820012812D058B1482814BF6FF092046FF07D
S31508029830850412A8FFF765FB0028D9D0D6E70423CA
S315080298403B70019BC9F80030F3E76FF08B04F0E731
S315080298506FF08604CCE76FF08904C9E7FFF714BFF7
S31508029860FFF782BF2DE9F04F9FB01546DDE928AB19
S315080298700F46994606462A9A002800F09C80002B35
S3150802988000F09980BAF1000F00F09580002900F0E7
S315080298909280002D00F08F80BBF1000F00F08B80C4
S315080298A0002A00F088800023B0F80080CBF8003048
S315080298B008F44F41EB00B1F5824F13605ED15FFAAF
S315080298C088F112290DD128F0FF01B1F5824F02BFA6
S315080298D0083B5B081360B3F5047F04BF40F2092313
S315080298E0136000232A4603933946304603ABDDF755
S315080298F06BF9044600283DD1039C40460734E40828
S31508029900FFF73CFE08B1013D01370DF11008202290
S315080299100021404603940EF0C0FC214642463046DA
S31508029920DDF7FEF9044628BBC6460DF1300CBEE843
S315080299300F00ACE80F009EE80F008CE80F00EB1C46
S31508029940214623F00303282214A8CDE90F471193D1
S315080299500EF0A3FC2B46524649463046CDF8008007
S31508029960FFF737FE044628B914A810F06AF938B189
S315080299706FF0920420461FB0BDE8F08F2C46C4E76C
S3150802998042460CA914A8FFF7F5FC88B9524649467F
S315080299904046FFF73AFE88B95A4629463046FFF747
S315080299A0FBFD044614A8FFF7ACFA0028E2D0DFE76D
S315080299B06FF09204F6E76FF08604DBE76FF089042E
S315080299C0D8E72DE9F0479CB00C46DDE9249A1546FE
S315080299D01F468046002866D0002964D0002A62D035
S315080299E0002B60D0B9F1000F5DD0BAF1000F5AD042
S315080299F08368DB075AD52022002102A80EF04DFC07
S31508029A0021462A46404602ABDDF7F8F9044638BB3A
S31508029A100AAD02AE0FCE0FC596E80F0085E80F0015
S31508029A2001A90AA8B8F800500194FFF799FA014665
S31508029A302846FFF7A3FD012804BF042307F8013BC4
S31508029A404FF0000308BF09F1FF39CDE90D3709F1D7
S31508029A50030323F0030305460F9329B16FF092041B
S31508029A6020461CB0BDE8F087019B4B4521D8282229
S31508029A7012A80EF012FC12A810F0E3F80028EDD195
S31508029A800AAA02A912A8FFF7C2FC48B9019B2B44ED
S31508029A90CAF8003012A8FFF734FA0028E0D0DDE74A
S31508029AA06FF09204F6E76FF08604D9E76FF0840444
S31508029AB0D6E76FF08904D3E710B4048804F4E044C7
S31508029AC0B4F5805F06D0B4F5005F03D05DF8044BA9
S31508029AD0FFF7DABD6FF085005DF8044B704770B486
S31508029AE00488DDE9035604F4E044B4F5804F04D053
S31508029AF0CDE9035670BCFFF737BE6FF0850070BC20
S31508029B007047F8B51E4603880F4603F44F43B3F56C
S31508029B10824F154610D1089BDDF756F8044648B918
S31508029B20069B9D420BD82A46394630460EF0DCFB88
S31508029B30079B1D602046F8BD6FF08504FAE76FF0B3
S31508029B408904F7E7DCF71CBFF0B5044617461E463C
S31508029B500D468DB0D1B1C8B12022002104A80EF05D
S31508029B609CFB3A462946204604ABDDF747F958B925
S31508029B70169B31460293159B04A80193149B0093E6
S31508029B80DDE91223DDF74EFA0DB0F0BD6FF086005F
S31508029B90FAE7DDF771BB10B413460C46014640B12D
S31508029BA004B932B9224601F160005DF8044BDDF7CB
S31508029BB0C5BA6FF086005DF8044B704713B50C46BC
S31508029BC0014650B14CB142B13BB1009360301346E5
S31508029BD02246DDF7EFFA02B010BD6FF08600FAE70B
S31508029BE038B5044630B1982500212A460EF055FBB1
S31508029BF0002038BD6FF08600FBE7DCF743BFDCF7D1
S31508029C00BFBEF0B5044615461F460E468DB019B9B5
S31508029C106FF086000DB0F0BD0028F9D02022002191
S31508029C2004A80EF03AFB2388CDE90865B3F5105F60
S31508029C30EED16388C02B16D0B3F5807F15D0802B62
S31508029C4015D110208542CDE90400E1D3169B394689
S31508029C500293159B04A80193149B0093DDE9122332
S31508029C60DDF7E0F9D6E71820ECE72020EAE76FF0FF
S31508029C708500CFE7F8B50E4614461D460746002866
S31508029C803DD0E1B302B9D3BB5C22002138460EF0BF
S31508029C9004FB31463846069ADDF72CFAA0B97288D3
S31508029CA0D208182ABA6510D0202A1BD0102A26D123
S31508029CB00F2D24D907F1380304F1100254F8041BB6
S31508029CC0944243F8041BF9D1F8BD172D17D907F1A9
S31508029CD0380304F1180254F8041B944243F8041B8F
S31508029CE0F9D1F1E71F2D0AD907F1380304F1200249
S31508029CF054F8041B944243F8041BF9D1E4E76FF0C5
S31508029D008600E1E7FFF7B6BF38B5044630B15C25F1
S31508029D1000212A460EF0C1FA002038BD6FF08600EF
S31508029D20FBE7DCF7AFBE08B510F035F8002008BD32
S31508029D3000F005B809B1DDF74DBB222070470020B7
S31508029D407047DDF795BBDDF7AFBEDDF7E9BE40B27A
S31508029D50DDF718BF70B50C46154610B9DDF78AFF50
S31508029D6038B143682BB12A462146BDE870400068DF
S31508029D701847232070BDF7B50D4616461C4638B956
S31508029D80DDF778FF04B901AC20B9232003B0F0BD92
S31508029D9003B901ACC768002FF7D0234632462946D5
S31508029DA00068B847F2E700207047FEE74FF4005311
S31508029DB000204B60704701207047012070474FF022
S31508029DC0FF3070470020704707B5002001AB0190AD
S31508029DD0FFF7D1FF0198002808BF4FF0FF3003B004
S31508029DE05DF804FB10B514460020FFF7B3FF2046C2
S31508029DF010BD80F89910704790F89900704790F84E
S31508029E009600704710B50446DEF7DCF838B1236DC4
S31508029E10D4E912020244934218BF184610BD3022F2
S31508029E20237D534303F1A04303F58023DB6EEFE75B
S31508029E3092F8543037B5144633B1936D0BB1D06DE1
S31508029E409847002384F8543094F89A301BB3204676
S31508029E50DEF7B8F8F8B1236E132120465B689847F7
S31508029E601025236E20461B680DF10701984778B91D
S31508029E709DF8073003F0FD02112A05D1A3F111025C
S31508029E805342534184F8A030013D15F0FF05E8D14D
S31508029E902046DEF7F9F8002084F8540003B030BDF6
S31508029EA090F8943070B505460C46C3B10B69B3F504
S31508029EB0006F16D80FF056FE95F88C300646656187
S31508029EC04BB1214605F19000FDF7BCFE30460FF076
S31508029ED044FE002070BD2046DEF764F9F6E70E2040
S31508029EE0F8E72120F6E70023506910B5903000F80C
S31508029EF0043C1446FDF7ADFE08B1DEF753F9636874
S31508029F001BB100212046A2689847002010BD2DE902
S31508029F10F04790F8949004460D461646B9F1000F9C
S31508029F2040F0828090F899800FF01CFE94F89530E4
S31508029F30074633B194F898301BB184F8959010F01F
S31508029F4013F838460FF009FE2E44B54205D1236EA2
S31508029F50012120469B68984750E094F89A30002BD6
S31508029F603DD0207DDDF7F6FF2046DEF749F80746A5
S31508029F70207DDEF70BF897BB0FF0F4FD0746207D30
S31508029F80DDF7E8FF2046FFF73DFFA26C00F1FF3937
S31508029F90914538BFE36C94F854A038BF03F1FF33F8
S31508029FA0207D38BF02EB0309DDF7F0FFBAF1000F97
S31508029FB012D14B46D4F89C1099420BD013F80129BA
S31508029FC0112A01D0132A1CD1A2F111035A425A416D
S31508029FD084F8A020C4F89C9038460FF0BEFD94F889
S31508029FE0A030002BB9D0B8F1000F12D1236E20464B
S31508029FF05B6815F8011B98470028A6D00020BDE823
S3150802A000F087A26C9A4282BFE36C03F1FF339B1876
S3150802A010D2E72B780A2BE9D1236E0D2120465B68FD
S3150802A02098470028E2D0E9E70E20E8E7F8B50446A3
S3150802A0300D460FF097FD94F8963006466DB13BB97A
S3150802A04094F8983023B10FF08FFF012384F89630E5
S3150802A0503046BDE8F8400FF080BD002BF8D00FF06F
S3150802A06078FD0746294601200EF02EFF38460FF0E6
S3150802A0706BFD84F89650EBE738B548B100240568BD
S3150802A0800FF070FDC5E916440FF067FD204638BD8E
S3150802A0902220FCE770B50468054694F8946086BBEE
S3150802A0A0FFF7EAFFDDF7E6FD854202D13046DDF726
S3150802A0B0D5FD236E93F91000DDF7C2FD236E93F9E1
S3150802A0C01000DDF78FFD236E93F91100DDF7B8FD59
S3150802A0D0236E93F91100DDF785FD207D0EF0FCFD58
S3150802A0E0207DDDF713FEDDF7F7FD0023C5E9003312
S3150802A0F0C5E90533EB60236E2046BDE87040DB6890
S3150802A10018470F2070BD0068DDF7BEBF2DE9F04184
S3150802A11004460FF027FD94F89530054603F0FF082C
S3150802A120A3B90127236E41469B682046984784F8BF
S3150802A13095700FF00EFD0646414638460EF0C4FEEF
S3150802A14030460FF001FD022384F8A1302846BDE807
S3150802A150F0410FF002BDD0F8A4309A69120643BF47
S3150802A1605B6A00200B701B20704710B50446D0F8B6
S3150802A170A42093695906FCD5002394F8AD101A4613
S3150802A18094F8AC00DBF7A6F8002394F8AF101A4649
S3150802A19094F8AE00DBF79EF894F8B430DA0707D5E0
S3150802A1A0002394F8B1101A4694F8B000DBF792F837
S3150802A1B094F8B4309B0707D5002394F8B3101A46CF
S3150802A1C094F8B200DBF786F80122D4F8A40000213D
S3150802A1D000F50053DA64FEF75DFDD4F8A800002105
S3150802A1E0D9F7A6FF002010BD08B5D0F8A400FEF7DF
S3150802A1F060FD002008BD0122D0F8A43019B103F58C
S3150802A2008053DA64704703F50053DA649A64704738
S3150802A2100068D0F8A4309A6CD20708D5012103F554
S3150802A220005291649B699B0601D5FFF76FBF704781
S3150802A2300E2070470E207047704770477047F8B572
S3150802A2400C468D18073552421540A5F108070646F1
S3150802A250384600F060F9A0883B1B618800EBE300F2
S3150802A26080B2A1EBE30125F8040C25F8061CA188A7
S3150802A270DA10D1B1A4EBC101B1F802C0C88002EB71
S3150802A2800C004880E188B9B18A1A92B204EBC1017E
S3150802A29025F8022C8A80A2888AB9B2681344F26821
S3150802A2A0B360934288BFF3600EE015F8081C41F0CC
S3150802A2B0020105F8081CE5E725F8021CEBE7A4EB02
S3150802A2C0C2042278D207E8D43846F8BD2DE9F04F01
S3150802A2D017464FF0000887B07A1C109A054614BF35
S3150802A2E03C460824CDF81480002A00F0CA80C2F839
S3150802A2F00080002900F0C78042688A4240F2C38083
S3150802A300073103F0010A21F007060FF02BFC05AA14
S3150802A310CDE9008281463A4653463146284600F040
S3150802A320FEF8059F834607B130B948460FF015FC7B
S3150802A330192007B0BDE8F08FB7F8028029694FEAFD
S3150802A340C802C0EBC8080139B8F1270F29617DD9BF
S3150802A350BAF1000F54D1864206F108084BD02246BC
S3150802A36039462846FFF76BFF04460590A044404647
S3150802A37000F0D1F8059906F10F004A88C308A2EB46
S3150802A380D002A8F80220CA88A8F80430002A34D0D5
S3150802A390D31A9BB201EBC202A8F8063093808B88C7
S3150802A3A0F608A380B8F804303A46E380414600230B
S3150802A3B02846668000F01AF9AB68EA6808339342C1
S3150802A3C0AB6088BFEB60237843F0010323702B69E7
S3150802A3D001332B616288AB68083403EBC203EA686F
S3150802A3E0AB60934288BFEB60109B48461C600FF037
S3150802A3F0B4FB00209DE73C46B8E7A8F80620CEE75E
S3150802A40007EB08042046039200F085F80BF10703D0
S3150802A410DB080599638008F10703DB08A380CB886C
S3150802A42093B1DB00039AD81D821A5A44C2F3CF02AB
S3150802A4300B44E2809A80A38808F1FF384FEAD808CD
S3150802A440A1F80280CB80B7E7E380F4E7BAF1000F00
S3150802A4501BD007F10803B3FBF4F204FB1233B3B1C2
S3150802A460224639462846FFF7EAFE044623783A4644
S3150802A47043F00103237021460123284600F0B6F86B
S3150802A480A8E7222055E7212053E78642E8D13C4631
S3150802A490ECE707B500224FF0FF3101AB0192DEF778
S3150802A4A0A7F9019803B05DF804FB07B500931346B4
S3150802A4B04FF0FF32FFF70AFF03B05DF804FB70B5F1
S3150802A4C0049E15461A4696B1002333608DB181B1B2
S3150802A4D04D4333462946FFF7E8FF044628B9306854
S3150802A4E018B12A4621460DF0D8FE204670BD222410
S3150802A4F0FBE72124F9E707B5002201AB0192DEF753
S3150802A5008DF9019803B05DF804FB0846FFF7C1BF51
S3150802A51008460FF0FBBD0023036043607047F0B5A1
S3150802A520D0E90554561C08BF0822002B4FF000003C
S3150802A53008BF2C46069F3860002C38D09DF8146058
S3150802A5406588F60006EBC505C2F1000C2078C0073F
S3150802A55008D523BBE08898B104EBC004658806EBEE
S3150802A560C505F3E78D42F4D35BB904F10800B0FBE5
S3150802A570F2FE02FB1E00C0B10844A842EAD83C60BB
S3150802A580F0BD082A11D06088013004EBC000A0EBA8
S3150802A590010E0EEA0C0EA0EB0E008542EFD2A08841
S3150802A5A00028EDD0A4EBC004D8E70846E7E7204622
S3150802A5B0E6E703460069C0B10AB951B91A681046F6
S3150802A5C00378DB0711D531B9C3885BB100EBC30049
S3150802A5D0F6E79A69F3E7012904D1838823B1A0EB48
S3150802A5E0C300EDE700207047184670472DE9F04191
S3150802A5F0D0E90554074688461646ABB1954200D0BF
S3150802A6000ABB424600213846FFF7D3FFB442054645
S3150802A61000D02EB9424601213846FFF7CAFF044642
S3150802A620C7E90554BDE8F081954208D08D4228BF96
S3150802A6300D46B44205D0444538BF4446F0E70D46B8
S3150802A640F7E74446ECE79442EAD1E3E738B51C4615
S3150802A650C3E900010023C4E90500C4E90233236102
S3150802A66022776362FFF757FF23690139C908013365
S3150802A67041802361A368E268083393424FF00000E1
S3150802A680A36088BFE36038BD08B5DEF7CBF908BD1D
S3150802A690002307B5684600938DF80430DAF742FBC3
S3150802A6A003B05DF804FB10B50FF053FA04460EF03A
S3150802A6B0A9FB2046BDE810400FF046BA4FF4C87011
S3150802A6C0DEF738BA70477047704708B502F0B6F831
S3150802A6D002F0C5F802F0D2F8FFF7F6FF02F0E5F845
S3150802A6E0BDE8084002F0ECB808B5DEF767F8FEF7F1
S3150802A6F005FCFFF7E7FFDDF759FADCF7DFFFFFF79F
S3150802A70020FBDEF703FBDEF7B7F9DEF7BFF8FFF744
S3150802A710DAFF00F007F802F0A0F8BDE80840FFF7F4
S3150802A720D4BF704708B502F084F802F083F802F045
S3150802A73082F802F082F8FFF7F4FF08BD08B502F0C6
S3150802A740C0F802F0BFF802F0BEF8BDE8084002F011
S3150802A750BCB800F000B807B513200DF10601FFF7E3
S3150802A760E9FABDF8060003B05DF804FB10B5044625
S3150802A7700A210CF006FD40F6E44120460CF003FDE2
S3150802A780002010BDFF207047F3F724BC0CF0FDBD76
S3150802A79013B5044650B3D0F804313BB3D0F80C31A4
S3150802A7A023B3D0F814310BB3D0F81031F3B1D0F883
S3150802A7B00831002B1ADDD0F81831002B16DD00F00F
S3150802A7C03AFAA8B900F02DF8D4F8183120460193C0
S3150802A7D0D4F814310093D4F80411D4E9432300F0D1
S3150802A7E047F980F00100C0B202B010BD2120FBE794
S3150802A7F00020F9E710B5044648B100F01CFA40B14A
S3150802A800204600F0E0F980F00100C0B210BD212018
S3150802A810FCE71120FAE70120704770470846E0F77F
S3150802A8208DB908B5DFF7D2FFBDE80840DFF7D2BF1A
S3150802A8300068704737B501464A6A006B148855881E
S3150802A8402C44A04202DB002003B030BD441C0C633A
S3150802A850157902EB80026C1C52F83400C0F3C3620D
S3150802A860AA42CDE900004FEA1064ECDA0BB1E0091E
S3150802A8701870072C8ABFCB6A486B53F82200009BD4
S3150802A880C3F31A031844DFE710B50446DFF7AEFF31
S3150802A890204610BD0368C01A03888B428CBF405AF3
S3150802A8A0002070472DE9F3479246027906469A42F6
S3150802A8B0894604D00025284602B0BDE8F0870C6810
S3150802A8C01021204600F0C6FCDAF800301C44211A92
S3150802A8D0E2F7EEF83179036810225B6B89000446C9
S3150802A8E0984707460028E5D00025A8463379AB42A3
S3150802A8F010DC23680422382120465B6B98470546FC
S3150802A9000028D8D03B4622463146CDF80080DFF7EC
S3150802A91091FFD0E729463046DFF772FF0246FFF776
S3150802A92087FF0346101DFFF783FF5AF825200344C5
S3150802A93093420146BEDC75B92368102220465B6B3A
S3150802A940984780460028B5D0236820465B6A984710
S3150802A95038600135CAE759F8253047F82530F8E74F
S3150802A960436A1B798B42C6BFC36A53F8210000208B
S3150802A9707047F7B51E460023446A33602388844627
S3150802A9808B42089F02DC012003B0F0BD237904EB59
S3150802A9908104581C54F83000C0F3C3659D4204462E
S3150802A9A001900090EFDA29466046FFF7D9FFC4F313
S3150802A9B01A04204430600FB90020E5E71021A018D8
S3150802A9C000F052FC57F825308342ACBF47F82530D1
S3150802A9D047F82500F0E770B50446084615461E46B0
S3150802A9E0DFF722FF08B9002070BD32462946049BCC
S3150802A9F0FFF758FF0028F6D0C4F8E0000120F3E775
S3150802AA0010B508210446FFF745FF10B12318205850
S3150802AA10184410BD002310B50446C0F8E030C0F84B
S3150802AA20F03080F8F830C0E93A33043000F0B3F970
S3150802AA30D4F8DC0048B10368D4F8E410DB6801B145
S3150802AA400C3198470023C4F8DC30D4F8E40030B15E
S3150802AA500C30E0F7BBF810B103685B689847D4F886
S3150802AA60E40020B1E1F7FEFD0023C4F8E43010BD8E
S3150802AA702DE9F04393B00446DDE91A9017460E46CF
S3150802AA8069B3421E072A2AD84BB3B9F1000F26D05A
S3150802AA900AAA0025904602A953F825E0BEF1000F3E
S3150802AAA01DD059F825C0BCF1000F18DD01358542C5
S3150802AAB041F804EB42F804CBEED10022211D3046C0
S3150802AAC0E0F7B6F82368CDE900853A465D6831466F
S3150802AAD0204602ABA84718B92046FFF79BFF00207D
S3150802AAE013B0BDE8F0832DE9F743C0E93A21DDE961
S3150802AAF00A85044689461F46DFF772FEC4F8DC005B
S3150802AB0028B103689B68984730B9C4F8DC00002569
S3150802AB10284603B0BDE8F083236800959E683A4646
S3150802AB20434649462046B04718B92046FFF772FF02
S3150802AB30EDE7D4F8E00084F8F8500368E900DB6929
S3150802AB409847002100EB8503C4F8F400C4F8F030F6
S3150802AB50A9421ADB236820461B68984700F10C05B0
S3150802AB60C4F8E4002846E0F705F8D4F8DC002946DC
S3150802AB7003681B699847054688B92046FFF74AFFC6
S3150802AB8000250020DFF7F6FFC2E757F8212040F834
S3150802AB90212058F8212043F821200131D8E70368FB
S3150802ABA021461B6898470028E7D0D4F8E40001F04C
S3150802ABB07BF90028E1D12B6828469B689847054609
S3150802ABC00028DED1D9E710B50446D0F8E40000B172
S3150802ABD00C30DFF7CFFFDFF703FED4F8E40048B105
S3150802ABE001F03AFAB0FA80F464090020DFF7C2FFEE
S3150802ABF0204610BD0446F8E773B5044600F1080678
S3150802AC00DFF718FF05462046DFF73AFFD4F8E030AB
S3150802AC1002460BB9DFF7F6FE00213046CDE90011F0
S3150802AC202946E1F7E9FC304602B070BDD0F8E400E7
S3150802AC3000B10C307047D0F8E400003818BF012084
S3150802AC40704738B505461446FFF724FE00B12C5C5A
S3150802AC50204638BD10B50446FFF71CFE10B123186E
S3150802AC602058184410BD10B50446FFF713FE10B15C
S3150802AC7023182058184410BD10B50446FFF70AFEDB
S3150802AC8010B123182058184410BD0120704710B57A
S3150802AC900C210446FFF7FEFD10B12318205818446C
S3150802ACA010BD10B510210446FFF7F4FD10B12318A4
S3150802ACB02058184410BD08B5DFF788FFBDE80840DC
S3150802ACC0DFF748BF2DE9F0470446894616460AB11A
S3150802ACD00023136094B12046FFF7E3FF054660B1EF
S3150802ACE02046FFF7D4FF074690B32B68013305EBDE
S3150802ACF0830A04355545A84603D100242046BDE8F3
S3150802AD00F087D8F80030042198444046FFF7B4FF8C
S3150802AD10043504460028F1D0494604300DF0DAFA23
S3150802AD200028E7D106214046FFF7B4FD014608B1DF
S3150802AD3058F800103846DFF763FF0421FFF78AFF49
S3150802AD4004460028DAD00EB1036833600434D5E726
S3150802AD500446D3E7034618B100681844FFF7B2BFA2
S3150802AD60704710B506210446FFF794FD10B1231863
S3150802AD702058184410BD38B505460C46084621B178
S3150802AD80FFF7EFFF08B101202C6038BD09B10B6847
S3150802AD901944FFF7F0BF0023036070471C21836B39
S3150802ADA01847034601680022012010B5914200DCCB
S3150802ADB010BD53F8044F01326043F7E701308000B3
S3150802ADC0704703685B68184710B50C210446FFF7FD
S3150802ADD061FD10B123182058184410BD132832D823
S3150802ADE0DFE800F00D3515191D212311251B0F2744
S3150802ADF01F292B17132D0A2F1323002025E00123C1
S3150802AE00FBE70B23F9E70723F7E71123F5E7022305
S3150802AE10F3E71023F1E70323EFE70923EDE704231A
S3150802AE20EBE70D23E9E70523E7E70623E5E708232A
S3150802AE30E3E70C23E1E70E23DFE70F23DDE712231F
S3150802AE40DBE71423D9E7002301200B7070470A2396
S3150802AE50D3E7002070470020704738B505461446E8
S3150802AE60FFF718FD00B12C58204638BD08B5002258
S3150802AE700A21FFF7E6FE08BD38B505461446FFF770
S3150802AE8009FD00B12C56204638BD2DE9F84F9046EB
S3150802AE909A461368054601221B688B4640460521D9
S3150802AEA0984700260446066006712846FFF7DEFF25
S3150802AEB00828814633D12846FFF786FF054670B330
S3150802AEC032460421FFF7D8FFC7B27B1E042B88BF80
S3150802AED037463246494628462770FFF7B2FE801B98
S3150802AEE018BF012032460A21A0702846FFF7A9FE9C
S3150802AEF0801B18BF012032460C21E0702846FFF756
S3150802AF00BBFF5A46211DFFF769FF024660B90621B3
S3150802AF102846FFF7B1FF10B1012805D1607000205D
S3150802AF20CAF80040BDE8F88F40462146FFF749FFB8
S3150802AF300120F7E738B504460D46E1F723FB294613
S3150802AF4002462046BDE83840FFF748BF2DE9F041E2
S3150802AF500D46044616461F46E1F714FB3B460146D4
S3150802AF6032462846A446BDE8F04160470368C31A3C
S3150802AF701A880A2A05D95B89C21813B1C358D05848
S3150802AF80704700207047704770473021836B184717
S3150802AF9002460023012030B552F8045BAB4200DBBF
S3150802AFA030BD8B420CBF012452F823400133604363
S3150802AFB0F4E72DE9F04F14468DB00A930368179EFD
S3150802AFC000934368376801938368013F0293C36815
S3150802AFD015680393036909910493436939460593EE
S3150802AFE0836930460693FFF7D3FF54F82580002479
S3150802AFF006EB8706A1462746D6F804B00790079BB4
S3150802B0004B453EDD0026189B354603EB070A28E02A
S3150802B0101EF9012B019908921CF9012B01330A44E6
S3150802B0200B920099089A0A4411460B9A01FB0200F0
S3150802B0309845EDDC169B13B153F825301844DDE923
S3150802B040031201F090FB029B01351844059B464406
S3150802B0509842B8BF1846069B9842A8BF18460AF8EF
S3150802B060010BAB4508DD099B03EB040E0A9B03EBB8
S3150802B070060C00231846DBE709F101095F4444443C
S3150802B080BDE70DB0BDE8F08F4A69524202608A698F
S3150802B09052424260CA6982600A68C2604A680261AC
S3150802B0A08A684261CA68826170472DE9F04F05468F
S3150802B0B000208FB0012A1F46DDE91A94DDE91863DC
S3150802B0C0079184F82C000BD03268012A7FD1D6F872
S3150802B0D00480B8F1000F7AD0D8F8001019B9012007
S3150802B0E00FB0BDE8F08FD1F800A0BAF1010F6EDDFE
S3150802B0F03B7F84F82C20092B01D0072BEFD1337F15
S3150802B100122BECD07369D8F8082003EB82035B682C
S3150802B1109A45E4D14FEA8A0B5946AB6B28469847BB
S3150802B1205946AB6B606228469847D7ED027ACDED51
S3150802B130037AD9ED027AD8F80030CDED067A4FF0C7
S3150802B1400008A06203F1040BFBEC017A0398CDED2B
S3150802B150047AE2F727FACDE908010498E2F722FA17
S3150802B16002460B46DDE90801E2F774FACDE9040165
S3150802B1700698E2F717FA02460B46DDE90401E2F7FA
S3150802B18093FB41EC100B0CA90BA8E1F717FC636AB9
S3150802B1900B9A43F82820A36A0C9A43F8282008F148
S3150802B1A00108C245D0D14A462846FB680799636119
S3150802B1B0F368A361D9F80C30E36104F10C03189320
S3150802B1C004F108030FB0BDE8F04FE0F7A9BB002071
S3150802B1D000210CAACDE90C01CDE900923946324686
S3150802B1E0284600F00AF800287FF47AAF20469DED3B
S3150802B1F00C0B211DE1F7E2FBD5E7D1ED027A92EDC0
S3150802B200027A67EE877AF5EEC07AF1EE10FA38B569
S3150802B21014DB17EE900AE2F7C5F9049B0446986810
S3150802B2200D46E2F7BFF90B46024629462046E2F7E3
S3150802B2303BFB059BC3E90001002038BD0120FCE762
S3150802B2401021836B184708B5E0F7CAFB08BDCA6820
S3150802B250D5F78AB94B1E1844B0FBF1F0484370473C
S3150802B260B0FBF1F048437047431E0B44B3FBF1F3BE
S3150802B27001FB03F07047F7B5144602680346821AC3
S3150802B28017880D46042F26D99188461809B34058BF
S3150802B29031183058012601EB8000884214D1062F56
S3150802B2A01AD9D08800B118560DF10701FFF742FEE8
S3150802B2B040B921469DF80700E0F76EFE10B92368EB
S3150802B2C073432B6003B0F0BD51F804CF0CFB06F6AE
S3150802B2D0E3E70126E3E701260020E5E7436873B5BD
S3150802B2E00D469BB1002201241968914209DC007AB5
S3150802B2F001A9E0F751FE10B9019B63432B6002B026
S3150802B30070BD53F8046F01327443EEE70124EEE789
S3150802B31010B50E210446FFF7BDFA00B1205C0038CD
S3150802B32018BF012010BD10B504210446FFF7B2FA72
S3150802B33010B123182058184410BD10B504464068A9
S3150802B340A1680368DB689847606821690368DB6857
S3150802B3509847002010BD2DE9F84304460068884640
S3150802B360FFF74EFB636801681A68184695688900F4
S3150802B3700422A8470746206150B300263546D4F86A
S3150802B38000904846FFF73CFB03689E4212D31821F9
S3150802B3906068C4E9055503684544042269439B6805
S3150802B3A0E560C4F81C809847A060B0FA80F04009AE
S3150802B3B0BDE8F88347F826504846FFF721FB314691
S3150802B3C0DFF770FBFFF7AFFF036801361D44D8E7C6
S3150802B3D00120EDE72DE9F34708460C461746FFF725
S3150802B3E0C5FD002506464FF0FF38B54201D10020BB
S3150802B3F027E00A212046FFF74DFA10B123182058F4
S3150802B40018442946E0F7A6FE4FF0000A81461421A1
S3150802B4104846FFF728FCB8B103689A4514D2514644
S3150802B420E0F76CFE0C2301A903FB0070CDF804803B
S3150802B430FFF754FF28B9019B13B90AF1010AE6E797
S3150802B440012002B0BDE8F0870135CEE72DE9F04FBD
S3150802B45000260446B2464FF0FF3B836885B0009348
S3150802B460131D019102932068FFF7CAFA03689E42E8
S3150802B47011D3182263690099E06902FB03130124B8
S3150802B48000224FF0FF31904203F1180365D10020E4
S3150802B49005B0BDE8F08F3146DFF704FB029B07468D
S3150802B4A053F83680236901464246204653F8265009
S3150802B4B0FFF790FF0028EBD11823009A03FB052912
S3150802B4C0454680463846FFF72EFF0268904501D367
S3150802B4D00136C8E749462846C9F80450FFF7FEFE72
S3150802B4E00028D5D12A68C9E902BB52BB384603925D
S3150802B4F0FFF719FF4146E0F715FEFFF709FF039A22
S3150802B50020B9D9F80020003A18BF0122019B89F810
S3150802B5101420FBB153F82A203846C9F810200392A2
S3150802B520FFF701FF4146E0F7FDFDFFF7F1FE039A3B
S3150802B53048B90AF1010A08F1010809F118090C3596
S3150802B540C0E70246E2E70132F3D04FF0010389F879
S3150802B5501430EEE7C9F810B0EDE743E9041103F831
S3150802B560044C43F8081C01328DE72DE9F04F0446D6
S3150802B57089B00068984606920491FFF741FA049941
S3150802B580DFF790FA4FF01809A368049A059323691E
S3150802B590064653F82270059B4FF0000A09FB073747
S3150802B5A0FFF7E4FC079006213046FFF75CFB0546E9
S3150802B5B0002800F0AA8003689A4580F0A5805146C3
S3150802B5C0E0F79CFD09FB00708268236A013200D10C
S3150802B5D08360C3600AF1010AE5E7236A0A21013397
S3150802B5E0304623620393FFF755F910B133183058E2
S3150802B5F018442946E0F7AEFD4FF0000983460821B4
S3150802B6005846FFF730FBE8B9129B59460093204685
S3150802B6104346069AE0F7B6FD4FF00009062158465A
S3150802B620FFF721FBF0B1036899451BD24946E0F7BB
S3150802B63065FD002803DB0AFB0070236AC36009F173
S3150802B6400109EBE702689145DED24946E0F756FD65
S3150802B6500AFB00708268013201D1039B836009F1FB
S3150802B6600109CCE74FF0000908215846FFF7FBFA13
S3150802B67038BBC646059B6269E0690AFB0232069B2D
S3150802B68008EB800CE64529D10135079B9D42A4D1DA
S3150802B69000254FF0180808213046FFF7E4FA00287B
S3150802B6A036D003689D4233D22946E0F727FD08FBC8
S3150802B6B000708268236A013200D18360C360013553
S3150802B6C0E9E702689145D4D24946E0F717FD0AFB35
S3150802B6D00070226A09F10109C260C5E75868A842E2
S3150802B6E00DD198680499814209D11868C2E9000EF9
S3150802B6F09068013004BF03999160206AD0601832BD
S3150802B7000C330EF1040EBDE700254FF0180ABCE70C
S3150802B710002009B0BDE8F08F002070474068036832
S3150802B7209B681847704770478068102203689B68B1
S3150802B730184770B505460C46C9B10B68012B0AD1E4
S3150802B74040684E6803687168DB68984768683146DE
S3150802B7500368DB68984700236868C4E90033C4E9CC
S3150802B760043303682146BDE87040DB68184770BD9C
S3150802B770406803689B68184740680368DB6818478F
S3150802B780406803685B691847406803681B6918477D
S3150802B79080680422036820219B68184770478369DA
S3150802B7A010B50C46114633B1806804220368890035
S3150802B7B09B6898472060002010BD10B508210446F2
S3150802B7C0FFF768F810B123182058184410BD10B5B1
S3150802B7D00A210446FFF75EF810B1231820581844C8
S3150802B7E010BD10B506210446FFF754F800B12056DD
S3150802B7F010BD2DE9F0411D46037D04460E46174647
S3150802B8008BB1036829461B6C8269984748B9236835
S3150802B8103A46D3F83C80314620462B68C04700B9E1
S3150802B8202075BDE8F0810120FBE7002310B5044628
S3150802B830836140680422036890219B699847E06106
S3150802B840B0FA80F0400910BD0421C069FFF702BDB5
S3150802B850036870B55B6904460D469847C8B9204621
S3150802B860FFF7F2FF0C23A2695A438318984209D1BB
S3150802B8706068E16903689032DD690423AC46BDE875
S3150802B8807040604741680C30013108BF40F8085CD7
S3150802B890ECE770BD2DE9F8430546894690461F46F2
S3150802B8A0FFF7D2FF0C2604460022A9694E4300EB95
S3150802B8B0060C64450ED10B2A12D84FF0FF3340F816
S3150802B8C006900020C4E901383960AB690133AB61DF
S3150802B8D0BDE8F88363680C34013308BF0132E8E730
S3150802B8E00120F5E7C06870472DE9F34180460F4607
S3150802B8F01E46144600253846FFF715FD03689D4285
S3150802B90001D3002019E02946E0F70CFCFFF700FDF9
S3150802B910B0B11EB156F82530013311D1204601A91E
S3150802B920FFF7DCFC48B9D8F8080010220368019929
S3150802B9309B689847206018B9012002B0BDE8F081DB
S3150802B94001350C34D7E72DE9F04106460D46174670
S3150802B95000242846FFF754F803689C4202D30020C5
S3150802B960BDE8F0812146DFF79DF8FFF7FFFAB368D5
S3150802B97041011A681846D2F808800422C04718B14D
S3150802B98047F834000134E4E70120E9E72DE9F347F3
S3150802B9900746DDF82890084616461D468846FFF7EC
S3150802B9A02FF84946DFF77EF83B6838465B6B9847BF
S3150802B9B0044620B90024204602B0BDE8F0870022DA
S3150802B9C03B68CDE9009241460246D3F838A038468C
S3150802B9D02B46D0470028EDD1002EECD00C235D4330
S3150802B9E006EBC90673685A195B5923615368636182
S3150802B9F0E1E72DE9F3470746DDF82890084616469B
S3150802BA001D468846FEF7FCFF4946DFF74BF878687D
S3150802BA100422036820219B689847044620B900241B
S3150802BA20204602B0BDE8F08701223B68CDE90092C4
S3150802BA3041460246D3F838A038462B46D047002856
S3150802BA40EDD1002EECD00C235D4306EBC9067368D4
S3150802BA505A195B59236153686361E1E72DE9F04F8F
S3150802BA609946436891B0CDE90713054688461646B6
S3150802BA700021182209A80CF010FC0023A96907A8BE
S3150802BA800F93FFF768FC0446002879D1059005A9AB
S3150802BA9007A8E0F7BDFA0446002871D1074606F161
S3150802BAA0040A4046FEF7ACFF0368059C9F423ED354
S3150802BAB02146324607A8FFF7C9FC044600285FD18B
S3150802BAC02846FFF7C1FE214602464B46009607A8BE
S3150802BAD0FFF74BFD0446002852D1DDE9096A68687A
S3150802BAE0102103681B6B984707466868102203688B
S3150802BAF039469B6898478046002800F08A803A466D
S3150802BB00A1463746286941460368DB699847D5F84E
S3150802BB1010B0CA451BD1686800270368D5F810B06B
S3150802BB205B6A9847394681464FF0FF3348E0394603
S3150802BB30DEF7B8FF2B680146D3F830B0284623460D
S3150802BB405AF83720D8470446D0B90137A9E73B7DCA
S3150802BB501BB909F101091837DBE710213868FFF725
S3150802BB6083FBD7E902233C690146B4F1FF3FDBF8C0
S3150802BB70000009D184685846A04704460028E8D040
S3150802BB80204611B0BDE8F08F0094C4685846A04715
S3150802BB90F3E7327D92B1DBF80020584694690693A2
S3150802BBA006AA0391A04704460028E9D14FF0FF33BD
S3150802BBB0069A706803994A440260013101371836B9
S3150802BBC0BA45E6D107A8FFF7B8FB68684146036895
S3150802BBD0DB689847686803685B69984704460028E3
S3150802BBE0CED16868E96903681B6A98470446002843
S3150802BBF0C6D1286903681B699847296A10228142B7
S3150802BC003CBF01462862686803689B6A98470446EF
S3150802BC10B6E70124B4E72DE9F047D0E901761C46D8
S3150802BC20084615468946FEF7EBFE0899DEF73AFFFF
S3150802BC30FFF779FB2146E0F775FA0C2104464846D8
S3150802BC409DF82480FEF726FE20B109EB000359F879
S3150802BC5000001844CDE908052346424639463046CF
S3150802BC60BDE8F047E0F7C8BB2DE9F74F07460C4693
S3150802BC70904600254FF00C0A2046FEF7C1FE0368DF
S3150802BC809D4201D3002011E02946DEF70BFF019001
S3150802BC90FFF749FBD0F800B0B868042203680AFB2C
S3150802BCA00BF19B689847814620BB012003B0BDE88B
S3150802BCB0F08F0198FFF737FB3146E0F733FA0C218C
S3150802BCC000902046FEF7E6FD90B12158221811444D
S3150802BCD00AFB06920098E0F705FB0028E5D1013633
S3150802BCE0B345E6D108F1040242F835900135C3E7B7
S3150802BCF00146EDE70026F3E72DE9F84343680546D2
S3150802BD000F46904603BB0020BDE8F8830134AB68B2
S3150802BD10A342F8D96B68EA6853F8346003EBC4099E
S3150802BD2052F8243041461E443046FFF793FAEA6831
S3150802BD30D9F8041052F82430861B3B4433448B420C
S3150802BD40E4D842F82430DFE70024E0E738B545684E
S3150802BD5004460DB1012038BD0368C0E901129B688B
S3150802BD6091009847E0600028F4D023682046DB6BF0
S3150802BD7098472846EFE743683BB182682AB1002113
S3150802BD80C36803EB82029A4200D1704743F8041B48
S3150802BD90F9E70968002A10B451F8044B0ADB944201
S3150802BDA008DD51F82210002904DB03685DF8044B0C
S3150802BDB05B69184700205DF8044B70474968002AFA
S3150802BDC010B451F8044B0ADB944208DD51F82210EC
S3150802BDD0002904DB03685DF8044B5B6918470020F9
S3150802BDE05DF8044B70470EB483B004AB019303B0FD
S3150802BDF003B07047704700207047C06803689B68A5
S3150802BE001847C0680368DB681847C06803681B6977
S3150802BE101847C06803685B691847C06803685B6AA5
S3150802BE201847C0680368DB6A184708B5FEF7E8FDD5
S3150802BE300021DEF737FE0621FEF715FF006808BD6A
S3150802BE4038B5054640680C46FFF7EFFFA0428ABFA1
S3150802BE50D5F8A030002053F8240038BD08B5FEF7FF
S3150802BE60CFFD0021DEF71EFE0821FEF7FCFE006864
S3150802BE7008BD38B5054640680C46FFF7EFFFA042F5
S3150802BE808ABFD5F8A430002053F8240038BD10B56F
S3150802BE9000F17404204600F079F920B92046BDE87D
S3150802BEA01040E0F707BD10BD2DE9F04F4168044682
S3150802BEB085B0006FE0F74EFA014638B9012384F8D7
S3150802BEC099300125284605B0BDE8F08F04F17407BC
S3150802BED0384600F07FFA236820461B6898470546CD
S3150802BEE00028EFD104F1A8060146304600F016F9FB
S3150802BEF0384600F018F905460028E3D101213046F4
S3150802BF0000F00CF9384600F0DCF905460028D9D1CC
S3150802BF100221304600F002F9D4F884206168206FC5
S3150802BF2004F19C03FFF765FC05460028CAD1D4F83C
S3150802BF309C10304600F0F0F8276F60683B68D3F82B
S3150802BF401C80FFF772FF81003846C047C4F8A0007C
S3150802BF5000283FD16068FFF768FFB2E7D4F884206B
S3150802BF603846D3F800B00392FEF74AFD0021DEF701
S3150802BF7099FD0621FEF777FE2946E0F7BFF8D4F8C1
S3150802BF80A0A0034639464046039ACDF80090D84702
S3150802BF90D4F8A0304AF8250053F82530002B90D063
S3150802BFA0013567683846FFF740FFD4F87080A84223
S3150802BFB0D8F80030D2D83846DD69FFF74FFF81003E
S3150802BFC04046A847C4F8A400002842D16068FFF793
S3150802BFD045FF76E7A946E4E7D4F87080D4F88420CA
S3150802BFE0D8F800303846D3F800B00392FEF708FDB9
S3150802BFF00021DEF757FD0821FEF735FE2946E0F750
S3150802C0007DF8D4F8A4A0034639464046039ACDF8EB
S3150802C0100090D847D4F8A4304AF8250053F82530BA
S3150802C020002B3FF44EAF013567683846FFF716FF17
S3150802C030A842D1D82046FFF72AFF054600287FF4F2
S3150802C04041AF01230321304684F8983000F066F8A0
S3150802C05038E70025A946E7E790F8993010B504466F
S3150802C06073B990F8983033B104F174000021BDE831
S3150802C070104000F0E3B8FFF717FF0028F4D010BD10
S3150802C0800120FCE7406A70474069704770470069BB
S3150802C0900368DB691847036A53F82100704737B506
S3150802C0A00446D0E9040255690B46016800954D68B5
S3150802C0B01269A169A84703B030BD006903689B6885
S3150802C0C0184700690368DB681847006903681B6933
S3150802C0D0184743690C20D3E9043203EBC2035B68B1
S3150802C0E000FB0130704741620020704781620020E0
S3150802C0F07047806A7047C3690BB9FFF727BE0120EC
S3150802C1007047FFF7F9BD10B44469134600696269BE
S3150802C1105DF8044BFFF7BEBB01627047C161704709
S3150802C120C069704770472DE9F047D0E9059804467B
S3150802C1300026236A1B689E4204D30020C4E9059898
S3150802C140BDE8F0873146A0686661DEF7E5FE0025A0
S3150802C15007464FEAC60AAF42A56101D80136E8E7A3
S3150802C160236953F80A3003EB4515EB69D5E9041040
S3150802C1705A691B68202A0ABF01460022AA6913B116
S3150802C18060689847E860A5690135E4E72DE9F84350
S3150802C190D0E9057604460025236A1B689D4204D326
S3150802C1A00020C4E90576BDE8F8832946A0686561DA
S3150802C1B0DEF7B2FE002380464FEAC5099845A36119
S3150802C1C001D80135E8E7226952F8092002EB431340
S3150802C1D0DA6922B1126912B1D96860689047A3690F
S3150802C1E00133EBE72DE9F843D0E905760446002545
S3150802C1F0236A1B689D4204D30020C4E90576BDE87C
S3150802C200F8832946A0686561DEF786FE0023804624
S3150802C2104FEAC5099845A36101D80135E8E72269BD
S3150802C22052F8092002EB4313DA6922B1526812B1B5
S3150802C230D96860689047A3690133EBE7036A2DE979
S3150802C240F047D0E905981B68044699420D464161B4
S3150802C25035D28068DEF760FE00230746ED009F426E
S3150802C260A36101D8002616E022696068515901EBDC
S3150802C2704311CB69DB68984706466068FEF71BFDE3
S3150802C280D0F8FCA00346BAF1000F08D1E0680368AB
S3150802C2905B69984786B13046C4E905980AE022697F
S3150802C2A0A0695159D3F80031324601EB4011D04703
S3150802C2B00028EBD0BDE8F087A3690133CFE7012058
S3150802C2C0F8E72DE9F74FD0E905B3044600254FF004
S3150802C2D00C0A0193236A1B689D4205D3019B002021
S3150802C2E0C4F814B0A36126E02946A0686561DEF7A2
S3150802C2F013FE00238146EE009945A36101D8013554
S3150802C300E8E72269975907EB4317FB699B6863B904
S3150802C31023697A683344D3F804C07AB9A169E06814
S3150802C320FFF796FAA3690133E6E739466068984744
S3150802C3300028EDD0012003B0BDE8F08F0021D2F825
S3150802C34000E07145EADA52F8043F002B16DB0AFBD5
S3150802C35003C35B681F68012F01D1586870B10433A3
S3150802C36003EB870047F39B08B8F1000F08DCC71AEE
S3150802C370082F21D00C2F1BD0042F21D00131E0E742
S3150802C3801F68002F03DD5F68002F03DC0433984221
S3150802C390F4D0CFE79F68002F01DC0833F7E7DF68A0
S3150802C3A0002F01DC0C33F2E7103308F1FF38DBE724
S3150802C3B01F68002FEBDD04331F68002FE7DD043307
S3150802C3C01F68002FDADCE2E708B58068FEF718FB7B
S3150802C3D0006808BD0161704770B50C4616460546E9
S3150802C3E08068FEF70DFB2146DEF75CFB0621FEF7A9
S3150802C3F03AFC3146DFF782FE0C222B6903EBC403B3
S3150802C4005B6802FB003070BD70B50C4616460546E1
S3150802C4108068FEF7F5FA2146DEF744FB0821FEF7A7
S3150802C42022FC3146DFF76AFE0C222B6903EBC403B2
S3150802C4305B6802FB003070BD10B50C468068FEF7DB
S3150802C440DFFA2146DEF72EFB0621FEF70CFC006812
S3150802C45010BD10B50C468068FEF7D2FA2146DEF703
S3150802C46021FB0821FEF7FFFB00B1006810BD00237F
S3150802C47070B513600C460546164600F090F8D128AA
S3150802C48001461ADC202808D0236820461B689847EC
S3150802C4903060B0FA80F0400970BD2B68EB1A1A8832
S3150802C4A0062A0AD9DB88E9183BB1EB582268043315
S3150802C4B02046526819449047EAE70120ECE770B52E
S3150802C4C0054600241426AB68A34201DC002070BD91
S3150802C4D02B6806FB0433DA6893F9101098680BF098
S3150802C4E0DCFE0134EFE70023F0B501EBD1746410EA
S3150802C4F0561C9C4208DCCB0741BF035D521843F326
S3150802C500030302F8013CF0BDC55645F303072D1196
S3150802C51002F8137006F813500133EAE72DE9F843D7
S3150802C5200124814604FA00F0013888461546E1F7E7
S3150802C53027F80646A5EB09000F46C0F12003A0F12D
S3150802C540200124FA03F304FA01F104FA00F019436C
S3150802C550E1F752F802460B4630463946E1F77AF8D1
S3150802C560C8F120030F46A8F1200124FA03F304FABE
S3150802C57001F10646194304FA08F0E1F73DF80246C6
S3150802C5800B4630463946E1F78FF941EC100BD4F7E2
S3150802C5908BF851EC100BE1F7F7FABDE8F88301685E
S3150802C5A00246411A0B880A2B09D94B8903B1C3588B
S3150802C5B0888800B110569842B8BF18467047042BAF
S3150802C5C04FF00003F4D81846F5E77047036810B42D
S3150802C5D0DC690022A44601235DF8044B6047C3695F
S3150802C5E05940036AC161013B0362704701207047E3
S3150802C5F0036810B51B690446984718B100202369D9
S3150802C600A36110BD0120FCE7806870470269836850
S3150802C6108069824234BFC01AD01A7047C26840691C
S3150802C620101A7047A0F10400FFF7F8BF2DE9F04190
S3150802C63004460F46806811461646FEF70BFE236827
S3150802C64005460146D3F81C803A4633462046C0477B
S3150802C65000280CBF28460020BDE8F0812DE9F041EC
S3150802C66004460E46806811461546FEF7F3FD236812
S3150802C6700146DF6932462B462046BC46BDE8F041F4
S3150802C6806047F8B504460F468068194615461E46A1
S3150802C690FEF7E0FD2269A3699A4201D00120F8BD9E
S3150802C6A0B842FBD13146A068FEF7D4FD63691B1A6E
S3150802C6B0AB42F3D328442061A0610020EFE738B5E6
S3150802C6C004460D4680691146FEF7C4FD63691B1AC6
S3150802C6D0AB4208D3E36905444340E361236AA56193
S3150802C6E00133236238BD0020FCE70B4610B5044629
S3150802C6F040691146C01AFEF7B3FD236983428CBF0F
S3150802C7000020606110BDA0F10400FFF7EEBF70B50E
S3150802C7100446D0E9053098420E4608D2FEF79AFD3D
S3150802C720314605466069FEF79BFD401B70BD002039
S3150802C730FCE7043870470438704708B503460A44CC
S3150802C740E0F7A6F9184608BD10B5044611B9016006
S3150802C750204610BD496951F8042B40F8042B920073
S3150802C7600BF0C2FDF4E7012370B5C2F11E05A5F16F
S3150802C7702004C5F1200623FA06F603FA04F4344324
S3150802C780AB40C0FB0134C2F11F000132B0F12001F7
S3150802C79004FA02F223FA00F040EA02005CBF44FA05
S3150802C7A001F1084370BD10B5C360039B01600361C4
S3150802C7B000230299C0E90533C0E9011210BD0B68CE
S3150802C7C0002A194630B451F8045B0BDB954209DDA1
S3150802C7D051F82210002905DB30BC03EB82035968A5
S3150802C7E0426D1047002030BC7047FFF7E8BF4B6820
S3150802C7F003EB82035968426D104710B5044609B126
S3150802C800496819B900232360204610BD51F8042B44
S3150802C81040F8042B92000BF067FDF5E710B50446C5
S3150802C820E0F7A2FA2046DDF761FB10BD012070474A
S3150802C830704770477047D4F78FB8704708B5D4F772
S3150802C840D7F8FDF775FAFDF77EFAD4F7C5F8E0F7DB
S3150802C850A1F9BDE80840D7F745B8DDF7A9BF08B57D
S3150802C860D5F7D6F9D5F77AFAE0F764FAE0F770FA67
S3150802C870E0F774FABDE80840D5F7EEB808B5FAF756
S3150802C8801CFADBF769F8FCF720FED4F755FFFCF72C
S3150802C89036FBFCF71EFEFDF746FA0DF07CFAE0F7CA
S3150802C8A02FFABDE80840E0F77DB908B5DCF79EFB2C
S3150802C8B0FDF76AFFDCF7AAFBBDE80840FAF7F4B908
S3150802C8C0704770477047E0F74BB97047E0F726BAEA
S3150802C8D008B5FDF709FFDDF711F8FDF72FFFDDF7BC
S3150802C8E0D3F80CF055FBF8E7406910B528B10246B3
S3150802C8F0016800230120994200DC10BD52F8044F5A
S3150802C90001336043F7E77047002330B5446F00F1FF
S3150802C91058029C4201D1002006E052F8045F8D427B
S3150802C92003D11A3350F8230030BD0133F1E710B5AD
S3150802C9300446DEF775F8204610BD2DE9F041044697
S3150802C9400F4606460025D0F85880A84501D1002092
S3150802C9500BE0B369202B0AD13946F0690BF0BAFC11
S3150802C96028B91C2303FB05400430BDE8F0810135D4
S3150802C9701C36EAE72029F0B506D000231C25846D6B
S3150802C98000F11806A34201D1002006E005FB03F2D6
S3150802C990B758B94202D104321044F0BD0133F1E767
S3150802C9A020292DE9F04105460F461446984621D01E
S3150802C9B003681B689847E8B9D5F858C0BCF1020F56
S3150802C9C018D80FCC4FF01C0E0EFB0C5E0EF10406A7
S3150802C9D00FC66B6F94E8070086E807000CF10102A0
S3150802C9E0CEF81870AA6505EB83020133D765C2F83B
S3150802C9F068806B67BDE8F081F7B5044614F4004C0D
S3150802CA004FF6FF7608BFFF2620F40040050205F41C
S3150802CA10E065C0F306209E42019145EA000504F04E
S3150802CA20380E0846897904D201A800F0BBF9002716
S3150802CA301AE06FF30F044EF0800EEE1844EA0E0465
S3150802CA4044EA162436020C31B6B247183443445027
S3150802CA50391D2944BCF1000F09D021F8023C1146C0
S3150802CA60E1F720FB0028E2D1384603B0F0BD01F811
S3150802CA70013CF4E770B504460E4615680A460021DD
S3150802CA800BF00BFC25F4004520462122314600F026
S3150802CA90D3F8290A04312046C9B200F053F9A3791A
S3150802CAA01C44E56070BD026810B501F0040022F46A
S3150802CAB00044C2F306220021043240F0290000F0A5
S3150802CAC0CFFB10B183790344DC6010BD0346002214
S3150802CAD000681A600179E1F7E5BA10B50021FFF797
S3150802CAE0E2FF044608B9002010BD0179E1F7DAFA37
S3150802CAF00028F8D1A3790C33E018F5E72DE9F041BF
S3150802CB001746056801F0040125F400452C0204F4D1
S3150802CB10E064C5F306252C4306461A46043441F05A
S3150802CB20290507B18BB13B462146284600F06BFC26
S3150802CB30804650B1E1B200F07FF93B462A464146AB
S3150802CB403068BDE8F041FFF757BF0020BDE8F08125
S3150802CB502DE9F341002401F004010668074641F075
S3150802CB602905106829461460019000F025F90198F4
S3150802CB7000F08EF926F40046310201F4E061C6F3AC
S3150802CB800626314380460122043101A800F0E6FA5E
S3150802CB9030B101A800F006F9204602B0BDE8F081DE
S3150802CBA043462A4601993868FFF726FFF5E708B58E
S3150802CBB0F7F7C4FD08B1C3681BB1003818BF0120D6
S3150802CBC008BD4069F6E72DE9F0478846164658B388
S3150802CBD052B3E1F7AFFA074640B3B1460025BA4663
S3150802CBE09AF806109AF807403F68641AE4B2444570
S3150802CBF084BF4446012544B10C3148462246514475
S3150802CC000BF072FBA144A8EB04085046E1F7F2FACE
S3150802CC10002FE4D165B93246022052F8041B0AF005
S3150802CC2005FF2846BDE8F0872220FBE71B20F9E727
S3150802CC301E20F7E77047704738B514460A460021A2
S3150802CC4005460BF02AFB042324F01C0444F01004C6
S3150802CC502C716B7138BD2DE9F74F1F469DF83030A0
S3150802CC60894683460193002850D0002966D00D686C
S3150802CC70002D65D04FF0000AEC79A979641AE4B25E
S3150802CC80BC4207D30C31394458462944E41B0BEB02
S3150802CC90020836E02868AA463F1B002836D0054611
S3150802CCA0EAE70619464588BFA8EB0004224688BF6C
S3150802CCB046460BF019FB019B002B3CD0A879E4B23F
S3150802CCC03FBB2044A871E979AA79914233D1D9F8B0
S3150802CCD000202F68AA4208BFC9F80070BAF1000FEF
S3150802CCE001D0CAF800702846E1F784FA67B1BA7922
S3150802CCF0FC7902F10C013D46394430460027A41A54
S3150802CD00E4B24045CDD30646A6EB0B0003B0BDE818
S3150802CD10F08FEA793919121AD2B2914207DA0C302F
S3150802CD202844D21B0144121B38440BF09DFAEA79B7
S3150802CD30121BEA71C7E7AA462F68D7E70846E5E74E
S3150802CD402846E3E710B5C4790246C4F14503D8B2CA
S3150802CD50884228BF08460444D47110BD38B5054632
S3150802CD60C079C0F14504E4B2944288BFD4B20C300B
S3150802CD70224628440BF0B8FAEB7920462344EB7195
S3150802CD8038BD1FB503910021009103A9FFF763FF80
S3150802CD9005B05DF804FB13B501240094FFF75BFFA9
S3150802CDA002B010BD38B50446206800B938BD05681A
S3150802CDB0E1F720FA2560F7E7034601F0EC0103B92B
S3150802CDC070471A79834202F0130242EA01021A7183
S3150802CDD05A790CBF42F0010202F0FE025A711B6830
S3150802CDE0EDE710B578B1026872B9002309E0194671
S3150802CDF003600B68002BF8D05C79E407F7D50024AA
S3150802CE000C600360104610BD1146F2E720B10068B7
S3150802CE1010B14379DB07FAD57047034658B10020AB
S3150802CE20DA7999791B68521A50FA82F01BB15A7943
S3150802CE30D207F5D57047704770B50D460446E8B176
S3150802CE4086798E4203D3751A8571012070BDC2791F
S3150802CE5006F145039B1ADBB299420FD806F10C017B
S3150802CE600144921BA81BD2B208440BF0FDF9002319
S3150802CE70A371E3791D44AD1BE571E6E70020E5E7FA
S3150802CE800346006818B102681A60002303607047F7
S3150802CE900346002003B97047DA7999791B68521A52
S3150802CEA050FA82F0F6E72DE9F84F8946144682468B
S3150802CEB0FFF7EEFF05464846FFF7EAFFA542074693
S3150802CEC001D3A04208D2BD4208D10024A346A046F7
S3150802CED0264647B9384604E02746F6E738D24FF0E1
S3150802CEE0FF30BDE8F88F5EB99AF806809AF80760AF
S3150802CEF0A6EB080608F10C08D044DAF800A0F6B248
S3150802CF00BBF1000F0BD199F8064099F807B0ABEBC5
S3150802CF10040B0C344C44D9F800905FFA8BFB5E453F
S3150802CF20354628BF5D46BD4228BF3D4621462A46AC
S3150802CF3040460BF089F90028D3D1A8442C447F1B1C
S3150802CF40EDB2761BABEB0505F6B25FFA85FBC0E7D9
S3150802CF500120C6E703680BB9016070471A461B68C9
S3150802CF60002BFBD111607047036803B10B600160A7
S3150802CF70704739B10B461A461B68002BFBD103686A
S3150802CF8013600160704770B5046806460D4644B1E1
S3150802CF902046FFF77DFFA84211D8236813B9E37923
S3150802CFA0A37170BD20463360E1F724F93468F4E7CB
S3150802CFB0ED1A236820463360E1F71CF93468002D20
S3150802CFC0EFD0A279E3799B1ADBB2AB42F0D92A44B5
S3150802CFD0A271E6E7F8B5066805460C4646B130463C
S3150802CFE0FFF756FFA0421DD8336813B9F379B37118
S3150802CFF0F8BD30462B60E1F7FDF82E68F4E70646E1
S3150802D00038460768002FFAD1C2798379D31ADBB278
S3150802D010A34202D9121BC271EAE7E41AE1F7EAF857
S3150802D0203EB13760002CE3D028680028E0D00026FD
S3150802D030E7E72E60F6E7F8B504460F46BC4200D18C
S3150802D040F8BDA179E5796D1AEDB2C5F14506B6B214
S3150802D0500EB92468F2E749B10C312A46214404F193
S3150802D0600C000BF001F90023E571A3712368BB429A
S3150802D070EFD05A79D207ECD49979DD79A0796D1A6D
S3150802D080EDB2B54228BF3546E2790C3010440C3170
S3150802D0902A46194420440BF027F9E379206853FA03
S3150802D0A085F3E3718379761B53FA85F5C379EDB275
S3150802D0B0AB42B6B2857103D103682360E1F79AF8E9
S3150802D0C0002ED3D1C5E738B1002302790360436045
S3150802D0D08360042302714371704700221146E1F707
S3150802D0E007B938B504460D46FFF7A6FEA8B994B1A6
S3150802D0F02079FFF7F2FF68B10460627943799207F3
S3150802D1004CBF43F0020303F0FD03437145235D1B45
S3150802D110C371857138BD0120EBE72046FAE738B5B9
S3150802D120036804460D46ABB11879FFF7D6FF98B1E6
S3150802D130226843790260527992074CBF43F0020390
S3150802D14003F0FD03437145235D1BC371857120609E
S3150802D150002038BD0120E8E71920FAE770B50C4629
S3150802D1601646054628B3006818B309B9002070BDEB
S3150802D1700AB145291FD8E1B2FFF75EFE0028F5D1AC
S3150802D1801EB92B689A799E71A41A442C08D8002CC9
S3150802D190ECD02846E1B2FFF7C2FF0028E6D004E049
S3150802D1A045212846FFF7BBFF08B11920DFE7453CB2
S3150802D1B0EBE72220DBE72120D9E72DE9F84390F8AF
S3150802D1C0078090F806900446A8EB0907FFB2B94211
S3150802D1D00D4602D30020BDE8F8830079FFF77DFFEC
S3150802D1E006460028F6D0A17980790C317F1B29449E
S3150802D1F00C30BAB2214430440BF076F8F3790120A8
S3150802D2003B44F371E37999444D442368A5EB080539
S3150802D210E57133602660DEE7F8B5076806460D460F
S3150802D2203C46002305B12CB90BB100221A603460C2
S3150802D2303846F8BDE379A2799B1ADBB2AB4207D826
S3150802D240E379A2799B1ADBB2ED1A23462468E9E749
S3150802D2502046E9B2FFF7B1FF0028F1D10746E7E712
S3150802D2605318452B02DCC9B2E1F742B800207047D1
S3150802D270F7B5002605460F4601960DB9019C09E049
S3150802D280002238461146E1F733F8044628B901A8C0
S3150802D290FFF788FD204603B0F0BDA979437981716D
S3150802D2A0EA7923F00303C2716879521A00F003007F
S3150802D2B0034301F10C0063712918D2B220440BF022
S3150802D2C013F8019B03B9019406B1346026462D680A
S3150802D2D0D3E72DE9F74F0C4690460746002852D069
S3150802D2E0002C53D0E279A579521BD2B29A4207D9B9
S3150802D2F0C2460C351D442544BAF1000F0ED13EE054
S3150802D30024689B1AECE7254634E0002C39D0002223
S3150802D31038791146E0F7ECFF386007468CB387B3D5
S3150802D320E679F8790C362644761B5645334628BFE5
S3150802D3305346C0F1450B5FFA8BFB5B45994628BFFE
S3150802D340D9460C304A462946384401930AF0CCFF9E
S3150802D350FA794E454A44019BFA714D44AAEB090AE9
S3150802D36008D12468002CCED0A579E279AA42F8D051
S3150802D3700C3525445B45BFD3BAF1000FC5D14FF032
S3150802D380000AA8EB0A0003B0BDE8F08F2046FAE7C8
S3150802D3902DE9F8430E461546074680B389B35AB3B4
S3150802D3A00446E279A3799A4202D1A146A84611E037
S3150802D3B02368002BF9D0D9799A799142F5D01C467F
S3150802D3C0EFE72AB9B9793879E0F792FF024688B1C8
S3150802D3D0A1461446424631462046FFF7BFFC4C4555
S3150802D3E018BFC9F80040A8EB000822680644B8F13D
S3150802D3F0000FE6D1A5EB08052846BDE8F8830546E1
S3150802D400FAE70D46F8E7452937B515461C4611DCF5
S3150802D4100022C9B2E0F76CFF019040B122462946C4
S3150802D420FFF7B6FF844202D901A8FFF7BBFC0198B1
S3150802D43003B030BD0020FBE738B51546C9B2FFF781
S3150802D44042FE81712944C17138BD0B6803B118685F
S3150802D450086010B14379DB0703D5003818BF0120ED
S3150802D46070470068F4E70B6813B908600120704733
S3150802D4701868086020B1407900F0010080F00100C8
S3150802D480704713B500240246019438B1104601A923
S3150802D490FFF7E9FF28B9002C18BF2246104602B04A
S3150802D4A010BD019CF2E7E1F7FFB80CF02FBE2DE99B
S3150802D4B0F0410E460746E1F789FC83683060D907D2
S3150802D4C003D400242046BDE8F08100224321E6F772
S3150802D4D033FB0578044605F00F05032D90F8018005
S3150802D4E00DD1BB8A9A060CD4BB8A9B0702D4B8F123
S3150802D4F0250FE6D8032DE5D0052DE3D0E1E7052D66
S3150802D500F2D13068E2F7DEF90028EDD1D9E7838A4D
S3150802D5109B0602D5084602F0C8BB704702F0C5BB97
S3150802D52041773120E6F7D8BB56280CBF01230223E0
S3150802D53031204B77E6F7D0BB08B5E1F757FDBDE8D2
S3150802D54008403120E6F7C8BB38B500F12C05044679
S3150802D550284602F064FB50B194F8203013F0180FF5
S3150802D56005D02846BDE83840002102F06EBBA06A05
S3150802D57038BD2DE9F84390F823300546012B0E46AF
S3150802D58002D90020BDE8F88390F82030D90758BFA1
S3150802D59086F00106002E4AD1077EFFF7D5FF02F074
S3150802D5A038FC0378417807F1FF389A0601F102013F
S3150802D5B05FFA88F80BD5B8F1010F08D8012F14BF06
S3150802D5C004240824837803F01F0304EBC3063846B1
S3150802D5D002F055FB95F8213081465B0754BF0221BC
S3150802D5E095F82510384648BF0231B8F1010F9DBF9C
S3150802D5F0013189B24FF0A0084FF0000802F03FFB54
S3150802D6000746EC68E1F778FDA4F59673A3EB0903E0
S3150802D6109B1BDB1BA3EB08031B1A002BB1DD95F83A
S3150802D620210000F00C00003818BF0120AAE70120EB
S3150802D630A8E738B504462C3002F0F1FA94F82130FE
S3150802D64001288CBF43F0080303F0F70384F821305E
S3150802D6502046FFF779FF054602F0DBFB94F82030F7
S3150802D660228CC3F38001C3F340039B0043EAC10340
S3150802D67094F8211042F40052C1F3C00143EA01139F
S3150802D680017842F0080201F023010B430370437844
S3150802D69003B122842846BDE8384002F0BFBB5328AE
S3150802D6A0F8B50C4615D009D8232800F0EA80512887
S3150802D6B000F0C880BDE8F840FFF73EBF5628F9D10A
S3150802D6C091F82030DA075CBF23F0100381F8203086
S3150802D6D0F0E7E1F77BFB054600220221E6F72CFA82
S3150802D6E0AB680646D80735D494F82330013384F854
S3150802D6F0233094F82630013384F826300026012197
S3150802D7002046FFF736FF0746C0B194F82030D807FF
S3150802D71040F1818094F8213059077CD404F12C0019
S3150802D72002F07DFA012894BF00230123580094F8D9
S3150802D7302210E1F7B5FA2046FFF77BFF2846E1F704
S3150802D7407FFB032E69D1284602F0AFFA2B7B84F8B9
S3150802D750273064E0002394F8212084F8233042F02D
S3150802D760100384F82130317894F82030C1F380010F
S3150802D770C3F38000814218D083F0040343F01001FA
S3150802D78084F8201042F05002090784F821200CD5AB
S3150802D79023F0080343F0100304F12C0084F8203028
S3150802D7A002F05BFA3320E6F797FA327894F82030DB
S3150802D7B0C2F3C001C3F34003994228D194F8213039
S3150802D7C0D2064CBF43F0040303F0FB0384F821306E
S3150802D7D07378B3B994F8203083F0020384F82030C2
S3150802D7E0327897078AD072789AB143F0200384F880
S3150802D7F0203094F82130032643F0200384F82130A0
S3150802D8007DE72846E2F75EF80028E3D176E70126A7
S3150802D81075E7022673E7022089E7002E96D194F867
S3150802D8202130DA070AD494F8202043F00103D607F8
S3150802D83048BF6A6884F8213048BF2260002F3FF447
S3150802D84039AFF8BD91F82030084623F0300381F845
S3150802D850203091F8213043F0020381F82130FFF796
S3150802D86073FE02F0D6FA00212046FFF782FE002850
S3150802D8703FF420AF94F822100120BDE8F840E1F702
S3150802D88025BA91F82030DD06DBD518070BD4656872
S3150802D890E1F732FC2D1AB5F57A7FD2DB2046BDE8D0
S3150802D8A0F840FFF7C6BE91F821301907EFD504F103
S3150802D8B02C0002F0B4F90128E9D9C2E7E6F7D6BE88
S3150802D8C00A2802D80130C0B27047242801D802308B
S3150802D8D0F9E7252805D0262805D0272818BFFF20CE
S3150802D8E07047002070470C20704708B5E6F7C4FE5B
S3150802D8F020B1BDE808402020E1F78CBD08BD70477D
S3150802D9007047704770478B69184700230370704742
S3150802D910002070477047704770474FF00000704705
S3150802D92000207047704770470020704700207047F4
S3150802D9300020704700207047002070474FF0FF30E4
S3150802D940704770477047002070470020704770473D
S3150802D950704770477047704770477047F0F710BBBB
S3150802D960F0F716BBF0F72EBBD7F792BD704708B58E
S3150802D970E1F774F818B1BDE80840E1F7C1BD08BD82
S3150802D9802DE9F8430E6A05460C461EB106600020CC
S3150802D990BDE8F883088B4B8B18440A3080B2E1F74E
S3150802D9A01BF9286090B32046E1F74AFAD5F80080B9
S3150802D9B00A2198F806704046FFF7C4F90C37A37B8C
S3150802D9C008EB070989F80730637B314689F8063080
S3150802D9D0628B238B20461344A9F80830237B4FF623
S3150802D9E0FF7289F80530636848F807302B68E1F753
S3150802D9F059FA238B628B1344984201D12660C6E7F3
S3150802DA002B681BB12846E1F7ABF82E601920BFE751
S3150802DA10E6F72CBE10461946704737B50C4605463A
S3150802DA200DF1060101A8E1F72DFE43F6FF739C42AC
S3150802DA300DD047F6FF739C4209D0BDF904309C42CB
S3150802DA40B8BF1C46BDF906309C42A8BF1C46AC812D
S3150802DA5003B030BD704770470020704700207047FA
S3150802DA6070471120704700207047002070477047A2
S3150802DA707047002070477047704701238371D31C93
S3150802DA80C3714379417343F0030382734371704749
S3150802DA9000207047704770474FF0FF3070470020EC
S3150802DAA070477047704700207047002070474FF054
S3150802DAB0FF307047112070470020704701207047D9
S3150802DAC00020704700207047002070477047704753
S3150802DAD0704707B501A80191FFF764F9002003B062
S3150802DAE05DF804FB704770470020704700207047B6
S3150802DAF07047002070470020704770477047002023
S3150802DB007047002070471120704770477047002001
S3150802DB10704770B515461A1D0E46D2B20E21FFF78A
S3150802DB20ACFF83790C3318440123A0F80360837091
S3150802DB30457170BD38B504460D46FF21FFF79DFFB6
S3150802DB4083791C44A57338BD38B504460D463E2173
S3150802DB50FFF793FF83791C44A57338BD70B50E464B
S3150802DB6015460F210422FFF788FF83790C331844E0
S3150802DB7001238680C370857070BDFFF77EBF10B51E
S3150802DB8004460023FFF7C5FF2046BDE81040E1F72B
S3150802DB90E3BE2DE9F041804602200F4616461D4691
S3150802DBA0FFF79BFA044688B10C210822FFF765FFA6
S3150802DBB083790B441C449DF81830A4F803806771D6
S3150802DBC0E6802581A370E1F7C7FE0120BDE8F08152
S3150802DBD008B50220FFF781FA30B101221121FFF7B9
S3150802DBE0B3FFE1F7B9FE012008BDF8B504460F46B2
S3150802DBF01646132109221D46FFF7A6FF83790C3321
S3150802DC001C441323E770A37026712B68C4F80530E9
S3150802DC10AB88A4F80930BDE8F840E1F79DBE70B5B7
S3150802DC20054602200E46FFF758FA0446B8B12846BA
S3150802DC30E4F7D0FD01F0DEFA00F001000422142117
S3150802DC40A0602046FFF780FF1422A3790C332344F1
S3150802DC509A70A3F803505E71E1F77EFE012070BD4B
S3150802DC6008B509F088F908BD2DE9F04107460220F2
S3150802DC700D4690461E46FFF730FA0446E0B10922E1
S3150802DC802121FFF761FF0A2283790C331C44BDF96F
S3150802DC90183084F8038093FBF2F323729DF81C3044
S3150802DCA0A7806372BDF92030A67193FBF2F3E57182
S3150802DCB0A372E1F751FE0120BDE8F08137B50446AB
S3150802DCC0FFF7E6F8FF22A379C0B20C33E518E2544F
S3150802DCD0831E6B700D23AB70AB791C38012BE8766B
S3150802DCE08DF8073009D10023E91D1A460DF1070000
S3150802DCF0FFF7D7FE9DF80730AB712046E1F72CFEF9
S3150802DD0003B030BD00F0F2B97047704738B5044623
S3150802DD1002F009FD054658B9C820E1F7CDFCC8222C
S3150802DD2002212846E1F766FD8442A8BF044624B2CA
S3150802DD302046E1F7C1FC02F0F6FCBDE83840C822ED
S3150802DD400221E1F757BDB0F90020B1F900302DE9FB
S3150802DD50F3479A4204460D464BDC0BF003FF804616
S3150802DD60E4F796FF002841D1E1F758FD824602F012
S3150802DD70DAFCC8220221E1F73DFD0DF106018146D2
S3150802DD8001A8E1F77FFC47F6FF73B5F900209A422E
S3150802DD9004BFBDF806202A80B4F900209A4204BFBF
S3150802DDA0BDF804302380B5F90000FFF7AFFF074638
S3150802DDB0B4F90000B842C4BF38462780E1F7CCFC64
S3150802DDC003F0FAF8064660B15046E1F7C5FC484644
S3150802DDD0E1F772FC40460BF0C0FE304602B0BDE8E1
S3150802DDE0F087E1F71BFD20802F80F3E741F20C064E
S3150802DDF0F0E72126F1E730B190FAA0F00123B0FA54
S3150802DE0080F08340D8B2704770B5064601F0F8F93B
S3150802DE10C0F3801484F0010402060546E4B206D46F
S3150802DE200821304601F084FE44EA4004E4B2EB05D8
S3150802DE3006D40B21304601F07BFE44EA8004E4B2A4
S3150802DE40204670BD4B1E032B10B50C4601D803297C
S3150802DE5002D10023184610BDFFF7D6FF04EA0003D5
S3150802DE608443F6D1F6E72DE9F74304468846164673
S3150802DE70019301F0C5F9C0F34015204601F03CFCB8
S3150802DE8021468146284601F0ACF9074606B32046E4
S3150802DE90E4F7B8FC8046204601F031FC32460146DA
S3150802DEA0019B1FFA88F0E1F7ABFE2146284603F0EC
S3150802DEB062FE2021204601F0A9F957E8003F43F403
S3150802DEC0805347E80032002AF7D103B0BDE8F08351
S3150802DED001A8FEF767FF99F80110404601F00F0105
S3150802DEE001F0C1FE2A46062814BF014631462046DD
S3150802DEF001F0B4FBD9E7032970B506460D46144668
S3150802DF000CD0042919D0012915D1222101F0BDF915
S3150802DF102846314603F05FFE002070BD1368127969
S3150802DF201B680021FFF79FFF002223683146012064
S3150802DF301A6003F050FE0120EFE713680C221B68F3
S3150802DF40EFE7012910B504460CD101F059F921462B
S3150802DF50C0F3401001F045F90023817C1A46204699
S3150802DF60FFF781FF012010BD2DE9F7430F4605464D
S3150802DF7001F046F900F02009C0F34018284601F0DE
S3150802DF80BBFBBB7900780C333B445E789B7800EA8E
S3150802DF9010101E403040FFF72EFF044648B9B9F16B
S3150802DFA0000F06D12846FFF72FFF3040FFF723FF61
S3150802DFB00446284601F0A3FBE5F76EFDA04223D0EE
S3150802DFC01CB30221284601F063F9002106462846B9
S3150802DFD001F025FA1821384603F044FD384603F0C5
S3150802DFE032FDB6B2394644708470A0F803602846FA
S3150802DFF003F01EFD23462246294640460096E1F7CF
S3150802E00053FE03B0BDE8F08300242646E2E770B566
S3150802E01004460D4603F00FFE28B929462046BDE8F8
S3150802E0207040FFF7A1BF402829462046BDE8704048
S3150802E0304FF0160314BF2A222322E7F739BA38B556
S3150802E04005460C4601F0DCF8830604D42046BDE8F2
S3150802E0503840E0F7CFB821462846BDE83840FFF7F2
S3150802E06083BF2DE9F3418C7906460C340C440D46E0
S3150802E07001F0C6F8A17807463046FFF7E3FE617855
S3150802E08080463046FFF7DEFEB4F8032003460092C8
S3150802E090C7F3401042463146E1F706FE284602B06B
S3150802E0A0BDE8F041E0F7A6B808B58B790B441B7BAF
S3150802E0B0162B03D0172B05D0002008BDFFF7A7FFA4
S3150802E0C00120FAE7FFF7BBFFFAE708B58B790B449D
S3150802E0D01B7B162B03D0182B05D0002008BDE1F7B1
S3150802E0E00DFE0120FAE7FFF7BCFFFAE770470228A0
S3150802E0F005D0032805D0012806D1E2F7D3BCE2F7FA
S3150802E100C1BC0020E2F70CBC704710B1012803D04D
S3150802E11070470120E2F704BC0020FBE7F7B51F466B
S3150802E1208B1E012B04460D46164605D9032D1DD80E
S3150802E130DFE805F012181218FFF7AEFC0023CDE946
S3150802E1400004F01A18BF01201A463946FFF7B2FC36
S3150802E1500028EBD1012003E0204601F0E5FD00206E
S3150802E16003B0F0BD204601F0EFFDF3E7FF20F7E725
S3150802E1702DE9F0471D46002391460446DDF820A006
S3150802E1800F460AF10E01C380C9B2FEF7DBFDB9F1EB
S3150802E190000318BF0123A6790AF10C0A0C3604EB10
S3150802E1A0060888F801A005F00F0545EAC315A35D20
S3150802E1B04A4603F040031D439DF824103B46A555E5
S3150802E1C008F10200FFF7AAFFA35D60F38613A355C1
S3150802E1D03B68C8F80830BB88A8F80C30BDE8F08759
S3150802E1E02DE9F0410F460446242118461E461546D7
S3150802E1F09DF8188001F07AFFC319B8F1000F37D1DC
S3150802E200033E012E94BF0322022240F271265200D7
S3150802E21006FB023342F21072608941007143A1F291
S3150802E220E2469642A8BF16466A1A921BD21A002AD4
S3150802E230C2BFB2FBF1F202FB0112AD1AEA1A09D504
S3150802E2405242B2FBF1F707FB011C01FB1722654498
S3150802E25002B96D1AEB1A8B4240F2E2470AD8B3FBAF
S3150802E260F7F3022298B2E27120812846BDE8F081CE
S3150802E2700122CAE75B1ABB42B8BF3B46B342A8BFF4
S3150802E2803346B3FBF7F107FB1133CAB2002BEAD0C8
S3150802E2900132D2B2E7E7C0F3845303EB830300EB00
S3150802E2A0830080B27047F8B500231360047D0546E3
S3150802E2B08068FFF7F0FF14F00807034603D00B4403
S3150802E2C06B600120F8BD6E68701AB0EB030CF8D5C6
S3150802E2D014F001000AD1D5E90374E41B14EB0C0F00
S3150802E2E0F0D419448E1B16606960EAE73846E9E7F6
S3150802E2F010B50446E2F7C8FE6168E069E2F74EFF28
S3150802E300BDE8104001F047BD38B50C46C94301F0D7
S3150802E31001010546E2F782FFA30702D4E869E2F79C
S3150802E32067FFBDE8384001F036BD10B50446E2F78E
S3150802E33075FF2046E2F7A8FEBDE8104001F02BBDA6
S3150802E340007D00F0010070470120704707B5036899
S3150802E35001A80193E0F776F903B05DF804FB01F032
S3150802E360FCBCFFF7F0BC70B504460D460BF0FAFB91
S3150802E370236A06462B432362A36973B16368C3F50E
S3150802E3807A75E0F7B9FEE84202D52046E3F72EF899
S3150802E3903046BDE870400BF0E0BBB5F5007F04D10E
S3150802E3A0E06AFEF775FD2085F2E7206BFEF770FD41
S3150802E3B06085EDE702F00EBE2DE9F04F85B0914675
S3150802E3C0139A8A46B2F900201D46009200229DF849
S3150802E3D03830139901930A809DF84830826902936E
S3150802E3E00446DDF840B09DF850309DF858609DF817
S3150802E3F064809DF86870002A40F00C8105F01C02C2
S3150802E4001C2A00F0EF80EA0617D405F00302032A55
S3150802E41008BF05F0FD0505F0F70500222046218D07
S3150802E4200393E3F7D1FE40F2712202FB09F290420E
S3150802E430039B08D941F24500D1E0012605F01403F1
S3150802E440142B3346E9D1A80608F0FD0248BF05F0A9
S3150802E450FC05012A00F0CC80B8F1020F08BF4FF084
S3150802E46004089A0784F8718000F1C5805B0740F1B9
S3150802E470C480B8F1030F14BF0321042107F0FD037A
S3150802E480012B84F8801000F0BA80022F08BF0427F7
S3150802E490B00784F8727000F1B480720740F1B38055
S3150802E4A0032F14BF032304230020009A84F8903014
S3150802E4B0E1F7A0F9EF060646A4F85C0008D402F0D4
S3150802E4C032F9009A94F89010E1F794F9A4F85C00EE
S3150802E4D0139B3146188004F17800FFF79EFA47F637
S3150802E4E0FF7104F18800FFF798FAE06C94F890102F
S3150802E4F0FFF7B6FAFF22236A84F862209DF86020A5
S3150802E50023F09F0343EA021305F01802182A08BFEC
S3150802E51043F0800323F06003680723620CD4029A4F
S3150802E520D10744BF43F020032362029B9A0742BFE6
S3150802E530236A43F0400323622946204600F0D9FBAA
S3150802E540236AA4F8585023F00703236204F16902E8
S3150802E550BBF1000F59D0DBF80010C4F86910BBF8FC
S3150802E560041091809DF83C20012A02D143F004034D
S3150802E5702362019B03F0FD03012B02BF236A43F0CA
S3150802E58001032362019B023B012B9EBF236A43F0D0
S3150802E59002032362FFF792F994F874309DF85C201F
S3150802E5A084F8730023F00F03C0F30320034362F3D6
S3150802E5B0071384F874309DF84430204684F8603096
S3150802E5C0EB0648BF236AA4F854A048BF43F40023C5
S3150802E5D0A4F8569048BF236200F0A8FC002005B0B4
S3150802E5E0BDE8F08F01264FF0060A3346D1462AE7E0
S3150802E5F04FF0030835E7022140E701213EE70327EA
S3150802E60046E7022350E701234EE7C4F869B0A2F8A9
S3150802E61004B0AEE741F20C00E1E7F8B51646026A25
S3150802E620044622EA06020262DA070D46069F0ED55C
S3150802E6300846FEF7B7FBA3694BB9B4F85830DB06B0
S3150802E64005D4B6F5007F204608D100F036FB1FB187
S3150802E65039462846FEF77EFC0020F8BD00F03BFB53
S3150802E660F5E770B50446C06A0D46FEF711FC064684
S3150802E670206BFEF70DFCB1B282B22046E3F7A4FD89
S3150802E680A36933B140F27122B4F854305343984225
S3150802E69001D8002070BDB4F85630834205D2284608
S3150802E6A0FEF780FB41F24500F4E700F51C70B0FB6B
S3150802E6B0F2F0A4F85400ECE7930701D5FFF753BE2E
S3150802E6C07047F0B585B016460446039330B903A8D9
S3150802E6D0FEF768FB41F2420005B0F0BD01291BD0E6
S3150802E6E0022906D059B103A8FEF75CFB41F21200D3
S3150802E6F0F2E703A8FEF756FB41F20C00ECE74FF4EB
S3150802E700007700F12C05B4F858305B0709D503A841
S3150802E710FEF748FB0020DFE74FF4806700F130057B
S3150802E720F1E7039B3A462946009320463346FFF70C
S3150802E73074FF2868FEF7ACFB1F2801DC032E01D004
S3150802E7402846D1E729462046FFF78BFF20B93946E6
S3150802E7502046FFF708FEDDE741F24500BCE783697C
S3150802E7603BB1B0F85830DB070FD490F86130FE2B76
S3150802E7700BD0036A43F4005303620B68C0F8633094
S3150802E7808B88A0F867300020704741F20C0070476A
S3150802E79038B5B0F858300446DB070AD4204600F0EC
S3150802E7A075FB054618B10021204600F054FB2846A1
S3150802E7B038BD836C002BF1D1E4F782FAA0640028F5
S3150802E7C0ECD141F20905F2E7A0B1CB0742BF036AD1
S3150802E7D043F4805303628A0742BF036A43F48043C1
S3150802E7E003624B0701D400207047036A43F40043CF
S3150802E7F00362F8E741F242007047A0B1CB0742BF75
S3150802E800036A23F4805303628A0742BF036A23F426
S3150802E810804303624B0701D400207047036A23F43E
S3150802E82000430362F8E741F2420070471FB5436BA3
S3150802E8300C4623B9836B13B9002004B010BD9A792C
S3150802E840002198180E306A4601F066FE9DF80730D8
S3150802E850002BF1D0009A0120D35A2380EDE738B570
S3150802E8600546FF2190F8900001F00FFE2B6A044638
S3150802E8709B0209D52846E2F7C7FEFFF759F88379BE
S3150802E88003F01F0304EBC304204638BD10B5044643
S3150802E89009B1012010BDC06C48B9206D60B9B4F841
S3150802E8A058309B07F5D1206AC0F38050F2E7FFF78C
S3150802E8B0D5F80028F1D0ECE7FFF718F90028EED0D2
S3150802E8C0E7E710B50446FFF7E1FF002814BF182052
S3150802E8D00020B4F858309A06C3F3800103F04003C7
S3150802E8E058BF40F0010043EA4103184310BD38B54A
S3150802E8F00C4600210546FFF7C9FFD0B9E30615D530
S3150802E90004F0180095F88030012B11D12B6AB5F85E
S3150802E91058201C0444BF02F040010843910607D45C
S3150802E920920704BFC3F38033184301E004F05B0087
S3150802E93038BD1820E6E72DE9F04F8BB01E46149B2A
S3150802E9400F46D3F800A09DF854809DF858500390BE
S3150802E9508DF81F20BAF1000F45D15046FEF7BDFBD0
S3150802E960044618B919200BB0BDE8F08F149B18603D
S3150802E97063793A4623F00103637103980023CDE9CC
S3150802E98000640DF11F01E3F775F80246B8F1000FAE
S3150802E99006D00720A3792344197B60F30301197370
S3150802E9A01AB3D7B1002339462046FEF792FC06462B
S3150802E9B02046FEF766FD8146002D14BF4FF00C0B6C
S3150802E9C04FF0080B4BF01002CBF380030492059329
S3150802E9D03846FEF75DFAB0420CD86379002043F058
S3150802E9E001036371BFE75446C2E7002FF5D0A1467B
S3150802E9F01646E1E73846FEF74BFA0021A0EB060871
S3150802EA005846E6F71DF8059B03B10730C0F1FF0328
S3150802EA1023EAE3739845D1BF5A46C0F1FC03049A28
S3150802EA2023EAE37398454FF000000692A8BF98467A
S3150802EA30FEF753FB069A054638B9BAF1000F2FD0EE
S3150802EA4023682060099309A82BE0437909A943F0B2
S3150802EA50010343710023C9F800008DF824200190B0
S3150802EA603A46009303983346E3F704F81FFA88F206
S3150802EA70904206D0EB79A879023B434429181B1A1F
S3150802EA804B735AB13346394628461FFA88F2FEF7BF
S3150802EA9020FC06442846FEF7F4FC0546A94697E7F5
S3150802EAA01498FEF77FF95DE7B0F85830D90608D40E
S3150802EAB05A07C3F3800005D513F0030018BF0120D7
S3150802EAC070470020704710B50446C06C18B9206D0F
S3150802EAD068B900200AE0FEF7C1FF0028F7D0B4F8AB
S3150802EAE0580000F00300B0FA80F0400910BDFFF7A5
S3150802EAF000F80028F3D1ECE72DE9F84F05469046D1
S3150802EB001F46FFF7DEFE014606462846FFF7EFFEDA
S3150802EB1083462846FFF7D7FFB5F858A081461AF06C
S3150802EB20030F06F0EF0407D11AF0200F02D11BF0EB
S3150802EB30010F01D006F0EE042B6A44EA4914E4B246
S3150802EB40C3F3805628465B0254BF44F0080444F0D7
S3150802EB500C04FFF7A9FF48B144F002040A9B88F89F
S3150802EB6000403E7083F80090BDE8F88F1AF0040F53
S3150802EB7008BF04F0FD04F1E72DE9F043B0F8583078
S3150802EB800446C3F30016DB0687B05CD400F13805E9
S3150802EB902846FEF707F9B4F858300DF1170813F0AE
S3150802EBA0020FC3F3400929D0314620460DF1160358
S3150802EBB00DF11502CDF80080FFF79EFF9DF816703D
S3150802EBC0012331462046CDE901679DF815200095B7
S3150802EBD0FFF7B1FE48B9236A57B143F400139DF80B
S3150802EBE0172042B143F48013236207B0BDE8F083CD
S3150802EBF023F40013F3E723F48013F5E7E76A3846AC
S3150802EC00FEF746F90DF1160381B20DF115022046FB
S3150802EC10CDF80080FFF770FF9DF81660012339468C
S3150802EC202046CDE901969DF815200095FFF783FE4B
S3150802EC3088B9236A4EB143F400139DF817203AB1F6
S3150802EC4043F4801323620020CFE723F40013F4E78A
S3150802EC5023F48013F6E71920C7E770B5B0F85830E1
S3150802EC600446DA0686B002D5002006B070BD9B07B8
S3150802EC70FAD500F140063046FEF794F8256B002DCA
S3150802EC80F2D0B4F87330204605A9ADF81030FFF774
S3150802EC90CDFD18B1BDF81430A4F87330002307224D
S3150802ECA02946CDE90123204609220096FFF743FEAD
S3150802ECB0BDF81030A4F87330D7E710B504463430DF
S3150802ECC0FEF770F804F13800FEF76CF8236A23F4AD
S3150802ECD06013236210BD10B504463C30FEF762F895
S3150802ECE004F14000FEF75EF8236A23F40023236248
S3150802ECF010BDB0F8583070B5DA060446C1F30016EE
S3150802ED0001D50EB170BDBEB100252046FFF7D5FF6D
S3150802ED102046FFF7E0FF04F12C00FEF743F8E56210
S3150802ED20258504F13000FEF73DF8236A25636585DB
S3150802ED3023F4C0632362E5E7C1F34005C3F3400346
S3150802ED40AB42DFD0FFF7B9FF2046FFF7C4FF4DB14C
S3150802ED5004F12C00FEF726F8236AE662268523F4D8
S3150802ED600073E7E704F13000FEF71CF8236A25630F
S3150802ED70658523F48063DDE72DE9F8438846114665
S3150802ED80054617469946FFF79CFD0146064628465C
S3150802ED90FFF7ADFD0021E5F753FEC11C95F880008B
S3150802EDA0042804D195F87130032B18BF032000F00C
S3150802EDB066FF4FF4FA7308F1FF345C43F30600FB6F
S3150802EDC00844A5F85A0015D595F89080B8F1040FAD
S3150802EDD005D195F87230032B18BF4FF00308B5F822
S3150802EDE0580000F00300012807D0022819D004F5BC
S3150802EDF0487478B12046BDE8F8832421404600F0DD
S3150802EE003EFF10210546404600F039FF04F58A64A4
S3150802EE102C4404443A464146304601F00CFB04446D
S3150802EE20E8E70E21404600F02AFF05464A464146D3
S3150802EE30304604F58A6401F0FEFA2C44EFE710B571
S3150802EE400446E2F7CDFA844204D1BDE810402220F6
S3150802EE50E4F742BF10BD38B504460D460830E5F75B
S3150802EE60D1FF2046FFF7EBFF85F00101002520467A
S3150802EE70FFF74AFAA06CA56110B1E3F76DFFA56426
S3150802EE8004F14400BDE83840FDF78CBF70B590F830
S3150802EE9061300446FE2B09D1633000F055FF00F0BD
S3150802EEA04CFF18B1236A43F40053236242F201036A
S3150802EEB0256A2B40012B36D0A9072BD5C5F3800529
S3150802EEC004F16906002231462846FEF7F0FD0021C4
S3150802EED084F86200FEF7FCFD002231462846FEF75A
S3150802EEE0EBFD18B194F96200002815DA236A23F0BB
S3150802EEF002032362B4F85830DA070BD59B0709D404
S3150802EF00012231462846FEF7D7FD18B1236A43F097
S3150802EF1008032362002070BDB4F8581001F00101FD
S3150802EF20FEF7D6FDE6E741F21200F4E738B50446E5
S3150802EF300AF018FE628D0546218D2046E3F744F94C
S3150802EF40B4F85410B4F85620E060521A40F271210F
S3150802EF5001FB020303F59C53083328462361BDE8E7
S3150802EF6038400AF0FABD38B50446B4F85820B0F964
S3150802EF705C0012F0100F94F88030C2F3001104F10D
S3150802EF80780514D0024619460020E0F733FC0146FC
S3150802EF902846FEF742FD47F6FF7104F18800FEF7A0
S3150802EFA03CFDB4F98400BDE83840E0F745BC94F866
S3150802EFB0812001F0B3FB01462846F0E710B590F828
S3150802EFC05E200446AAB1A1B190F85F300133DBB2E4
S3150802EFD09A4280F85F300CD80121FFF73CFF236A7A
S3150802EFE043F4803323624FF08050BDE8104000F0AE
S3150802EFF0D0BE226AD1050CD5636A61685B1A002BFA
S3150802F00007DA01212046FFF726FF236A43F4802305
S3150802F010E8E7130624D4FEF751FC1123B0FBF3F3F9
S3150802F02094F9702003EB0313C01A83B212FA80F024
S3150802F030102888BFC3F110035BB2083A1A4484F851
S3150802F040702040F27121B4F8542020461A446368AD
S3150802F05001FB023301216360BDE81040FFF765B981
S3150802F0600023EEE773B50446FEF728FCC0F30F2328
S3150802F070542B34D9A92B8CBF02230123C0B27E2874
S3150802F0808CBF0222012203218DF804301344B3FBFC
S3150802F090F1F000EB40001B1A8DF805301344B3FB60
S3150802F0A0F1F202EB42029B1A8DF80630002319464A
S3150802F0B01A4601AD15F8010B44FA00F6F60705D50E
S3150802F0C05600B04003430132DBB2D2B20131C9B2B3
S3150802F0D00329EFD143EA8210C0B202B070BD002301
S3150802F0E0CCE7C94350E8003F0B4040E80032002A0B
S3150802F0F0F8D1704738B505460C4601F016FB20B123
S3150802F10049F640439C4228BF1C46EA68A2420BD2F3
S3150802F11040F27121B5F87E304B43934238BF13460D
S3150802F120A34228BF23461A462A6138BD826A034685
S3150802F13012F4007F00F1480005D0D3F82821B3F86D
S3150802F1404010E5F737BD93F87310E5F729BD00209F
S3150802F1507047704700207047002070477047704715
S3150802F1600020704700207047704770477047704705
S3150802F1700020704700207047704700207047012022
S3150802F1807047C820704700207047704701207047B3
S3150802F1907047704790F8892010B5531C03F00F0387
S3150802F1A0072B28BF0023044663F30302034480F8AF
S3150802F1B0892083F8821090F889306F2B4FEA131250
S3150802F1C09EBF013262F3071380F88930FFF7E1FF29
S3150802F1D0204694F8301101F01AFD10BD70477047A9
S3150802F1E0704710B101F1B000704701F1D4007047C1
S3150802F1F0F8307047806A7047836A0B4383627047A8
S3150802F200C06A7047C36A0B43C3627047C36A23EA7C
S3150802F2100103C362704700F59C70704790F8891025
S3150802F22008B50F2904D90909823003F00EF908BD79
S3150802F2307F20FCE770B540F2712606FB01F34568AC
S3150802F2405643826A1D44D207044645600ED500F12C
S3150802F2504405294690F84220E5F7A8FF3346294691
S3150802F2602046BDE87040012202F05BBB05EB56055D
S3150802F270456070BDD0F8A40000B9704743799B0772
S3150802F28001D40068F8E70120704780F87B107047C0
S3150802F29038B504460D46E3F7B5FA80B2FFF75CFFC8
S3150802F2A080B14288022DB4F8400011D0032D0BD04C
S3150802F2B0012D06D1A38FA26B1B01B3FBF2F31844EF
S3150802F2C080B238BD0122EDE74FF47A43A26BF4E728
S3150802F2D0E38F5B00073313FB0200F1E738B50446F8
S3150802F2E002F023FD04F1A400FDF75CFD04F1A80079
S3150802F2F0FDF758FD04F1AC00FDF754FD2046E3F78F
S3150802F30081FAC4B22046FEF70FFB05462046FEF7F1
S3150802F3100DFB01462846FEF706FB38BDB0F8343128
S3150802F32010B5A0F832310446E3F76CFAC0B2FFF71B
S3150802F33028FF94F8303194F8312104F1480101F09C
S3150802F340EDF9014604F59470FEF767FBB4F932212C
S3150802F350B4F934319A4209D0A36ADB0406D52046A9
S3150802F360BDE810404FF40041E3F762BA10BD806B66
S3150802F3707047836A0A4600F14801C3F34020E5F75D
S3150802F380CBBB70B504460E4615463AB9A36A23F4B2
S3150802F39040534EB9A36255B9002004E0E5F7C0FC14
S3150802F3A00028F3D1112070BD43F48053F2E743F4E9
S3150802F3B00053A362F0E72DE9FF41836A0446DB04A2
S3150802F3C028D5B0F93481B0F932710020E0F726FA6F
S3150802F3D08045CCBF0025012501F0A5F9C82294F87D
S3150802F3E03011E0F707FA06462046E3F70BFAB0456E
S3150802F3F0B4BF00260126002345EA4605CDE9008565
S3150802F400A8EB07073FB202971A4694F8301180B262
S3150802F410FEF72AFC04B0BDE8F0818A307047F8B5D9
S3150802F42004460E4600295BD040F27123876B3046AC
S3150802F4305F43A7F28A277F08394600F029FC94F829
S3150802F4409230851FADB29D4239463046A8BF1D4649
S3150802F45000F01EFC94F89320831F9BB29342A6F1F8
S3150802F4600300A8BF13460128B4F88A10B4F88C2002
S3150802F4702BD8B1F5296F44F29020B8BF4FF4296111
S3150802F4808142A8BF0146B2F5296FB8BF4FF4296277
S3150802F4908242A8BF02461B2DB8BF1B251B2BB8BF2D
S3150802F4A01B23304684F8953084F89450A4F88E10BD
S3150802F4B0A4F8902000F0ECFB831F9BB2AB42A8BFD6
S3150802F4C02B46DBB284F89630F8BDB1F5A47FB8BFF7
S3150802F4D04FF4A471B2F5A47FB8BF4FF4A472DAE769
S3150802F4E01B23EFE72DE9F341876B490089B28F4267
S3150802F4F0044616461D463FD040F271224368816390
S3150802F50002FB073302FB11334360E3F77BF94FF043
S3150802F510000887B233464246012138460195CDF89E
S3150802F5200080FFF721FE3846FFF726FE4146384699
S3150802F530FFF71BFE0123E28FB242A28F1CBF0123F3
S3150802F540E687AA42A26A1CBF0123A587D20700D56D
S3150802F550A3B1A38FA26B1B01B3FBF2F3204694F867
S3150802F5603011A4F8A030FFF75AFF0421204602B052
S3150802F570BDE8F041E3F75CB90023DCE702B0BDE879
S3150802F580F081F0B585B004460E466A4600F18A0354
S3150802F59000F19207154618685968083303C5BB4235
S3150802F5A02A46F7D11868314628609B882046AB80E0
S3150802F5B0FFF735FF9DF80B2094F895309A4211D142
S3150802F5C0BDF80620B4F890309A420BD19DF80A206D
S3150802F5D094F894309A4205D1BDF80420B4F88E30D6
S3150802F5E09A4207D04FF48141204605B0BDE8F04063
S3150802F5F0E3F71EB905B0F0BD37B5044694F8925044
S3150802F600BDF818008D420BD1B4F88A50954207D13D
S3150802F61094F893509D4203D1B4F88C5085421BD07E
S3150802F6208DF80610ADF80420019D84F8921084F82E
S3150802F6309330A4F88C0094F830112046C4F840514F
S3150802F640A4F88A20FFF79DFFB4F88E30A4F88A3012
S3150802F650B4F89030A4F88C3003B030BD70B50446C7
S3150802F66016460D4671B190F830318B420AD0012602
S3150802F670012201F09AFB00222946204601F055FB99
S3150802F68084F83051204694F83011FFF77AFF36B1E4
S3150802F6902046BDE870404FF48441E3F7C9B870BD0F
S3150802F6A030B4C56A15F0040F0DD145F00405C562DC
S3150802F6B080F89E10A0F89A204FF4006130BCA0F89A
S3150802F6C09C30E3F7B5B830BC704710B511B190F865
S3150802F6D09E400C7012B1B0F89A10118013B1B0F8AE
S3150802F6E09C201A8090F82C00C0F3800010BD836A13
S3150802F6F043F480638362704700F5A270704790F8FE
S3150802F70030017047F8B504460AF02CFA65680646D1
S3150802F710DFF7F2FC2B1AB3F5FA7304D53046BDE8C7
S3150802F720F8400AF01ABA40F27122A16B94F87450A2
S3150802F7305143B3FBF1F3B4F8402098B2121AA4F875
S3150802F740402094F8732000FB1522252592FBF5F735
S3150802F75005FB1722002AB8BF521984F87320B4F899
S3150802F760A020121AA4F8A020626800FB1122002128
S3150802F77020466260FEF7D9FDD0E7F0B5036B044672
S3150802F7809D0790F87B6087B001D5FFF7A7FD236B2D
S3150802F790D90700F14D81236B9A0411D52046E3F768
S3150802F7A031F8A16AC0B2C1F34021FEF738FA00283F
S3150802F7B000F063814FF4005104F13000FFF791FC29
S3150802F7C0236BD80409D500212046E3F72BFD4FF415
S3150802F7D0805104F13000FFF784FC236B590513D5D9
S3150802F7E02046E3F70FF8002394F89F50C2B2194651
S3150802F7F0284601F09FFC002800F03F814FF4806103
S3150802F80004F13000FFF76DFC236B5A0712D5204628
S3150802F810E2F7F8FFA16BA38FE28FC1F34F0180B223
S3150802F82001F0A3FE002800F02881042104F130002B
S3150802F830FFF757FC236B1B070AD5204602F057FC35
S3150802F840002800F01A81082104F13000FFF749FC6C
S3150802F850236BDF0617D52046E2F7D4FFE16A80B2AA
S3150802F86011F4805100F01C81002101F013FF0028D9
S3150802F87000F00381E36A102123F48053E36204F162
S3150802F8803000FFF72EFC236B5D0613D52046E2F700
S3150802F890B9FF94F87B3080B20093D4E9082301F0CB
S3150802F8A0DCFE002800F0E980402104F13000FFF771
S3150802F8B018FC0026236B180516D52046E2F7A2FF88
S3150802F8C000230093B4F89C30B4F89A2094F89E105A
S3150802F8D080B2FEF75EF9002800F0CF804FF400618F
S3150802F8E004F13000FFF7FDFB236B13F480452FD19B
S3150802F8F0990513D52046E2F785FF2B462A4694F842
S3150802F900301180B2E0F77CF9002800F0B6804FF497
S3150802F910007104F13000FFF7E4FB2E46236B1A064A
S3150802F92016D52046E2F76EFFB4F8903080B20093FF
S3150802F93094F89530B4F88E2094F8941001F0DCFE11
S3150802F940002800F09A80802104F13000FFF7C9FBF5
S3150802F950236B9B0610D52046E2F754FF94F87B10DA
S3150802F96080B201F0AEFE002800F08780202104F163
S3150802F9703000FFF7B6FB0026236BDF0508D504F136
S3150802F98030004FF48071FFF7ACFB204602F0E7F92E
S3150802F990236B1D0408D504F130004FF40041FFF72C
S3150802F9A0A0FB204601F07EF8236B580308D504F124
S3150802F9B030004FF48021FFF794FB204601F0CFFA7E
S3150802F9C0236BD90308D504F130004FF48031FFF7D1
S3150802F9D088FB204601F067F9236B9A0308D504F1E0
S3150802F9E030004FF40031FFF77CFB2046FFF7D0FBCF
S3150802F9F0236B9B0718D5002220461146FFF7C6FB44
S3150802FA002046FFF7C5FB2046E2F7FCFE94F87B107A
S3150802FA1080B201F016FF80B304F130000221FFF72D
S3150802FA2060FB2046E3F798F9012084F87B6025E01D
S3150802FA30A76AFB07C7F3803522D5002D0CBF01251F
S3150802FA4003252046E2F7DEFE94F89F302946059301
S3150802FA500023049394F84230C7F340020393A38F1A
S3150802FA6080B20293E38F0193A36BC3F34F03009310
S3150802FA7004F1750301F099FD20B9002007B0F0BD25
S3150802FA806D00DEE7012104F13000FFF72AFB50E89A
S3150802FA90003F43F4005340E80032002AF7D17AE6E1
S3150802FAA001F00FFEE3E608B50220FDF716FB28B9BA
S3150802FAB0BDE808404FF08060E4F72ABABDE808407E
S3150802FAC001F09BBE826A002122F0C0028262E3F73D
S3150802FAD0A9BB012310B5A1F12002C1F1200423FA22
S3150802FAE004F403FA02F222438B40D0E90841234088
S3150802FAF00A40134314BF0120002010BDC36A10B583
S3150802FB00044613F0080012D00123A1F12002C1F124
S3150802FB10200023FA00F003FA02F202438B40D4E9EA
S3150802FB20080103400A40134314BF0120002010BDF8
S3150802FB3010B50C46C9B2FFF7E1FF70B1E4F77EFAD9
S3150802FB40C4F12002A4F12003E04001FA02F21043B4
S3150802FB5021FA03F3184300F0010010BD70B50446FC
S3150802FB600E46E5F729FD09F0FDFF05460221204666
S3150802FB7084F87B60E2F75CFE20460121FEF7C4FBAF
S3150802FB802846BDE8704009F0E8BF70B50D46044640
S3150802FB9009F0E8FF06462046E2F7CEFD304609F0B0
S3150802FBA0DCFF29462046BDE87040FFF7D7BF0B6841
S3150802FBB0C0F84031704738B540F64805D0F84031AC
S3150802FBC00C460B609BB2AB4204D90B21FFF7B0FF80
S3150802FBD008B9258038BD44F290232380FAE708B590
S3150802FBE0E2F778FF01F0CAFA00F0C1FD01F0DEFE85
S3150802FBF0E6F7C8F9BDE80840E6F744BA38B5054657
S3150802FC00FDF792FE04462846FDF790FE2146024677
S3150802FC100220FDF796FE38BD00230384704790F84C
S3150802FC20203090F82120981AC0B2704710B590F883
S3150802FC30203090F821205C1C9A1A80F8204003F0A4
S3150802FC40070340F82310D0B210BD90F821301944AA
S3150802FC5001F0070150F82100704790F8213001336E
S3150802FC6080F821307047022808D0042803D00128DA
S3150802FC7018BF0620704701F00101C81C704710B56D
S3150802FC800C46E3F71FFF0279408804FB020010BD09
S3150802FC9010B50C46E3F716FF4388A3429BBFE41A46
S3150802FCA003790020B4FBF3F010BD37B50446DFF73D
S3150802FCB0C7F82046DFF71EFE002301A80193DFF7E7
S3150802FCC067F9054640B9A368322043F00403A360E6
S3150802FCD0019B2362E4F700F8284603B030BDE4F737
S3150802FCE091BA38B50546E4F7BBFA044609F03AFF75
S3150802FCF02B68A360AB88A381A37943F00103A371A0
S3150802FD0009F02BFF012038BD38B50C460546E4F745
S3150802FD10A7FA014605B108310622204608F094FAE8
S3150802FD20B0FA80F0400938BD10B50446E4F798FAEF
S3150802FD30036823608388A38010BD08B5E4F790FAA8
S3150802FD40807900F0010008BD10B50446E4F788FA88
S3150802FD50836823608389A38010BD70B50E46154655
S3150802FD60E2F7DEFE044648B93046E1F7ABFD044643
S3150802FD7020B92846E4F712FE044640B10020E2F70D
S3150802FD80CFFE0020E1F79EFD0020E4F707FE20469D
S3150802FD9070BDEDF749B94FF40010EDF745B9E4F730
S3150802FDA00BB8112808B502D0122805D008BD1320B1
S3150802FDB0BDE80840E3F790BFE4F7B6F9E4F748FA76
S3150802FDC0E4F726F81420F3E7E3F732BF08B5E4F7B9
S3150802FDD037FAE4F75DF9E3F7E1FEBDE808401120DA
S3150802FDE0E3F77ABF132808B502D0142809D008BD4C
S3150802FDF0E4F736FAFFF773FFBDE808401220E3F787
S3150802FE006BBF0020E3F702FFBDE80840F6F745BFDF
S3150802FE10704783790C33184470477047002337B507
S3150802FE20044601250193204601A9FDF71CFB08B9E2
S3150802FE3003B030BD01982A468379C1790025C91ACB
S3150802FE400C33C9B21844DFF775FAECE703780246B1
S3150802FE5003F00F03072B10B50FD1837813F03F0079
S3150802FE600AD0D37813F0100006D0012103F00F0050
S3150802FE70941CE4F7DDFB204410BD0020FCE7512862
S3150802FE8010B50C4607D1DFF7B1F82046BDE8104099
S3150802FE900021FDF745BBBDE81040FDF745BB5128DB
S3150802FEA00B4609D18A8A18461305C2F3C02101D521
S3150802FEB0E4F7E2B9FDF734BBFDF736BB10B50C78AB
S3150802FEC00378C4F38014B4EBD31F1BD162B9023191
S3150802FED003F00F03032B13D10622083008F0B4F9F6
S3150802FEE0003818BF012010BD8A7894060AD0CC784B
S3150802FEF0E40707D502F03F02062A03D90431E7E7E9
S3150802FF00052BE9D00120EEE72DE9F0410D46848A5A
S3150802FF1011462846C4F340021E46FFF7CFFF10B12A
S3150802FF200120BDE8F08115F8027BFDF7C7FD04F450
S3150802FF30C07880F00103B8F10002C7F3801729469A
S3150802FF4018BF01223846DBB200F0DAF8014630B1B2
S3150802FF504FF4C0703040B0FA80F04009E1E7FDF78F
S3150802FF60B3FD0028DCD1B8F1000FF1D0E04300F46C
S3150802FF70C070EFE721B140780C3818BF01207047EE
S3150802FF800120704770B586B004469DF828600B9D1F
S3150802FF9011B9012006B070BD62B9012204A90DF19A
S3150802FFA00F00FDF78FFDD0B9204610F8021BC1F3EA
S3150802FFB0801117E0002BF0D129463046FDF773FD74
S3150802FFC00028EAD12378C3F38013B342E1D106228B
S3150802FFD02946A01C08F038F90028DAD1DDE79DF891
S3150802FFE00F1004A8E2F7DAFE0028D2D10123218BEA
S3150802FFF000930846638BA28B01F0ACFC0028C8D09C
S31508030000627D531E072BC4D8238B9342C1D9E28A38
S315080300109A42BED8A37F5BB9E37F4BB994F82030E5
S3150803002033B994F821301BB994F822300F2BB0D981
S3150803003094F823001B3000F01F000B2894BF002000
S315080300400120A7E71FB50023CDF80A30ADF80E3017
S31508030050D0E90023CDE900230389B0F90C00ADF8F4
S315080300600830DFF7E9FB6846DFF792F805B05DF875
S3150803007004FB1FB5CDE9001200228DF80B308DF86D
S31508030080082000F00F03C0F340128DF809208DF8FD
S315080300900C30C0F3001243068DF80A2001D5DEF7AB
S315080300A0F5FD6846DEF734FE05B05DF804FB1FB5BB
S315080300B00023CDE9003101238DF80830C0F340133E
S315080300C08DF80930C0F300138DF80A3000F00F03DA
S315080300D08DF80C3043068DF80B2001D5DEF7D6FDD7
S315080300E06846DEF715FE05B05DF804FB10B50C4649
S315080300F008B9DFF787F92146BDE81040FFF7BFBD0A
S31508030100F0B587B00E4617468DF8070002B9B3B3A4
S3150803011031469DF80700FDF7D3FC044680B93146FE
S315080301209DF80700FDF7D0FC38B9012587B9FDF717
S31508030130B6FC80F001000543ECB2204607B0F0BDDB
S31508030140012204A90DF10700FDF7BCFC0546EDE7FE
S315080301509DF80710003918BF01210CB105B104AE8B
S3150803016030460DF10F02E4F7D7FB28B99DF80F4087
S31508030170013418BF0124E0E74FF0FF34F8E7012400
S31508030180DBE783790C33C218937813F03F0004D066
S31508030190D3781940081E18BF012070472DE9F74385
S315080301A04FF00009044686798DF807100C360321AB
S315080301B0A0F80690904687191D46FCF7C3FD07224B
S315080301C024F80690A35D18F0020F62F30303A35500
S315080301D0BA7808F0010318BF43F0020363F38712E2
S315080301E09DF80730BA7003B935B1012220460DF1DF
S315080301F00701FCF7B3FD0125BB7865F30503BB705F
S3150803020003B0BDE8F08310B501210446FFF7B9FF33
S3150803021028B12046BDE810400621FCF793BD10BD62
S3150803022070B50D4602210446FFF7ABFF00B3A0796C
S3150803023000F10C02A35CA11823F08003A354E3790D
S31508030240D5F869601B1AD8B20E5051FA83F3B5F87C
S315080302506D10204699802B6A062113F00C0F1EBFDA
S31508030260A35C43F08003A354BDE87040FCF76ABD62
S3150803027070BD38B50D4604210446FFF782FF30B139
S315080302802046A91D0122BDE83840FCF767BD38BDE5
S31508030290F7B504460F4616461D460DF10701013309
S315080302A001228DF80730FDF773F80DF107010122D6
S315080302B020468DF80770FDF76BF82A463146204627
S315080302C003B0BDE8F040FDF763B8F0B505461488FA
S315080302D09C420AD2281947782E5D8F4204F10104FD
S315080302E016FA84F403D19C4203DD002002E0A4B28B
S315080302F0EEE71480F0BD37B50D4604210446FFF733
S3150803030040FF78B140F2FF23ADF8003000238DF8A3
S315080303100230AB886A46ADF80330FF210523204631
S31508030320FFF7B6FF03B030BD38B50D4608210446BE
S31508030330FFF727FF30B129462046BDE83840022299
S31508030340FCF70CBD38BD2021FFF71BBF37B50C469C
S3150803035040210546FFF715FF50B10A2394FBF3F432
S31508030360012228460DF107018DF80740FCF7F6FC34
S3150803037003B030BD10B58479C37904F10C021B1B95
S3150803038002390244D8B251FA83F353709378033887
S3150803039060F30503937010BD837873B59A06044614
S315080303A00D4620D0C07843071DD50121E4F748FB45
S315080303B00138ADF80600E61CA378FF21304603F0A2
S315080303C03F030DF10602FFF780FF60B10378062BA2
S315080303D0F2D140F2FF2342889A42EDD10379002BEA
S315080303E0EAD1A0F8055002B070BD38B58378044643
S315080303F09A060D460CD0C078C30609D5012100F02C
S315080304000F00E4F71DFB0444A37865F30503A37003
S3150803041038BD38B5837804469A060D460AD0C0789F
S31508030420030707D5012100F00700E4F709FB2B882A
S315080304300444638038BD70B505460E4600F06B006C
S3150803044000211446E4F7FCFA54FA80F4FF2C05D885
S3150803045021463046BDE87040FFF748BEFF213046C7
S31508030460FFF744FE05F04005FC3D00F548706119A9
S315080304700446FF2904EB000304D83046FFF736FE8B
S31508030480204470BD1C462944F3E708B50231C0B2BF
S31508030490FFF72CFE00F5FA7008BD37B50246136A56
S315080304A0084603F0020403F48055DB0705D47CB938
S315080304B0FFF73AFC204603B030BD4CB9B5FA85F4CC
S315080304C0D2F8631064090160B2F867208280F1E705
S315080304D0019092F96230B5FA85F4009300231A461F
S315080304E019461846FDF7E6FA6409E3E710B5044624
S315080304F0A378084613F03F030CD0E37813F00103FF
S3150803050008D0211DFFF7C9FF237860F3861301205E
S31508030510237010BD1846FCE770B51446054610222D
S315080305200E462046002107F0B8FE2B789A064FD0D0
S315080305306B1C23606A78D30743BFF34303F00103B5
S315080305402371012348BF0723900707D516F0020F27
S315080305500CBF1946002106336171DBB2500707D574
S3150803056016F0040F0CBF194600210133A171DBB243
S31508030570100707D516F0080F0CBF194600210233DA
S31508030580E171DBB2D00607D516F0100F0CBF19467A
S31508030590002103332172DBB2900607D516F0200F2C
S315080305A00CBF1946002112336172DBB2510607D517
S315080305B016F0400F0CBF1A4600220133A272DBB2B3
S315080305C02A7802F03F029A4282BFD21AE372227352
S315080305D070BD1FB50C466A4600210230FFF79CFF23
S315080305E09DF8063013B1A179009AD15404B010BD11
S315080305F030B585B004460D4602306A460021FFF73A
S315080306008BFF9DF8050088B12378009A23F08003B1
S315080306102370D5F8693011181350B5F86D308B80EF
S315080306202B6A1A0704D45B0702D4012005B030BD30
S31508030630237843F080032370F7E72DE9F74F06463F
S315080306408A46144699469DF830B09DF83450FCF70F
S315080306503AFD0322B7790E990C3706EB070888F893
S31508030660032008F10400BBF1000F16D1E5B9FFF723
S315080306705BFB9DF83C3008F10A0B83F001031D4030
S31508030680BAF1000F15D1ACB9D9F80030C8F80A3059
S31508030690B9F80430ABF8043017E02DB931B10B685B
S315080306A0C8F804308B8883800125E2E7FFF74CFB03
S315080306B0FAE724B3FDF7F0F901230021CDE9000B8E
S315080306C01A460846FDF7F6F901240D214B1C88F84E
S315080306D00130F35DAA0103F00F0342EAC4121A4379
S315080306E0F255304688F802100331FCF72BFB082233
S315080306F0F35D62F30303F35503B0BDE8F08F0124FA
S31508030700C2E7CB08C05C012301F007018B40184000
S31508030710003818BF012070477047704702461946CC
S315080307200020DFF767B8002070470020704707B539
S3150803073000214FF0FF336A46084600938DF80430CC
S31508030740E4F7EAF903B05DF804FB38B50546006833
S3150803075007F03DFA0446287900F01F0007F037FA38
S315080307602044C0B2012894BF0020012038BD704739
S3150803077070B515460E461C46FEF73AFD2B684EB174
S3150803078003606B6843602368C0F825302368C0F8A4
S31508030790153070BD83606B68C3602368C0F8293061
S315080307A02368C0F81930F4E770B50546FEF720FD4F
S315080307B0044609F0D7F9064640212846FEF71CFDEC
S315080307C04FF400612846FEF71DFD304609F0C5F9CA
S315080307D00023284623612375236284F82430FEF711
S315080307E009FD802310F0010F14BF237584F8243004
S315080307F070BD10B50446FFF765F92046BDE81040FD
S315080308001021E2F715B810B504464FF46061FEF7F8
S31508030810FDFC2046BDE81040FFF754B97FB50646F0
S315080308200C46FEF7E5FC4FF4C06105463046FEF775
S31508030830E9FC4FF400613046FEF7E8FC4FF48060AC
S31508030840E3F776FB224670B969462846E4F720F8AB
S315080308506B4605F1100213F8011B02F8011DAA42A3
S31508030860F9D104B070BD6C4602F110062346106830
S315080308705168083203C3B2421C46F7D1E8E737B5D5
S315080308800D46ADF80420FEF7B3FC044600F1200339
S31508030890024601992846E3F727FF236A01332362B1
S315080308A023B994F82430013384F8243003B030BDD7
S315080308B037B50D46ADF80420FEF79AFC01990446B0
S315080308C0024600F110032846E3F776FF30B12369A1
S315080308D00133236113B9237D0133237503B030BD77
S315080308E0013903291FD8DFE801F00209101712B1ED
S315080308F090F90000704790F90100704712B190F91A
S315080309000200704790F90300704712B190F904008A
S31508030910704790F90500704712B190F906007047C1
S3150803092090F9070070477F2070470028ACBF05235E
S315080309306FF0040318440A2390FBF3F05843A3F516
S31508030940FF7300B29842B8BF1846C828A8BFC82084
S31508030950704708B5C822DEF74DFFBDE80840FFF724
S31508030960E4BF10B504464FF40050E3F7E1FA18B1B3
S315080309702046E4F769F908B9002010BD0720FCE70B
S315080309802DE9F74F81464FF400500E461746E3F715
S31508030990CFFA002849D04846E4F774F9F31E012B29
S315080309A081BF012506F1FF33DBB29D40044698BF9C
S315080309B00C2580464FF000034FF0060240F2EC4B3D
S315080309C088BFEDB202FB03FA14F80A1045FA03F0DE
S315080309D000F0010021F00C01013341EA800104F81B
S315080309E00A100020D9B20193FFF7B3FFA8F802B0A3
S315080309F0A8F8040014F80A10019B21F0030104F86F
S31508030A000A10FF21042B88F801104FF0060208F19B
S31508030A100608D7D100200437314627766083A0839A
S31508030A20FFF797FFE083A9F8320103B0BDE8F08F1B
S31508030A30F8B504464FF40050E3F77AFA70B3204644
S31508030A40E4F720F90622054694F8303104F1480103
S31508030A50581EC0B202FB005094F83121B0F90400C5
S31508030A60FFF75CFEFFF761FF064609F07BF83146A0
S31508030A700746EE8304F59470FCF7CFFFB4F93221E9
S31508030A80B5F91E309A4204D04FF400412046E1F7E7
S31508030A90CFFE3846BDE8F84009F05FB82046FEF7B2
S31508030AA03DFCF8BD2DE9FF4704464FF40050E3F734
S31508030AB03FFA002865D009F055F881462046E4F741
S31508030AC0E1F8B0F91E600546B4F832710020A4F8BF
S31508030AD0326194F830A1DEF7A1FE94F830318642EC
S31508030AE094F831214FF0C80004F14801B5F91E8086
S31508030AF0A6EB0707CCBF00260126FFF70FFEFFF775
S31508030B0014FF6B8B8045B4BF4FF000084FF0010804
S31508030B103FB2D3B901210AF1FF3AB5F91E305FFA9C
S31508030B208AFA01FA0AF148EA46020093C9B23B4631
S31508030B30204601F0E1FB2046FEF719FC830803F57E
S31508030B4048724308B2FBF3F36B832046FEF752FB66
S31508030B50C30410D5204646EA4806E1F753FE029732
S31508030B600196B5F91E3080B20093002394F830112C
S31508030B701A46FDF779F8484604B0BDE8F04708F089
S31508030B80ECBF2046FEF717FC04B0BDE8F08710B5A6
S31508030B900C46E4F777F8447610BD10B54C1EE4B25C
S31508030BA0032C07D8E4F76EF806235C43005DC0F30D
S31508030BB0800010BD0020FCE7F0B585B00646E4F7D3
S31508030BC061F8447E054604B30623013CE4B25C435C
S31508030BD0035D1B0710D53046E1F714FE0027697E2F
S31508030BE002232222CDE90177009780B2FDF73CF86C
S31508030BF02B5D67F3C3032B554FF480213046E1F78A
S31508030C0017FE2B7E23F002032B7605B0F0BD70B5D5
S31508030C1005464FF400500E46E3F78AF9002841D0FB
S31508030C2021212846FEF76AFF00283BD02846E4F729
S31508030C3029F80622731EDBB25343C35C04465A07DC
S31508030C4030D500212846FEF723FB238C984212D978
S31508030C50C31A9BB2208483B1A28B93428EBF002210
S31508030C60D21A92B2A283628B93428DBF0023D21A01
S31508030C706283638301E012D32084A38B93B9284646
S31508030C80FEF7BEFA43040DD428464FF48031E1F744
S31508030C90CFFD31462846BDE87040FFF778BFC31A33
S31508030CA0013BD6E770BD2DE9F8430746E3F7EAFFAC
S31508030CB0037E04465B0733D40623467E06F1FF39D3
S31508030CC05FFA89F903FB09F900EB09083146384647
S31508030CD0B8F90220E3F7E6FF051E21D014F8093018
S31508030CE020DA13F0010F1BD13846FEF740FB8308C1
S31508030CF003F548734008B3FBF0F305EB8505A383B7
S31508030D006A0031463846B8F9043012B2E5F724FAD0
S31508030D1030B9F11E01299EBF237E43F002032376D1
S31508030D20BDE8F88313F0020FDDE7F8B507464FF47D
S31508030D3000500D461646E3F7FBF810B91126304660
S31508030D40F8BD21213846FEF7C4FE0028F6D03846FA
S31508030D50E3F798FF6B1E0446DBB20EB9828B12BB10
S31508030D60062202FB0343294600223846B3F9043018
S31508030D70E5F7F2F906460028E1D13846FEF7F7FA11
S31508030D80830803F548734008B3FBF0F3033D012DCD
S31508030D90A3839EBF237E43F002032376237E23F099
S31508030DA004032376CBE72326C9E72DE9F34705464C
S31508030DB04FF400500E461746E3F7BAF8A8B1314682
S31508030DC0284677B1FFF7E9FE78B92846E3F75AFFCD
S31508030DD006F1FF38032E04465FFA88F808D1B146B0
S31508030DE00CE0FFF7DAFE0028EFD102B0BDE8F08782
S31508030DF0042E0CBF4FF002094FF0FF09062303FB2D
S31508030E0008F3E25C04EB030A67F38202E2543FB198
S31508030E10207E314600F00100FFF79BFDAAF8040087
S31508030E20B9F1FF0F11D0062303FB09F3E25CE618B9
S31508030E3067F38202E25447B1207E09F10101C9B280
S31508030E4000F00100FFF785FDB08022212846FEF752
S31508030E5040FE0028C9D02846FEF7D2F90304C4D5B4
S31508030E600123B9F1FF0F03FA08F10CBF002303FAB4
S31508030E7009F349B218BF5BB21943C9B2AFB1062326
S31508030E8003FB0848B8F904300122009328460023D7
S31508030E9001F032FA2846FEF76AFA830803F548731F
S31508030EA04008B3FBF0F363839FE740F2EC43EBE7B9
S31508030EB02DE9F04F884685B00746E3F7E3FE062398
S31508030EC008F1FF34E4B25C4340F2EC4300EB040B55
S31508030ED0BBF902A005469A4525D13846FEF790F98F
S31508030EE010F4103617D1012241463846FFF71DFF85
S31508030EF0814680B13846E1F785FC02234A464146D6
S31508030F00CDE90166CDF800A080B2FCF7ADFE2B5DF6
S31508030F1066F3C3032B554FF48021384605B0BDE865
S31508030F20F04FE1F785BC4FF00009035D3846C3F37C
S31508030F304002C3F3000646EA4206E1F763FCF6B24B
S31508030F40CDE90169BBF902304A46009341460223BB
S31508030F5080B2FCF789FE2B5D69F3C303DAE710B5A4
S31508030F600446E3F78FFE0021062303FB01F2825CA6
S31508030F70013112F0080F05D02046BDE81040C9B26A
S31508030F80FFF796BF0429F0D110BD38B50C460546C0
S31508030F90E3F778FE0622631EDBB25343C25C1107EE
S31508030FA009D442F00802C2544FF480212846BDE80A
S31508030FB03840E1F73DBC38BD0020704741F0004199
S31508030FC041F4E02101607047036861F3DB43036082
S31508030FD070477047704710B5DEF7F8FC8379002130
S31508030FE00C33C418E078E0F701FC68B1211DFDF75E
S31508030FF0B6FB0446DEF7F0FCE2B20023BDE8104078
S3150803100042F23501FCF785BD41F24204F2E72DE9C8
S31508031010F041DEF7DBFC837900260C33C418E77846
S31508031020DEF7D4FC0568DEF7D1FCA7F1FE025142D0
S31508031030066051413846E0F7D9FB2279044690B158
S31508031040B0F85830DB060ED52B463146FDF739FB8B
S315080310500446DEF7C1FCE2B20023BDE8F04142F2E2
S315080310603701FCF756BD2B460021204601F058FBF5
S31508031070EEE770B5DEF7AAFC83790C33C418E67875
S31508031080DEF7A4FC0568DEF7A1FC0023A6F1FE0241
S315080310905142036051413046E0F7A8FB22790446E2
S315080310A090B1B0F85830DB060ED52B460121FDF773
S315080310B008FB0446DEF790FCE2B20023BDE8704065
S315080310C042F23801FCF725BD2B460121204601F0E3
S315080310D027FBEEE710B5DEF779FC837900210C339D
S315080310E0C418E078E0F782FB6168FDF76DFB0446F8
S315080310F0DEF772FCE2B20023BDE810404FF6194151
S31508031100FCF707BD10B5DEF761FC837900210C33C4
S31508031110C418E078E0F76AFB6168FDF76EFB0446DE
S31508031120DEF75AFCE2B20023BDE810404FF61A4137
S31508031130FCF7EFBCFE282DE9F84306468946904698
S315080311401F4616D00220FBF7C8FF044690B10622B5
S315080311501221FCF7F9FC1223A57920460C35254400
S31508031160AB7085F803902E71A5F80580EF71DEF74D
S31508031170F3FB0120BDE8F88300207047704710B5DC
S31508031180DEF7C0FE0446FCF7BCFC2043C0B210BD24
S3150803119038B5DEF71BFC8179C37901F10C025B1ABA
S315080311A0024400210220DBB2B2F80350FCF72BF904
S315080311B0044640B9DEF710FC0722BDE8384042F280
S315080311C01901FCF7CBBC2846E1F704FB38B12146E5
S315080311D0E4F7ECFE0446DEF7FFFB2246EDE720467E
S315080311E0DDF708F80224F6E770B5DEF7EFFB837937
S315080311F01844B0F80F60B0B2E1F7ECFA80B10021F9
S3150803120000F01AFF0546DEF7E7FB044602232A46E3
S3150803121042F21B01FCF77DFCA3791C44668270BD70
S315080312200225F0E770B5DEF7D1FB83790C33C418D2
S31508031230B4F803502846E1F7CDFAA0B1611D00F0D2
S31508031240FBFE0646DEF7C8FB04460223324642F295
S315080312501A01FCF75EFCE37923449D72E3792D0AB0
S315080312601C44E57270BD0226ECE710B5DEF7AEFB4B
S3150803127083790C3318444479B0F80300E1F7AAFAE2
S3150803128060B12146E4F770FC0446DEF7A5FB224667
S31508031290BDE8104040F20641FCF760BC0224F4E7BF
S315080312A070B5DEF793FB83791844B0F80F5008F04E
S315080312B059FC04462846E1F78DFA80B11621FEF754
S315080312C064FC0025204608F048FCDEF785FB2A4621
S315080312D0BDE8704000234FF60441FCF71ABC02250B
S315080312E0F0E7F8B5DEF772FB847905460C34044457
S315080312F0B4F80300E1F76EFA064640B9DEF76CFB6D
S315080313000222BDE8F84042F21301FCF727BCAA798A
S31508031310EB7900219B1A0C320220DBB22A44FCF734
S3150803132072F8014618B9DEF757FB0722E9E783790E
S31508031330033383713046B4F80D50B4F80F70E4F7ED
S31508031340B9FB04463A4629463046E1F751FDDEF72E
S3150803135043FB2246D5E738B508F004FC0446FFF7F5
S315080313600EFF00280CBF0C250025DEF735FB2A46A1
S3150803137042F20E01FCF703FCDEF7CCFD2046BDE87E
S31508031380384008F0EABB2DE9F04F8DB0DEF71EFBB7
S3150803139042F2850390F806A007460AF10C0A30F8CC
S315080313A00A2000EB0A059A421CBF4FF0FF09C846FC
S315080313B04FF0000208BF95F8038003680ABF95F843
S315080313C0049003350535B8F1FF0F0260059305D17F
S315080313D0B9F1FF0F0CD01224002635E0B9F1FF0F3F
S315080313E006D008F11003DBB20E2B0DD84224F3E71F
S315080313F0E2F72AFE6B7A33EA000240F09980184036
S3150803140010F0050FEDD1E6E789F080037E2BE2D9CC
S31508031410E1F756FC0646002800F08C80FFF7AFFE7E
S31508031420002840F089806B7803F0FD03012B1FD059
S3150803143005F1030B5946A81CFCF748FB5846A9783F
S31508031440E1F7ACFC0446C8B1059B13B105A8FBF745
S31508031450A9FC1CB116B13046E1F77EFCDEF7BCFAEF
S31508031460224637F80A10FCF779FB0DB0BDE8F08F72
S31508031470FEF763FC0028DBD11224E5E7B8F1FF0F7A
S3150803148012D04046FCF743FB04460028DCD105AAE4
S315080314906B78CDE901B2AA784146009230464A46AE
S315080314A0FCF731FB0446CFE76B7A8DF818008DF805
S315080314B01B302B788DF81930AB788DF81A30DBF89A
S315080314C00030CDF81D30BBF80430ADF821306B7809
S315080314D08DF81C30059B9A790C32134459791A797D
S315080314E042EA0122ADF82420D9799A7942EA0122FF
S315080314F0ADF82620597A1A7A42EA0122ADF828204D
S31508031500D97A9A7A42EA0122ADF82A20597B1A7BBC
S3150803151042EA0122ADF82C209A7BDB7B314642EA6C
S315080315200323024606A8ADF82E30DEF77FFEB9E799
S31508031530112451E7072487E70C2485E710B5DEF75E
S3150803154045FA83790C330344B3F80300B3F805105B
S31508031550C0B2E1F763FCDEF73FFABDE810400023AB
S3150803156042F224011A46FCF7D4BA2DE9F843814618
S315080315700220884617461E46FBF7AFFD044690B180
S315080315800A220321FCF7E0FA0023A57920460C3545
S315080315902544EB70A5F80490A5F806802F816E8183
S315080315A0DEF7DAF90120BDE8F8832DE9F043814631
S315080315B085B002200E461F469DF844808DF80F20FD
S315080315C0FBF78BFD0546002844D022222921FCF788
S315080315D0BBFA0022AC7930460C342C4404F10E03D2
S315080315E004F11401C4F80E209A80626122830091E3
S315080315F03A460DF10F01FCF755FA9DF84030A4F869
S315080316000490E37006F00103A3719DF80F3016F0FA
S31508031610FD0FE3713B68A360BB88A3814FF6FF7395
S3150803162004D0032E08BF43464FF0FF08BDF8302009
S3150803163028466283BDF8342084F82180A283BDF846
S3150803164038206384E2839DF83C2084F82020DEF763
S3150803165083F9012005B0BDE8F083F8B507460220F3
S3150803166016461D46FBF739FD044690B10C220421A4
S31508031670FCF76AFAA1799DF818300C312144204603
S315080316808F80C1F80660C1F80A50CB70DEF764F99B
S315080316900120F8BD70B5064602200D46FBF71DFD71
S315080316A0044668B103223021FCF767FAA37920467A
S315080316B00C332344A3F803609D70DEF74DF901202C
S315080316C070BD70B5064602200D46FBF706FD0446B7
S315080316D088B104220821FCF750FAB5FA85F2A379F2
S315080316E052090C3323442046A3F803605A719D70AC
S315080316F0DEF732F9012070BD2DE9F8438146022051
S31508031700884617461E46FBF7E8FC0446B0B10B228B
S315080317100721FCF719FAA579BDF820300C352544BD
S315080317202046A5F80390A5F80580A5F80770A5F83F
S315080317300960A5F80B30DEF70FF90120BDE8F88339
S31508031740F8B5074602200E461546FBF7C6FC0446BF
S31508031750A0B10D220521FCF7F7F9A37920460C332E
S315080317602344A3F80370A3F80D602A68C3F8052079
S315080317706A68C3F80920DEF7EFF80120F8BD2DE9FA
S31508031780FF41164680460F466A466D460A9C03F194
S31508031790100E9446186859680833ACE80300734575
S315080317A06246F6D124B90220FBF797FC044608B330
S315080317B01D22ED212046FCF7BDF9A3790C332344FA
S315080317C0A3F80380A3F80D702EB13268C3F8052079
S315080317D07268C3F809200F332A4603CA596004A955
S315080317E08A421860154603F10803F5D12046DEF749
S315080317F0B3F8012004B0BDE8F08137B51321827927
S3150803180001900C328154851800220321C280FBF70C
S3150803181099FA0198E1F748FE04460198FFF7ACFCEC
S31508031820204410F0FF0004D101A8FBF7BBFA03B06C
S3150803183030BDA8708000013068700198DEF78CF817
S31508031840F5E770B5064602200D46FBF746FC044647
S3150803185078B104220521FCF790F90022A3792046E2
S315080318600C332344A3F803605D719A70DEF774F8AA
S31508031870012070BD13B5837901900C33C418C05C7D
S31508031880E0F7A8FF20B901A8FBF78CFA02B010BD50
S31508031890019962788B7912F0300F03F104038B7187
S315080318A04B790CBF43F0010303F0FE034B71E1F7D9
S315080318B0B9FCEBE72DE9F041DEF788F883790C33B9
S315080318C0C418B4F803801FFA88F0E0F783FF0746C5
S315080318D0E8B1A2796179FDF754FD0646DEF77CF88F
S315080318E005460223324642F27A01FCF712F9AB792E
S315080318F01D44A5F8128066B9A37953B13846FDF796
S31508031900FEFE01463846BDE8F041FFF73EBB022618
S31508031910E4E7BDE8F0814368143B4360A0230B600A
S3150803192070471AB94268A2EB530242600A6802EB8F
S3150803193083020A60704713B504210DEB0100E4F72F
S31508031940A9FC019C2046E3F77FFC0028F4D0204637
S3150803195002B010BD30B58842BDF80C4019D8052829
S3150803196017D9B1F5486F14D8B3F5FA7F11D240F6F3
S315080319707645A2F10A0080B2A8420AD803FB0444BA
S315080319804C4312B26400B4EBC20F94BF012000208B
S3150803199030BD0020FCE7C94350E8003F0B4040E850
S315080319A00032002AF8D170470020704708B5E3F7DC
S315080319B0BFFCBDE80840E3F713BF2DE9F041044631
S315080319C00F4600260125214686F00100FDF709FC8E
S315080319D04FF48051FFF7DFFF836880463BB1028AE5
S315080319E0BA420CD100220121204698470540731CB0
S315080319F0022B4FF00106E6D12846BDE8F0810268BE
S31508031A00D10502D500221146EEE79307EFD5204606
S31508031A10FDF730FC02460028E9D10521D8F808303D
S31508031A20E2E708B5FDF7F7FB00230380436008BD2B
S31508031A3038B504460D46FCF767F929462046BDE83E
S31508031A403840E1F7EFBB10B5837904460344187BA6
S31508031A50E3F75EFC01462046FBF774F9A0790C30E0
S31508031A60204410BD07B540F20332C28042798DF88F
S31508031A70071042F0030242710DF107010122FBF739
S31508031A806DF903B05DF804FB70B50C4605460721EE
S31508031A9020461646FFF7E6FF2046FFF7D4FF214602
S31508031AA046702846BDE87040FFF7C2BF38B50C46F6
S31508031AB000210546FDF7ECFB47F6FE73241AA4B28C
S31508031AC09C4205D928462821FEF748F8002038BD48
S31508031AD00120FCE738B504460D4601460020FDF70C
S31508031AE080FB03689B0505D429462046BDE8384094
S31508031AF0FFF7DCBF002038BD2DE9F04115461F4628
S31508031B009DF81880FDF76DFB044608F02BF8B8F12D
S31508031B10010F064623D154E8003F43F4807344E893
S31508031B200032002AF7D105B354E8002F42F40072B5
S31508031B3044E80023002BF7D1FF212046FFF72BFFAC
S31508031B4054E8002F48EA020244E80023002BF7D1A1
S31508031B503046A5602782BDE8F04107F0FEBF4FF483
S31508031B6080712046FFF717FFDDE74FF40071204623
S31508031B70FFF711FFE0E773B5064601200C46FDF7AC
S31508031B8030FB002305461A46009321463046FFF7E5
S31508031B90B3FF6B6863B14FF480712046E0F748FEE4
S31508031BA055E8003F43F4007345E80032002AF7D1AD
S31508031BB007F0D8FF05462046FDF72DFB28B1038815
S31508031BC01BB14FF40070FEF7E4F8284602B0BDE8EF
S31508031BD0704007F0C2BF38B505460C46FDF701FB52
S31508031BE083684BB10221204600229847214628469E
S31508031BF0BDE83840FFF7BFBF38BD012938B50546EC
S31508031C000C4608D0CC1E012C03D801460120FFF749
S31508031C10E2FF012038BD2221FDF737FB204629467E
S31508031C20FFF7D9FF0020F5E708B5FDF7DAFA0068EC
S31508031C3000F0F00008BD10B5014604460120FFF781
S31508031C40F3FF20B92146BDE81040FFF7EDBF10BDED
S31508031C5070B506460D4601460120FDF7C2FA314620
S31508031C6004460020FDF7BDFA2268036842EA030129
S31508031C70C90523D4920549BF248A4FF6FF74641B0A
S31508031C80A4B29B0554BF4FF6FF73038A304644BF7D
S31508031C905B1B9BB29C42A8BF1C46FBF74FFE002862
S31508031CA004DB411B89B28C42A8BF0C464FF6FF736F
S31508031CB09C4208BF4FF0FF34204670BD0124FBE762
S31508031CC02DE9F34104460191014601201546FDF726
S31508031CD088FA214606460020FDF783FA8046204601
S31508031CE0FDF788FA010706D501A8FBF75BF80C2070
S31508031CF002B0BDE8F08107F035FF336807469A0559
S31508031D0003D4D8F800309B0509D50199301D8D6099
S31508031D10FBF720F9384607F020FF0020E8E707F02D
S31508031D201CFF20460199A847E2E738B50146044651
S31508031D300120FDF756FA05460C30FBF733F8281D44
S31508031D40FBF730F821460020FDF74BFA04460C3022
S31508031D50FBF728F8201DBDE83840FBF723B870B514
S31508031D60014605460120FDF73CFA06460430FBF713
S31508031D7087F8044670B14FF400713046FFF70BFE3F
S31508031D8021462846A368984720B12046BDE87040F7
S31508031D90DCF730BA70BD00238260C0E900310373F3
S31508031DA0704708B50B4601461846FDF71AFA4078F8
S31508031DB0C0F3400008BDFFF720BFCB1E012B70B54B
S31508031DC004460D46164606D81A21FDF75EFA402143
S31508031DD02046E0F72DFD324629462046BDE87040E9
S31508031DE0FFF70BBF38B504460D46FDF743FA28B18E
S31508031DF0012D04D122212046FDF747FA002038BDDC
S31508031E00F8B50C468B7907460B44D3F80D60D3F81F
S31508031E1011303246E1F75EF909212046FFF722FE23
S31508031E202046FFF710FEA579E2F708F90C3566F0A8
S31508031E30FF0625440640C5F80160E2F7FFF8384671
S31508031E40C5F805102146FFF7F3FD02213846E3F7E7
S31508031E509BFAF8BD70B50E46054601460020FDF708
S31508031E60C0F9012E044603D0022E11D0012070BDFD
S31508031E70C16828468B7919440D31FDF77AFAE0686B
S31508031E80DCF7B8F900202946E060FFF774FEEDE7B2
S31508031E90C068DCF7AFF90023E360E7E738B50D461A
S31508031EA0044601460120FDF79CF9012D08D100F1EE
S31508031EB012012046FDF75DFA21462846FFF75BFE29
S31508031EC0012038BD08B5FDF79BF900F0010008BDF0
S31508031ED038B50C4602210546FDF794F90C21204630
S31508031EE0FFF7C0FD2046FFF7AEFD4FF0FF338370C3
S31508031EF00223C3700F23437060230371062321460D
S31508031F0043712846BDE83840FFF792BDF8B50C463D
S31508031F100546FDF76FF900F0010787F00107294623
S31508031F203846FDF75EF9012C0646C06803D0022C35
S31508031F3021D00120F8BD83790C33C4182389284698
S31508031F40E288A188FDF7CEFA6188627849005200D3
S31508031F50284689B2FDF76EF9F068DCF74BF90023DA
S31508031F6028464FF48031F360FDF750F92946384681
S31508031F70FFF701FEDDE7DCF73DF900234FF4803177
S31508031F802846F360FDF742F9D3E7042910B504465A
S31508031F9001D0002010BDFDF72DF900F00100C0F1B6
S31508031FA00200E1F7C5FF0028F3D1FBF796F80146CF
S31508031FB008B90220EEE72046E3F7A0FD0028F8D18A
S31508031FC00120E7E72DE9F0410F4604469046FDF761
S31508031FD011F900F0010585F0010521462846FDF7AC
S31508031FE000F9012F064603D0032F0FD001200BE07B
S31508031FF02046FEF708FC22212046FDF746F9284627
S315080320002146FFF7E8FD0020BDE8F081C068DCF74C
S31508032010F1F800232046F360FEF7F5FB204698F80F
S315080320200410FDF732F920462021E0F701FC21468A
S315080320302846FFF7D0FDD9E737B504460D46FDF721
S31508032040DFF800054FD50220FBF747F80190002873
S315080320504BD0204655B3FDF7CDF8C1070AD5052160
S315080320600198FFF7FFFC0198FFF7EDFC204601995D
S31508032070FFF7DEFC29462046FEF7D0FB2046FDF790
S31508032080B9F8C2070FD44FF400612046FDF7BEF82E
S3150803209006210198FFF7E6FC0198FFF7D4FC2046D2
S315080320A00199FFF7C5FC002003B030BDFDF7A2F880
S315080320B0C3070DD50199032306222046E3F7F8F94A
S315080320C02046FEF7A0FB21462846FFF784FDEAE7EC
S315080320D001A8FAF767FE20463D21FDF73FFD204696
S315080320E0FEF791FBDFE70C20DEE70720DCE7F7B511
S315080320F0014604460020FDF774F8054600F1120769
S315080321004FF48060E1F714FF50B92046E0F77AFBF5
S315080321103A46698B80B203B0BDE8F040FFF710BBBF
S315080321202046E0F76FFB064620466D8BFDF760F801
S3150803213000220346009229463A46B0B2FFF71FFB30
S3150803214003B0F0BD83781A2B09D81B238370028842
S31508032150B2F5A47F07D24FF4A473038007E0FB2BE1
S31508032160F5D9FB23F2E744F290239A42F5D8704750
S315080321702DE9F04304468A884E888B790D88C979F8
S3150803218087B043EA012303A8ADF80C308DF80E2077
S31508032190EDB2FFF7D7FF04A8BDF80C909DF80E80A3
S315080321A0ADF810608DF8125005A9FFF7CBFF20464E
S315080321B0BDF810709DF81260FDF7FDFC0B21204653
S315080321C0FDF7B6FC40F6480544F29023002818BFED
S315080321D01D464346BDF814209DF816104D45D4BF39
S315080321E00095CDF80090FB2BA8BFFB23BA42A8BFE6
S315080321F03A46B142A8BF31462046FDF7FDF907B076
S31508032200BDE8F08337B5144605461046FFF72AFCA2
S315080322102046FFF718FC01A904462846FDF7CBFC20
S315080322200B212846FDF784FC6FF004036370002333
S3150803223044F29022A37040F64803002818BF1346B9
S31508032240A4F803309DF80630A4F80530BDF8043029
S31508032250A4F8073003B030BDFFF7CFBC022973B526
S3150803226005460C4603D00024204602B070BD05215E
S31508032270FDF72FFC0028F6D0E0F7D6FD1B28F2D988
S315080322804FF40040E1F754FE0028ECD1FAF725FF96
S3150803229006460028E8D0284601A9FDF78CFC3146F6
S315080322A028469DF80630BDF80420E3F705FF002805
S315080322B0D9D10124D8E7012910B504460FD003392B
S315080322C001290AD8FEF778FC4FF480412046FCF72B
S315080322D09DFF21460120FFF77EFC012010BD222128
S315080322E0FCF7D3FF4FF480412046FCF78FFF2046C7
S315080322F0FEF762FC0020F1E72DE9F0478A46222122
S31508032300804615461F46BDF92090FDF7E2FB60B3EC
S315080323100220FAF7E2FE064648B32521FFF7A2FB99
S315080323203046FFF790FB6B0003F00203C5F3400545
S315080323301D4385700A2540F2EC4397FBF5F799454B
S31508032340044680F801A0C7700DD04846DDF7A6FA03
S3150803235090FBF5F35BB2404631462371FFF768FB02
S315080323600020BDE8F0877E23F5E71120F9E707206B
S31508032370F7E77FB54A1E042A03460E464FF00004C4
S3150803238051D8012902D1008804B070BD022905D1AC
S3150803239000885B88984238BF1846F5E74A00014625
S315080323A001A8ADF80440ADF80640ADF80840ADF80D
S315080323B00A40ADF80C4005F097FF032EBDF804005C
S315080323C0BDF80650BDF8081030D0042EBDF80A3003
S315080323D035D0A84298BF2C46BDF80C209CBF0546AD
S315080323E02046934202D814461A462346AA4238BFC1
S315080323F02A46834228BF034698B2814222BF0B4628
S315080324000146184692B2904228BF104680B28842C7
S3150803241038BF0846B8E723464FF6FF72E3E71A467E
S315080324204FF6FF73E2E74FF6FF70ADE7A842F2D81F
S315080324302B462246054618464FF6FF73D6E7A842AB
S31508032440EDD82A4605461046E6E7F7B54A1E062A94
S3150803245005460C464FF0000300F28680012903D196
S3150803246090F9000003B0F0BD022907D190F90000E6
S3150803247095F901309842B8BF1846F3E70A46033C74
S31508032480014668468DF800308DF801308DF8023024
S315080324908DF803308DF804308DF805308DF8063045
S315080324A005F022FF9DF900309DF901509DF9026060
S315080324B09DF90500032C41D8DFE804F05947430288
S315080324C07F2298429DF9044044DB9DF903108B4211
S315080324D0DEBF0F4619463B46AA4202DA2F46154681
S315080324E03A46A642DEBF274634463E468D42B8BF25
S315080324F00D469842A2BF014618460B469442DEBFD4
S31508032500114622460C468242B8BF024652B2A2423E
S31508032510A8BF2246B342A8BF33466DB258B2854216
S31508032520DCBF0346284652B2D8BF1D469042B8BF01
S31508032530104640B2A842A8BF284693E79DF906204D
S31508032540BFE77F226FF07F00BBE77F226FF07F0430
S315080325501046BAE7194603460846B6E77F206FF0E2
S315080325607F0102460C46BCE76FF07F007AE713F15A
S31508032570800FF3D17F221C4619461046B1E72DE991
S31508032580F041446B05460E4604B9846B2B6AC3F3C4
S3150803259040209B052ED50CB9EB6A4BB32846FCF7AE
S315080325A092FA2B6AC3F30052904211BF01205F0DC2
S315080325B087EA935707F0010007469CB194F806800B
S315080325C0284608F10C08A044FCF76EFA98F802307E
S315080325D013F03F031CBF98F80330C3F340032FB926
S315080325E05840C0B206B13460BDE8F0810120F9E76E
S315080325F02046F9E7002CD1D1F6E7F7B5026A054676
S3150803260092050B460CD5C26A52B1FCF7B5FA0446D5
S31508032610F0B92846DEF7EAFE0024204603B0F0BDEB
S315080326200026184601A90196DFF7BCFC044678B9CB
S3150803263005F12C073846FAF7B5FB019B2846EB62EA
S31508032640FCF79AFA044648B13846FAF7ABFBEE624A
S3150803265041F20703192C08BF1C46DEE72B6A43F42D
S3150803266000232B62D5E7B0F85830024613F0020070
S3150803267013D0C3F30010DB060ED4D36B0BB9136C5C
S315080326805BB19A790C321344987810F03F0004D062
S31508032690D878C0F340007047002070472DE9F3410E
S315080326A00546C06B10B9286C002837D04FF00008D0
S315080326B001A9CDF80480DFF775FC044600BB05F1D4
S315080326C03C073846FAF76EFB05F13006EC6305F16D
S315080326D04000FAF767FB30462C64FAF763FB019B65
S315080326E028462B63FCF7B9FA044668B13046FAF76D
S315080326F059FB41F20703192C08BF1C46C5F830805D
S31508032700204602B0BDE8F0813846FAF74BFB2B6C3E
S315080327103046C5E90F34FAF745FB2C630024EFE787
S315080327202DE9F04385B0894617460546039340B914
S3150803273003A8FAF737FB41F24204204605B0BDE881
S31508032740F083022910D1C06C28B903A8FAF72AFB2B
S3150803275041F20C04F1E71946FBF783F9002800F068
S31508032760868040F48054E8E739B101292DD003A8BF
S31508032770FAF718FB41F21204DFE74FF4007800F189
S315080327802C06B5F85830980704D5B9F1000FEED0E2
S31508032790990702D4B9F1010FE9D0039B4246009386
S315080327A031463B462846FBF738FF04460028C4D182
S315080327B03068FAF76DFB40F2726398420AD93046DD
S315080327C0FAF7F0FA41F20704B7E74FF4806800F125
S315080327D03006D6E7B9F1000F0BD1BF2809D9B5F8EA
S315080327E058309A0705D03046FAF7DCFA41F2450421
S315080327F0A3E731462846FBF734FF044600289CD155
S31508032800BB072FD595F8743095F8739003F00F022C
S31508032810B8F5007F49EA022915D02846FCF71DFAC0
S315080328200446F8B195F87430304623F00F0343EAAB
S31508032830192385F8739085F87430FAF7B3FA192CC7
S315080328407FF47BAFBEE709F1010285F8732023F015
S315080328500F03C2F303221343284685F87430FCF7A3
S315080328608BF9DDE73A4641462846FBF725FF002460
S3150803287063E770B5044607F075F900210646204656
S31508032880DEF7B4FF054628B90024304607F065F994
S31508032890204670BDC06C30B9286D0028F4D0FBF70C
S315080328A025F90446F1E7FBF7D9F804460028ECD1E5
S315080328B0F2E7FCF761BA002208B511461046FBF7A2
S315080328C040F808BD002238B50D46044611461046A1
S315080328D0FBF737F83DB1A07FFBF72AF8002102463C
S315080328E00420FBF72EF838BD10B504460620D3F7A7
S315080328F0B9FD0122014623461046D5F78FFF08B1D5
S315080329000023236010BD07B50421019001AA40F2F4
S315080329100740E9F749FE03B05DF804FB70B50646C0
S315080329200D461C461BB98A420BD06FF08304294611
S31508032930304600F027F92046FFF7E5FF40F2074047
S3150803294070BD00F005F92046FAE72DE9F3470024A0
S31508032950074668468846164699460094FFF7C4FF15
S31508032960054620B13460284602B0BDE8F0873268D0
S31508032970DDF800A0002A3AD0DAF80430CAF81420A1
S31508032980DAB22AB923F0FF0343F00103CAF8043085
S315080329900124F6F79CFD0A9B44EA00240098CAF82A
S315080329A0044014F0FF0408BFCAF81440C360BDF816
S315080329B02C30C0F8089003800C9B438000230193B6
S315080329C0BFB14246394601ABCEF7AEFC0446009F7B
S315080329D03846F4F700FF384607F094FB6CB100233A
S315080329E020463360FFF78FFF40F20745BBE70446EF
S315080329F0CFE701A9CEF76CFEE8E7019B3360B2E7A0
S31508032A0008B5CEF799FE18B1FFF77DFF40F20740E8
S31508032A1008BD08B5F4F7A7FB10F1880F05D018B160
S31508032A20FFF771FF40F2074008BD0020FCE70023CB
S31508032A3073B5054601A80193FFF756FF0446A0B9E7
S31508032A4028460199F4F7B4FB0546019E3046F4F788
S31508032A50C2FE304607F056FB3DB115F1880F07D085
S31508032A602846FFF750FF40F20744204602B070BDE0
S31508032A702D24FAE7F8B50D4617461E46F4F7DEFB8E
S31508032A80044658B1002339462846336000F07AF8DD
S31508032A902046FFF738FF40F20740F8BD284631685D
S31508032AA000F056F82046F8E708B5F4F7D6FC18B14F
S31508032AB0FFF729FF40F2074008BD2DE9F3414FF020
S31508032AC00008076801AB1022044638460D46CDF8C0
S31508032AD00480F4F7E4FC06463846F4F7A0FC3846C7
S31508032AE007F010FB334610212846019AC4F80080E4
S31508032AF0FFF714FF02B0BDE8F08138B50568044650
S31508032B002846F4F78CFC284607F0FCFA00232360D2
S31508032B1038BD002313B501AA0193E3F75DFE044606
S31508032B2010B90198FFF775FF204602B010BD70B5BE
S31508032B3005460E46F4F753FD044640B1314628468A
S31508032B4000F020F82046FFF7DEFE40F2074070BD8E
S31508032B500B4630B5421E0844CC1AA34200D830BDF2
S31508032B6012F8014F10F8015D013B15700470F3E785
S31508032B700A4401388A4200D1704712F8013D00F829
S31508032B80013FF7E700230144884200D1704700F864
S31508032B90013BF9E741EA002040F49020FFF739BFEB
S31508032BA0034607B541EA032343F4902301938B1F96
S31508032BB010465A425A4101A9E3F7D6FC03B05DF819
S31508032BC004FB0120704770B50C46064611461D46A0
S31508032BD0E3F760FE40B144EA06202A46BDE87040A2
S31508032BE040F40040EAF794BA40F2064070BD10B5C7
S31508032BF00446E3F74FFE38B141EA042040F40040A7
S31508032C00BDE81040EAF7BCBA40F2064010BD837926
S31508032C1001461A0703D506220020E3F761BE9B0681
S31508032C2002D506220120F8E7FF20704770B506464D
S31508032C3014461D46E3F72EFE10B90024204670BD40
S31508032C4041EA06202A46214640F40040EAF77CFA80
S31508032C500028F3D0F1E708B5E6F7B6FB002008BD70
S31508032C600020704710B583790C46532B03D1BDE872
S31508032C701040E4F7F1BCFFF7CAFF2070FF280CBF2A
S31508032C802D20002010BDA0F86E10704701238B403D
S31508032C9090F87110194380F87110704708B5012030
S31508032CA0DBF7C4FCC0B208BD83790C3318447047FC
S31508032CB010B50446A1F11400FAF7EAF8201A20EA37
S31508032CC0E07080B210BD70B51C460D461646FFF778
S31508032CD0EFFFA04207D322463146A5F11400FAF7BF
S31508032CE057FB012070BD0020FCE773B506460C466A
S31508032CF0104601929AB90A460821FAF7B1FA0190E1
S31508032D0028B9224608212920FAF7AAFA0190019838
S31508032D1018B183790C331844067002B070BD01A844
S31508032D20FAF7AEF8054601A8FAF73CF82246082151
S31508032D3028460195FAF780FBE9E72DE9F04116469F
S31508032D40069A074688461D46FFF7CFFF0446F8B19D
S31508032D5014382A4631460690FAF71AFB854218D9DB
S31508032D60069B06A81C7904F02004FAF71BF87CB91D
S31508032D70424608212920FAF773FA069040B12A46F3
S31508032D803146FAF705FB854206D906A8FAF70AF883
S31508032D9000242046BDE8F081069A93790C33D418AB
S31508032DA0D754F6E711B11439E4F706BE1A2070476B
S31508032DB038B5002204460D4602200321FFF795FF86
S31508032DC0014608B1A0F801502046BDE83840FFF790
S31508032DD0E9BFF8B504460F46164605210120069AAB
S31508032DE01D46FFF782FF014638B1477046800571D5
S31508032DF02046BDE8F840FFF7D5BFF8BD38B50D4600
S31508032E00032104460846FFF770FFA0F80150014660
S31508032E102046BDE83840FFF7C5BF73B505460846E3
S31508032E2011466C891A46641ABDF81830A4B29C4236
S31508032E3028BF1C46079B089E00932346FFF77DFF82
S31508032E40014630B12846348002B0BDE87040FFF72A
S31508032E50A9BF1A2002B070BD012110B5002204468D
S31508032E601320FFF742FF014620B12046BDE8104074
S31508032E70FFF798BF10BDF7B54489054618460F46B0
S31508032E8016460193FAF704F8053CA4B2844203DA1A
S31508032E90011B01A8FAF79EF805210198FAF721F90B
S31508032EA0014628B901A8F9F77DFF1A2003B0F0BD3A
S31508032EB083790C33C2181720C8542846A2F8017020
S31508032EC0A2F80360E4F778FDF0E7012110B50022C4
S31508032ED004461920FFF709FF014620B12046BDE83D
S31508032EE01040FFF75FBF10BD73B50E460021448936
S31508032EF00546033CA4B2A342009128BF23460321F7
S31508032F001B20FFF71AFF014678B110F80F3CA0F80B
S31508032F10016003F00F0343F0100300F80F3C284643
S31508032F2002B0BDE87040FFF73DBF1A2002B070BD7E
S31508032F3073B50E46002144890546033CA4B2A34251
S31508032F40009128BF234603211D20FFF7F6FE0146FD
S31508032F5038B1A0F80160284602B0BDE87040FFF713
S31508032F6021BF1A2002B070BD4B88042B07D1836C8E
S31508032F7008885B8998428CBF00200120704700208F
S31508032F8070477047704770470020704710B504466E
S31508032F90806920B10021E4F763FC0023A36110BD17
S31508032FA007B501A9E4F7EAFD38B9019B93F82500AB
S31508032FB0C0F3800003B05DF804FB0020FAE70020A5
S31508032FC008B5E4F761FE08B9FF2006E0C37B012BC9
S31508032FD0F7D1436ADB06F4D5007808BD38B5436AEA
S31508032FE00446580705D5002320781A461946E6F7F6
S31508032FF065FD636A990706D52046E4F7D3FD636A38
S3150803300023F0020363621A0719D5E5799B04C5F30E
S31508033010C0022DD4532D2DD0A5F1140CDCF10005D7
S3150803302045EB0C05214611F8010BE6F7E9FCF0B967
S31508033030636A0DB343F4802323F008036362D80657
S3150803304014D513F400651AD02046FFF79DFF70B90F
S31508033050636A590736D45B0308D5214611F8010B71
S31508033060E9F79AF8636A23F480236362002038BD7C
S315080330700025D7E70125D5E723F48023DCE71A06DD
S315080330800FD5E37B03F0FB03012BE1D021692078FD
S31508033090E6F7DCFC636A256123F080036362002894
S315080330A0E5D1E27B023A012AD2D8D805D0D561699F
S315080330B02078E6F7E7FC00236361636A23F48073E9
S315080330C06362C4E7E17BA28D012903D192B1802A09
S315080330D028BF802259064CBF012394F830300121BA
S315080330E02078E6F7EBFC0028C1D1636A23F00403D2
S315080330F06362B0E74022EDE713B501A9E4F73EFDA5
S3150803310090B9019C636ADA060ED59B040CD4204653
S31508033110E4F79EFC2046636A43F00603636202B043
S31508033120BDE81040FFF75ABF0A2002B010BD0020C1
S3150803313008B5E4F7A9FD00B908BD436ADB06F8D567
S315080331400120F9E737B590F8393004465B070D4691
S315080331502BD4E4F77DFC6B1E042B14D8032D12D055
S31508033160E379142B23D0A3696BB9684600F0BCF93D
S31508033170E5F760F86946E4F7D7FA18B91A25284631
S3150803318003B030BDA061636AE57343F016032046B6
S315080331906362FFF723FF054618B12046FFF7F6FEDD
S315080331A0EDE72078E4F7E6F9E9E70225E7E72125DD
S315080331B0E5E707B501A9E4F7E1FC30B90198C17B56
S315080331C003B05DF804EBFFF7BDBF03B05DF804FB7E
S315080331D037B5FFF7F4FEFF28044616D001A9E4F72E
S315080331E0CDFC90B9019D20466B6A23F010036B62F0
S315080331F0E4F7F0F92846FFF7C9FE204605F134013E
S3150803320003B0BDE83040E8F7A7BF03B030BD73B5D8
S3150803321004464A7968460D460631E5F74DF8DDE971
S315080332200001A4F85010090C11F0800FE06484F82B
S31508033230521004F1530312D00122184605F1120164
S31508033240E5F73AF80C35284603F0F5FC28B10122D0
S31508033250294604F15A00E5F72FF802B070BDB4F811
S31508033260501094F85220C4F8530099809A71E9E7EC
S31508033270002337B580F8723040F6FF73A0F86E3036
S3150803328083680446DA040D46C16010D443F48063A8
S315080332906A46A36040F203212046CDE9004504F0BF
S315080332A035FD00212046E4F7DBFA03B030BD90F87C
S315080332B07600FFF77EFFA36823F48053E8E71FB57C
S315080332C090F87420044602F0010301908DF8083043
S315080332D00BB102F002038DF8093094F875302046D5
S315080332E08DF80A30039102F09FFA4FF4017101AA8F
S315080332F0204604F00BFD2046E4F72AFB04B010BD74
S31508033300E4F786BA0A460021E6F774B9427A38B56D
S31508033310C2F380120446B0F86E000D46E6F710FABB
S3150803332020B9A3681DB143F40053A36038BD23F441
S315080333300053FAE7F8B504460E4617461D46E4F762
S3150803334079FF2146E4F7F0F9044698B10021FFF71F
S315080333509DFC3A4631462046F1F720FCA36843F024
S315080333600103A36040F20313A4F872300023204636
S315080333702B60F8BD1A23FAE710B50446B0F8030024
S31508033380E4F710FA38B1617909B141F48051BDE81F
S315080333901040FFF76DBF10BD10B50446B0F8030023
S315080333A0E4F700FA38B1A17809B141F48051BDE8D0
S315080333B01040FFF784BF10BD10B50446B0F80300EC
S315080333C0E4F7F0F990B1627990F874305AB143F0A2
S315080333D0010380F87430A17809B141F48051BDE83E
S315080333E01040FFF76CBF03F0FE03F2E710BD10B5FC
S315080333F004468088E4F7D6F9B8B1E278AAB9E17940
S31508033400A27942EA0122A0F86220E17AA27A42EA84
S315080334100122A0F86420227A617ABDE8104042EAC4
S315080334200122A0F86620E4F793BA10BD10B5044646
S315080334308088E4F7B7F920B1A179BDE81040E4F72D
S31508033440A9BA10BD532838B505460C4604D1BDE8BC
S3150803345038400846E4F758B806212046FFF767FBC5
S3150803346060B96379142D03F03F02627104D0722D9B
S3150803347007D163F03F036371A57138BD40F2074076
S31508033480FBE72120F9E74FF0FF33F7B50093ADF8D3
S3150803349004308379DA060CD5532B08BF00234FF083
S315080334A03F0208BFADF800308DF8052008BF8DF838
S315080334B002300021451E431D6A46084615F8016F6A
S315080334C012F8014BAB4206EA040724EA060440EA6B
S315080334D0070041EA0401F1D1002818BF002914BFE7
S315080334E00120002003B0F0BD0023036083808371AD
S315080334F0704710B5044660B1806C50B1E4F746FFD7
S31508033500A06C0028FAD12046BDE810400321E4F751
S31508033510A7B910BD438907B58B420CD050F80C2BBD
S3150803352040F2014192F87020ADF806308DF8042078
S3150803353001AA04F0EBFB03B05DF804FB436943F00F
S31508033540040343617047436923F0040343617047E7
S31508033550007DC0F38000704747F2305300220068AD
S31508033560F1F7FABA006804F064BB38B54369044650
S315080335709B070D4603D540F20941FFF7F3FFE4F72E
S3150803358039FA08B1A3691D702046BDE8384040F2F0
S315080335900941FFF7E1BF07B5027C012A09D00122D9
S315080335A0027440F20942914206D040F20A4291421D
S315080335B00ED003B05DF804FB4FF4816150F80C3B61
S315080335C001AA93F870308DF8043004F09FFBF0E7F6
S315080335D050F80C3B01AA93F870308DF80430F4E7E1
S315080335E038B522F000430D46114640F203229342B2
S315080335F004461AD0B3F5017F09D240F20122934259
S3150803360013D040F20222934209D0002038BD6FF44A
S3150803361081621344012BF8D8FFF7BDFFF5E700F0E5
S315080336203AF9204601F0DDF8EFE763699B0704D50D
S3150803363040F209412046FFF795FF2846FFF759FF51
S31508033640E3E708B5E4F7BCF800B1806C08BD08B534
S3150803365000B10068E4F7D4F808B9034602E0836CBE
S31508033660002BF7D0184608BD10B5044642F62A3093
S3150803367000F043FB031B5842584110BD022806D1EC
S3150803368042F62A330888C31A58425841704700201D
S31508033690704710B5044642F6293000F02EFB031B8B
S315080336A05842584110BD90F8200000F001007047B9
S315080336B01FB504466846E4F78DFF1022694604F1F0
S315080336C0210004F0C1FDB0FA80F0400904B010BD32
S315080336D008B5FFF7EDFF80F0010008BD70B5044695
S315080336E000F1210591B92846E4F774FF236893F896
S315080336F07500E3F7CFF878B120682B46BDE870402C
S3150803370010220D2190F87500FFF75DBA10220021EB
S31508033710284604F0C2FDE9E770BD38B50446002320
S3150803372090F8202041FA03F0C50703D442FA03F0C0
S31508033730C0071ED40133082BF4D101F00105236811
S315080337402A4384F8202093F87500E3F7A3F840B1D9
S31508033750234653F8200B01220C2190F87500FFF736
S3150803376032FA0DB9002038BD00212046FFF7B6FF0F
S31508033770F8E71320F7E778B14B1C0CD03F290ADC8E
S3150803378000EBA10090F8310001F00301490008415C
S3150803379000F0030070470020704710B5036804461D
S315080337A093F87500E3F776F850B12346BDE8104061
S315080337B053F8310B10220B2190F87500FFF703BA63
S315080337C010BD10B590F87430DB0706D490F8753041
S315080337D0FF2B14BF0F20052010BD847CE6F7C4FA1F
S315080337E0844234BF0C200020F6E7F8B5044642F6B7
S315080337F0021642F603070134A4B22046E5F7CAF8CF
S31508033800054670B1E5F796F858B1284600F0B4FBBB
S31508033810B04204D1287AC31F58425841F8BDB8426A
S31508033820E9D10020FAE71FB504466846E4F7D2FE55
S315080338302046E5F7AFF86A46C3680633144603CC51
S31508033840596004A98C421860224603F10803F5D18E
S3150803385004B010BD08B5E5F79DF808B1E5F76AF8B1
S31508033860C0B208BD013810B580B2E5F793F804462F
S3150803387008B9002010BD408800F06FFB0028F8D077
S31508033880207BF7E708B5E5F785F818B1007AC31F73
S315080338905842584108BD70B5054655F8213B0446BC
S315080338A093F87500E2F7F6FF20B92846BDE870409D
S315080338B0E4F790BE234653F8310B10220B2190F8F8
S315080338C07500FFF7B3F9234653F8200B01220C21A1
S315080338D090F87500FFF7AAF920682B46BDE87040F3
S315080338E010220D2190F87500FFF7A0B901302DE9D4
S315080338F0F04185B228460E46E5F74CF842F602171C
S31508033900044642F603089CB12046E5F713F878B156
S31508033910204600F031FBB84205D10EB12388338027
S31508033920607BBDE8F081204600F026FB404502D1C6
S315080339304FF0FF30F5E70135ADB22846E5F72AF82B
S315080339400446E0E7F8B5064608460D461746FFF768
S315080339504CFF044658B939462846FFF7C7FF431CA8
S31508033960014606D03046BDE8F840FFF704BF0320FA
S31508033970F8BD2046FCE770B5054608461446E5F744
S3150803398009F8064608B9012070BDE4F7D3FF0028F5
S31508033990F9D0E3071FD4A0073DD4630740D5B388FE
S315080339A058073BD5B38813F4E06002D02868FFF7BD
S315080339B008FFB388990540D50028E5D12A6892F807
S315080339C0742092071AD55B052DD52B6893F87530A5
S315080339D0FF2B28D11DE0B388D90731D513F0700022
S315080339E002D02868FFF7EDFEB3889A0608D50028A3
S315080339F0CAD12A6892F87420900703D40520C3E72E
S31508033A000028C1D15906C6D52B6893F87530FF2B04
S31508033A10C1D10820B8E7B3889A07BED40320B3E711
S31508033A2014F0060FBED114F40060ADD0B38813F4B6
S31508033A30006F0CBF06200020A6E70028A4D1C2E722
S31508033A400220A1E738B504460846E4F7A3FF05466E
S31508033A5008B9012038BDE4F76DFF0028F9D0AB8813
S31508033A6013F4E04002D02068FFF7ABFEAB88990455
S31508033A7008D50028EED1226892F87420920703D459
S31508033A800520E7E70028E5D113F48040E2D0236850
S31508033A9093F87500A0F1FF0358425841C000D9E7CF
S31508033AA02DE9F0474FF00009044683F800900846CD
S31508033AB0A2F80090884616461D46E4F76BFF0746AC
S31508033AC020B9012300202B70BDE8F08774B1E4F711
S31508033AD031FF0028F5D04046FFF7DBFD30B101235F
S31508033AE085F8009004F120003380EDE72B46324633
S31508033AF039462046BDE8F047E4F7F8BC70B51646E4
S31508033B001C460D4609B9012070BDF0B9297A072963
S31508033B1007D8DFE801F0042225282A040420032015
S31508033B20F2E70022BDF910309342B8BF1346B342F9
S31508033B301DDB022908BFEB6804EB060008BF5B8898
S31508033B409842CCBF0D200020DEE70846E4F7F2FED4
S31508033B500028DBD1D7E78020D6E7EB685A88E1E768
S31508033B60EB689A88DEE70222DCE70620CCE7072023
S31508033B70CAE72DE9F043064685B0084689469046C6
S31508033B800393E4F707FF044638B903A8F9F70AF9D4
S31508033B900127384605B0BDE8F083E4F7CBFE0028D5
S31508033BA0F3D0039888B1F9F773F985B24FF0FF3369
S31508033BB04246009321462B463046FFF79FFF0746AA
S31508033BC028B103A8F9F7EEF8E3E70546EEE7207A06
S31508033BD0022827D003282AD0012841D1E0680630D5
S31508033BE03B462A4603994044F9F7CBF8002EE8D01A
S31508033BF0237A032B36D103A8F9F7D4F800212046F4
S31508033C00E4F780FE002836D00588617B3046FFF747
S31508033C10B2FD0122034629463046CDF8009000F04E
S31508033C2079FCB6E7E06805EB08038380D7E7039BCF
S31508033C309A79D979891AC9B24D1E012D1FD8134409
S31508033C4002291A7B04BF5B7B42EA0322237B32EAFF
S31508033C50030315D101233046617BE4F71DFCC5E751
S31508033C60002EAED0039B4946009330464346327F27
S31508033C7000F036FC8DE709F1FF35ADB2C5E70D2037
S31508033C8007469EE7884270B504460D46164611D880
S31508033C90012838BF01242046E4F77CFE10B1438887
S31508033CA0B34208D00134A4B22046E4F753FE08B160
S31508033CB0A542F0D20024204670BD70B50C461646C0
S31508033CC01D460146B8B1B3B1022C01D0102C12D14E
S31508033CD0E0B2E4F793FD4FF6FF718842024602D13C
S31508033CE041F20A1070BD3046FFF7CCFF0028F7D023
S31508033CF028800020F6E72120F4E7002307B50122F0
S31508033D00ADF80400ADF8063002210DF1060301A84B
S31508033D10FFF7D3FFBDF8060003B05DF804FBF8B55B
S31508033D200F461646441CA4B22046E4F733FE10B9E0
S31508033D30013CA0B2F8BD00F01FF90546304600F075
S31508033D40F7F820B1284600F0F3F80028F0D13046FA
S31508033D5000F0E7F820B1284600F0E3F80028E7D199
S31508033D600134A4B22046E4F7F5FD08B1BC42DBD919
S31508033D704FF6FF70DEE72DE9F04F9A4687B08B883A
S31508033D800D460C88814604A90220ADF810309046EA
S31508033D90E4F734FDAB680090A888AF89059300F073
S31508033DA0C0F838B1102F05D105A8E4F70DFD022890
S31508033DB008BF02279DF840B00BF0010B38E02046F8
S31508033DC0009AFFF75FFF0646A8B3AA886988FFF734
S31508033DD0A6FF04463046FFF73DFD40EA0B00C0B296
S31508033DE000B30DF10F03314648460DF11202FFF7F2
S31508033DF057FE9DF80F302BB1A8F80060184607B098
S31508033E00BDE8F08FBDF81220BA420BD13A460599A0
S31508033E10019304F019FA019B20B9A8F80060AAF8DF
S31508033E200040EBE74FF6FF739C4201D00134A4B27E
S31508033E306988A142C3D20A23E0E708B5E4F7AAFDD5
S31508033E40BDE8084000F098B838B505460846E4F7D3
S31508033E50A1FD044610B94FF6FF7038BD0DB9608849
S31508033E60FBE7E4F767FD0028F9D1F4E770B50446E4
S31508033E7042F60520FFF741FFB0B10021FFF736FDF3
S31508033E80054601462046FFF776FC06461022002122
S31508033E9004F1310004F001FA324629462046BDE80A
S31508033EA070400023E4F7F8BA70BD7FB504460D46A3
S31508033EB010220021684604F0F0F90026AA57531C7D
S31508033EC019D031462046FFF756FC11460346002A09
S31508033ED0B8BFD11C04A800EBA101504200F00300AF
S31508033EE002F0030258BF42425200934011F8102CC5
S31508033EF0134301F8103C0136402EDFD16B4604F11B
S31508033F0031051A4603CA696004A98A42286013461A
S31508033F1005F10805F5D1204604B0BDE87040FFF762
S31508033F203CBCA0F5205001288CBF00200120704717
S31508033F3042F60303C31A58425841704708B50304A7
S31508033F4009D4E4F727FCA0F5205080B201288CBFDA
S31508033F500020012008BD0020FCE7020408B507D4A9
S31508033F60E4F718FC42F60303C31A5842584108BD3E
S31508033F700020FCE7C00B70470346B3F902304088BC
S31508033F80002B01DBE4F706BC0020704708B5FFF7F2
S31508033F90F3FF42F60303C31A5842584108BD08B54E
S31508033FA0FFF7EAFFA0F5205080B201288CBF002056
S31508033FB0012008BD1FB550F80C4BADF80A3094F82C
S31508033FC07040069BADF806108DF8082040F20351A1
S31508033FD001AA8DF80440039303F098FE10B906A8C6
S31508033FE0F8F7E0FE04B010BD2DE9F047089C0E462D
S31508033FF017469846054610B1037C012B61D028461F
S31508034000FFF79CFA14F0800930460CBF4FF0100AEC
S315080340104FF0200AFFF726FC1AEA000F4DD0304668
S31508034020FFF70BFF42F6052398420FD114F001025E
S3150803403019D031462846FFF705FD08B300F588541D
S315080340402846FFF780FA2046BDE8F0872846FFF79B
S315080340502AFB0028EAD02846FFF73AFB0028E5D0D2
S3150803406041F21214ECE7B9F1000F314628460CBFAA
S3150803407001240224FFF766FC2042DAD10224DFE793
S31508034080B9F1000F11D0EB8BCBB943463A4631460B
S315080340902846FEF74DFF04460028D1D140F20A41CF
S315080340A02846EE83FFF758FACAE743463A463146A7
S315080340B02846FEF719FF0446C2E72124C0E705246C
S315080340C0BEE70724BFE72DE9F047002586B09DF82C
S315080340D0389090F81CA004460F4690460F9E057725
S315080340E0B9F1000F09D00A464B4651460096FEF72A
S315080340F070FE284606B0BDE8F087BAF1080FADF89A
S31508034100169026D145893246043DADB29D424FF0FD
S3150803411002014FF00900A8BF1D46FEF7E6FD02227D
S31508034120814605A93046ADF81470F9F731F92A46E0
S3150803413041463046F9F72CF90546831C3146204695
S3150803414089F80130E3F738FCADF81650BDF81600C8
S31508034150D0E7BAF10A0F0DF1160214BF0D210B2190
S31508034160CDE90162009301224346FEF756FE1A285B
S31508034170ECD111233A4651462046CDF80090ADF8C6
S315080341801690FEF726FEE1E7F0B5002589B0174637
S315080341900122039304460E46ADF81650FFF7EBFBD0
S315080341A003468DF81500002844D13046FFF75CFA1C
S315080341B010B13046FFF737FB3046FFF763FBB8B15C
S315080341C003A8F8F7EFFD204650F80C2B237F92F847
S315080341D0702040F202518DF8182006AAADF81A602D
S315080341E08DF81C30ADF81E7003F090FD09B0F0BDD4
S315080341F00DF115030DF1160231462046FFF750FC63
S315080342009DF8153002465BB9BDF816108F428BBF71
S315080342100723C91B8DF81530D21998BFADF81610A8
S3150803422003992046CDE900313146BDF81630FFF72C
S315080342304AFFDBE72A46F3E72DE9F04F89B00290F8
S31508034240184605930C461546FEF72EFD8046059837
S31508034250F8F71EFE0023B0F1010A8DF81D3000F0B1
S315080342608B801AF0010740F087805046B5F80A900C
S31508034270DAF71AFA0646002800F08480524608F14F
S31508034280010104F031F801212046059AFEF72DFDB8
S31508034290B8460AEBDA7A09F1FF3B03904FEA6A0A52
S315080342A0BA4544DD36F81740012221462846FFF76A
S315080342B062FB8DF81D0068B92046FFF7D5F910B1E2
S315080342C02046FFF7B0FA2046FFF7DCFA78B18023D9
S315080342D08DF81D303046F9F7E8F8059B224600931A
S315080342E028469DF81D300299FEF773FD26E00DF169
S315080342F01D03214628460DF11E02FFF7D1FB9DF843
S315080343001D300490002BE5D1029B202B1BD1ABEB70
S315080343100803012B0BDD0DF11E0102220598F9F79F
S3150803432037F8012801460CD805A8F8F753FE304696
S31508034330F9F7BBF828460399FEF734FD09B0BDE83B
S31508034340F08F08F10208BDF81E20ABEB08039A426A
S31508034350C2BF09F1FF32A2EB080292B2DDE90410EB
S31508034360C8BFADF81E20F9F713F8BDF81E309842FA
S31508034370DDD39844013793E7042300248DF81D30D1
S315080343802646A7E71123F8E700232DE9F04F89B05E
S3150803439004460F46164605932AB943691A0726D5CE
S315080343A023F00803436105A8F8F7FCFC04F144006D
S315080343B0F8F7F8FC00232377002E7AD000933A46C1
S315080343C0334618212046FEF704FD06F5885620468F
S315080343D050F80C3B40F2055193F8703006AA8DF855
S315080343E01830079603F092FC09B0BDE8F08F406CCD
S315080343F00590D8B9054604F144084046F8F7F1FC98
S31508034400034605900028CED09979204601F10C027F
S315080344101A44B2F801700531B2F803209971394686
S31508034420FFF7A7FB05950028E7D022E083794FF02D
S31508034430FF3B0C331844B0F80170B0F803A03846B4
S31508034440E4F7A8FA03900598F8F7E7FC656CA0F17A
S3150803445005081FFA88F8059B9D420CD14346524628
S3150803446020460399CDF800B0FFF748FBE8B10023CF
S315080344700593064697E7AB790C3305EB0309B9F8B9
S315080344800120BA420CD12846F8F7C7FCB9F803202D
S31508034490431F12FA83F35B45B8BF5B460FFA83FBE8
S315080344A02846F8F7B3FC0546D5E70598F8F7AEFCB2
S315080344B09EE72046FEF709FD89E770B504460D46D3
S315080344C01646FFF7D1F840B933462A462146FFF781
S315080344D050FB08B100F5885070BD41F20310FBE7A5
S315080344E01FB550F80C4BADF80A3094F87040069B8C
S315080344F0ADF806108DF8082040F2015101AA8DF88F
S315080345000440039303F002FC10B906A8F8F74AFC23
S3150803451004B010BD1FB550F80C4BADF80A3094F82B
S315080345207040BDF81830ADF806108DF8082040F233
S31508034530045101AA8DF80440ADF80C3003F0E6FBEC
S3150803454004B010BDF0B5122785B00392077702228F
S3150803455005460E46FFF70FFA044668B103A8F8F7AF
S3150803456021FC00232B77002332460093122123468E
S315080345702846FEF72EFC0FE0039A30469379033359
S315080345809371FFF77FF948B1039B3A460093314687
S3150803459023462846FFF70EFD05B0F0BD42F629303F
S315080345A0FFF7ABFBB042039B1BD15BB90D2403A8F2
S315080345B0F8F7F8FB00232B77002CD4D12846FEF70F
S315080345C04BFCE9E71846F8F763FC80B20128EDD1FE
S315080345D0039B28469A791344197BFFF79EF80446EA
S315080345E0E5E7224631462846FFF7C3FA0446E1E7DC
S315080345F02DE9FF410392042204460D46FFF7BBF952
S31508034600074628B103A8F8F7CDFB04B0BDE8F08147
S315080346104FF05208039A284693790333937184F823
S315080346201C80FFF72FF9064640B1039B42460093C9
S3150803463029463B462046FFF7BDFCE6E742F6293006
S31508034640FFF75BFBA842039B0BD19A7920461344D9
S31508034650197BFFF762F803A8F8F7A4FB002323776F
S31508034660D3E7324629462046FFF783FAF6E72DE9CC
S31508034670FF418B7904460C330B44B3F801700D469E
S315080346803846B3F80380FFF7E5F800285BD0022223
S3150803469039462046FFF76FF90646E8B93846FFF765
S315080346A0F1F8064668B116222277AB7939460533FF
S315080346B0AB71204643460095FFF77CFC04B0BDE882
S315080346C0F081D9F79DFF2A463346591C0ABBDBB24C
S315080346D00633984220DC092604F14400F8F762FB06
S315080346E033463A46162120460095FEF772FB092EF5
S315080346F0E4D1204650F80C3B40F2055193F870304C
S3150803470002AA8DF8083041F20913039303F0FEFA5F
S31508034710D4E70B461268D8E701212846F8F7A8FD1F
S3150803472001460028D7D004F14400F8F713FCAB7907
S3150803473042460533AB7139462B46204604B0BDE8DD
S31508034740F041FEF798BB0126C6E713B5044641B9FF
S315080347504430F8F727FB204602B0BDE81040FEF7C1
S31508034760B4BB18224369027713F0080306D0002363
S3150803477019460093FFF71EFC02B010BD1A461946E8
S3150803478002B0BDE81040FFF7FFBD7FB5C58B0446F1
S315080347902DB342F60520FFF7B0FAA84207D1002148
S315080347A02046FEF79BFF636923F001036361002636
S315080347B040F20A412046FEF7D5FE29460DF10E02C0
S315080347C02046ADF80E60FFF7BDF8BDF80E20034688
S315080347D00092294602222046FFF79CFEE68304B090
S315080347E070BDF0B5054689B042F60520FFF785FA90
S315080347F0064604A8E3F7EEFE102205F121010DEBA8
S31508034800020003F021FD50B101212846FEF766FF99
S315080348102846FFF72BFB6B6923F001036B6142F60E
S315080348200303022003A9ADF80C30E3F7E7FF0124DD
S31508034830074620463A464FF6FF71FFF723FA044622
S3150803484008B909B0F0BDFFF705F80134A4B200288A
S31508034850EFD0A64203D131462846E4F7C1F82046ED
S31508034860FEF7C3FF0028E4D1ADF80E00214628461B
S315080348700DF10E02FFF766F803460028D9D0BDF8F6
S315080348800E202146009228460122FFF743FED0E771
S3150803489008B5E3F78DFE0020E4F7D4FC002008BD35
S315080348A0037C012B07D08369187828B1132814BF12
S315080348B00520002070470720704710B50446806915
S315080348C01430F8F76FFAA069BDE810401830F8F706
S315080348D069BA2DE9F0410F46144605461E46FFF709
S315080348E0ECFF23463A4608210020D5F81880F8F746
S315080348F08AFDAA69C8F81400536923B100205481B4
S315080349001682BDE8F0811A20FBE71FB50A468369BC
S31508034910090C92B29980DA8042F60303ADF80C309B
S315080349200223009303AB02F0DCF905B05DF804FB40
S3150803493037B504460D46FFF7C0FF204640F2094146
S31508034940FEF710FE00222046A36940F207411A70BB
S3150803495050F80C3B6A4693F8703001958DF8003091
S3150803496003F0D4F903B030BD10B550F80C4B86B03C
S3150803497094F87040ADF80E10ADF8102040F20641D9
S3150803498003AA01938DF80C40059303F0BFF910B9F8
S3150803499001A8F8F707FA06B010BD13B5019100216F
S315080349A0044602F048FA0422002320460DEB0201CE
S315080349B0FFF78FFF02B010BD70B504460846F8F737
S315080349C067FAA16986B28A894D8912B1521B964242
S315080349D00CDA6389581E80B225B90A78082A04BFF7
S315080349E0043B98B2831B5842584170BD0020FCE72C
S315080349F030B5044654F80C0B8DB09DF8405090F82A
S31508034A00700042EA01428DF804001946029203A88F
S31508034A102A46079503F068FC40F20241204601AA9C
S31508034A2003F074F90DB030BDF0B504460F461E46C3
S31508034A30154685B052B983691B78072B30D0082BE6
S31508034A4014BF15460925002E18BF0D250A98F8F731
S31508034A501FFAA3699A894AB15B8981B2D21A91422C
S31508034A6004DD92B2891A0AA8F8F7B4FA204650F870
S31508034A700C3B40F2054193F8703001AA8DF80430D7
S31508034A800A9BADF806708DF80850ADF80A600393D3
S31508034A9003F03CF910B90AA8F8F784F905B0F0BD94
S31508034AA00B25D0E7B0F80AC02DE9F041ACF1020CAA
S31508034AB09C4504460D4617461E4603DDBDE8F041F0
S31508034AC002F066B983693246198100233946FFF72E
S31508034AD000FF024668B9A369294620460E3302F049
S31508034AE070F9054610B12046FFF7E7FE2846BDE8EC
S31508034AF0F0811A25FAE770B505460E4611461A4699
S31508034B00FFF7CEFE044668B903462846FFF7E1FEDB
S31508034B1078B931462846FFF7F8FE044620B12846F9
S31508034B20FFF7CBFE204670BD05212846FEF71DFD7F
S31508034B30F8E71A24F6E770B505461E46FFF7B0FEF2
S31508034B40044648B933462846FFF7ACFF044618B966
S31508034B500B212846FEF709FD204670BD70B50546AC
S31508034B60FFF79EFE1646044640B94FF6FF7291427A
S31508034B7006D141F20A112846FFF7DAFE204670BD30
S31508034B80AB69013128465E8189B202F07AF8044698
S31508034B900028F3D111212846FEF7E7FCEEE72DE9B5
S31508034BA0F0471C4696B0836901921B780646062B86
S31508034BB003D0112B5DD001A826E00129104614BFA6
S31508034BC04FF010084FF0020803929CB9F8F760F902
S31508034BD04FF6FF7508F1020987B2A74219D8B369D8
S31508034BE0DA88AA420AD9691C304689B202F049F81A
S31508034BF0044640B141F20A139C4200D100242146DF
S31508034C003046FFF795FE03A8F8F7CCF816B0BDE8CB
S31508034C10F08723464A46039904A8F8F7B2F8B36916
S31508034C20BDF810509A88AA4220D8DB88AB421DD318
S31508034C309DF81330282BE1D0B2465AF80C3B42466E
S31508034C4093F870300DF112010DA88DF83030ADF8D8
S31508034C503250CDF844804C4403F046FB40F20441FD
S31508034C6050460CAA03F052F8A4B2B6E741F204146C
S31508034C70C5E70129104614BF12270427049284BBEB
S31508034C80F8F706F942F602184FF6FF7185B2A54200
S31508034C900DD8B369DB888B4221D901314FF6FF72F0
S31508034CA0304689B201F0EDFF0446A0B119E0234668
S31508034CB03A4604990CA8F8F764F8BDF83220BDF80B
S31508034CC0301042459DF8333007D1B2690223304686
S31508034CD00A32FFF7E7FE04A896E7282B06D141F226
S31508034CE00A1421463046FFF723FEF4E73C44A4B2F0
S31508034CF0CDE7F0B5836987B003911B780546022B88
S31508034D00144650D108460491D2B9F8F7C1F84FF6BC
S31508034D10FF7687B2A74221D8A869C288B24213D9B7
S31508034D2043694089711C0190987989B20C30034410
S31508034D30009328464FF4205301F0B7FF044640B1C9
S31508034D4041F20A139C4200D1002421462846FFF764
S31508034D50EFFD04A8F8F726F807B0F0BD0422049976
S31508034D60234605A8F8F70DF8AA69BDF81410908824
S31508034D70BDF81660814213D3D388994210D8864268
S31508034D800ED39E420CD85069927A837904340C3335
S31508034D900092034432462846FFF72AFEA4B2B9E72F
S31508034DA041F20414D1E703A8D4E7F0B587B0054662
S31508034DB017461C46039153B9FFF7FEFD38B1012385
S31508034DC022462846039900F083F807B0F0BDA9697F
S31508034DD00B78082B05D8062B43D8032B0FD003A82B
S31508034DE030E00F2BFBD1039B0593002C6CD1002BD2
S31508034DF06AD0224628460989FFF7B6FD58E0039884
S31508034E00059010B314BB102683794A890C33098994
S31508034E10034400962846FFF7EBFDAB699988DA88C1
S31508034E20914219D242F60203ADF81030022301313A
S31508034E30009328460DEB060389B201F052FF044698
S31508034E4020B905A8F7F7AEFFBFE71CB141F20A136D
S31508034E509C4201D141F21F0421462846FFF768FD0B
S31508034E60EFE7039805907CBB70B3F8F711F80FB317
S31508034E7086B2B7421ED2394605A8F8F7CDF938B92E
S31508034E8005A8F7F78FFF1A212846FFF751FD9CE778
S31508034E908379F61BC218023391898371AB690022A1
S31508034EA05B89B6B200902846FFF7BEFDB742E2D942
S31508034EB02146E9E7AA69284653891189059A009282
S31508034EC00022FFF7B1FDF3E705A8F7F76BFFEFE756
S31508034ED0F0B585B006461F4614460391D2B908466F
S31508034EE0F7F7D6FF0546A8B1B1690B784A89082BA7
S31508034EF01BD8062B21D8B1694B89EA1892B2B2F5A9
S31508034F00007F4A8123D82FB13046098901F013FF60
S31508034F10044628B10022234611463046FFF745FFCB
S31508034F2003A8F7F73FFF05B0F0BD0F2BE3D13046D3
S31508034F30039B0989FFF718FD07E0039B0989304698
S31508034F40009313462246FFF76FFD0394D3E741F216
S31508034F500414DFE773B5836901911B780446082BAC
S31508034F60154605D8062B05D801A8F7F71BFF0CE04D
S31508034F700F2BF9D1019E20463146FFF71DFD2A4620
S31508034F80034631462046FFF7A3FF02B070BD30B58E
S31508034F90836987B003911B780546092B144611D1FB
S31508034FA005915AB9134600910F222146FFF73CFD96
S31508034FB021462846FFF7BCFC07B030BD05A8F7F71E
S31508034FC0F1FEF5E703A8F7F7EDFEF5E770B5836994
S31508034FD086B003911B7805460A2B144631D10591F1
S31508034FE032BB0598F7F754FF08B9044620E00023B7
S31508034FF0022205A90DF11200F7F7CDFE012815D9EE
S31508035000BDF8126096B10598F7F742FF86420FD8A6
S31508035010BDF8121005A8F8F7FFF848B10023009069
S31508035020212219462846FFF7FFFCDAE741F20D1459
S3150803503005A8F7F7B7FE21462846FFF779FC06B019
S3150803504070BD03A8F7F7AEFEF9E72DE9F04F1C4646
S315080350509FB0836903911B780646052B174604D828
S31508035060032B70D812D003A81BE0082BFBD10846E4
S315080350701391002C00F01A8113A8F7F793FE214623
S315080350803046FFF755FC1FB0BDE8F08F202A0846C7
S315080350900B9109D941F2041421463046FFF748FC1F
S315080350A00BA8F7F77FFEEEE7002C3AD1A2F1060824
S315080350B0F7F7EEFE4FF6FF755FFA88F81FFA80F9E1
S315080350C0A14505D8B369DA88AA422FD80024E3E7AD
S315080350D023463A460B9913A8F7F753FEB369BDF867
S315080350E04C509A88AA42D5D8DA88AA42D2D3BDF8B0
S315080350F04E10BDF85020B8F1000F09D03046CDF850
S3150803510000800DF152033C44FFF772FCA4B2D7E7C3
S3150803511030469D8019815A8101F0FCFD044600281A
S31508035120BED041F20A139C42D0D0B5E742F6020339
S31508035130ADF81C300223691C0093304607AB89B2CD
S3150803514001F0CFFDEAE7202A0846049148D8002C47
S3150803515040F0A680551FF7F79BFE4FF6FF78EDB292
S315080351601FFA80FA0DF11C0BA24506D8B369DA8833
S31508035170424500F28580002434E023463A460499E2
S315080351800BA8F7F7FEFDB369BDF82C809A8842454C
S3150803519026D8DA88424523D35969F1B9B14659F86D
S315080351A00C1BBDF82F2091F870109DF82E308DF842
S315080351B04C10ADF84E200DF131012A4615A88DF88D
S315080351C05030199503F090F840F20341484613AA64
S315080351D002F09CFD3C44A4B2C6E75A89102A07D9B3
S315080351E041F2041421463046FFF7A2FB04A858E708
S315080351F000235846F7F7C5FDB3690DF13101102DA4
S31508035200CDE9051B93F80A902BD1B9F1020F34D1D6
S3150803521005A8E3F7D9FA0228DCD14A46DDE90510E1
S3150803522003F012F80028D5D1334653F80C0BBDF812
S315080352302F1090F870009DF82E208DF84C00ADF8CD
S315080352404E108DF8502059464A4615A80293CDF8B4
S31508035250649003F049F8029B40F20341184613AAE7
S31508035260B6E7022D09D1B9F1100F06D106A8E3F75F
S31508035270ABFA0228AED12A46D0E72A465846CFE7E4
S3150803528042F60303ADF84C30022308F101010093FB
S31508035290304613AB89B201F024FD04460028A5D095
S315080352A041F20A139C423FF466AF9BE759B90021C2
S315080352B00023B269304693815381118113993A4683
S315080352C0FFF773FDDFE6F7F7E3FD17B180B2874211
S315080352D0EDD1139A9379D118023389899371E7E744
S315080352E02DE9F0431C468FB0836903911B78054665
S315080352F0012B174659D108460591F7F7C9FD202F03
S315080353000BD941F2041421462846FFF711FB05A8D9
S31508035310F7F748FD0FB0BDE8F0830CBB0598F7F720
S31508035320B7FD4FF6FF76A7F104081FFA88F81FFAA8
S3150803533080F95FFA88F8A14518D8AB69DA88B242CA
S3150803534012D94FF42053ADF810300223711C009381
S31508035350284604AB89B201F002FD04460028D6D0DC
S3150803536041F20A139C42CED10024CCE723463A469F
S31508035370059906A8F7F705FDAB69BDF818109A88CD
S31508035380BDF81A609142BCD3DB889942B9D89642D4
S31508035390B7D39E42B5D832462846CDF8008007AB28
S315080353A03C44FFF725FBA4B2C5E703A8B0E7836926
S315080353B01B780B2B02D0103B012B01D8FFF7B8BA89
S315080353C07047F0B585B00193836917461A78044682
S315080353D00B3A0A9E072A42D8DFE802F004412F4116
S315080353E04104412901980390F7F752FD85B203A8B2
S315080353F0F7F7D8FC26B131462046FFF7CEFA0FE079
S31508035400A1697A194B8992B293420BD90A8201F19F
S315080354100E032046098901F0D4FC01460028EBD186
S3150803542005B0F0BD0121204601F005FDF5E726B9D3
S315080354301A8ABA420BD04FF48166019B03A80393D9
S31508035440F7F7B0FC31462046FFF772FAE8E7DA8940
S3150803545059690198F7F727FD0028ECD1EDE701A86C
S31508035460F7F7A0FCDCE738B58269044613780D46DE
S315080354700E2B12D0102B01D00B2B12D1536933B13B
S31508035480997902F114000B44DD68F7F78BFC29467A
S315080354902046BDE83840FFF78ABFBDE83840FFF726
S315080354A047BA38BD07B5002300921B22FFF7BCFA9B
S315080354B003B05DF804FB07B583695980009200239E
S315080354C01D22FFF7B1FA03B05DF804FB10B50C46CD
S315080354D0FEF7B7F850B12269022A01D0102A07D17C
S315080354E02146BDE81040D2B2E3F718BF252010BD08
S315080354F02120FCE770B50D461446FEF7A2F858B10D
S315080355002369022B01D0102B08D122462946BDE870
S315080355107040DBB2FFF7EFBA252070BD2120FCE708
S3150803552070B50C4615461E46FEF78BF830B1334662
S315080355302A462146BDE87040FFF7FDBA252070BD0F
S3150803554038B50C461546FEF77CF828B12A46214697
S31508035550BDE83840FFF702BB252038BD08B500F083
S3150803556037F8407940F4805008BD08B500F030F8A4
S31508035570407940F4805008BDF7B506460C461546F3
S3150803558001F015FD827901900C328652214687185F
S315080355902646F7F7D7FB9DB12B465A7922F0010227
S315080355A042F002025A711B68002BF6D12846F7F718
S315080355B06FFC2946261801A8F7F7CCFCFF2E00D85E
S315080355C0F4B23846BC7003B0F0BD0022FFF7D4BF6F
S315080355D008B5DAF701FA83790C33184408BD08B518
S315080355E0FFF7F6FF407940F4805008BD4B88052B3A
S315080355F005D108880E288CBF00200120704700209B
S315080356007047F8B505460F46164604210A220020B8
S31508035610F7F726FE0246B8B1847905210C34031937
S315080356204FF0060C00209970D87002F804C01324B2
S315080356301C7102245F715870D8719C7128461E81AB
S31508035640BDE8F840E4F7C2B8F8BD73B50546104699
S3150803565001920C46F7F71CFC042186B20198F7F76A
S3150803566040FD024628B901A8F7F79CFB1A2002B0A9
S3150803567070BD837901900C33C1184C80C6522146FC
S315080356802846E4F7A3F80020F1E72DE9F84F8A4600
S3150803569091469846064680B3846814F400442CD190
S315080356A0E4F72CFA1022834604212046F7F7D8FD9F
S315080356B0024620B305210C2387790C37C519A9702F
S315080356C0EC70C35512232B710823AB71BDF8283030
S315080356D03046EB816C7085F805B0EC71A5F808A027
S315080356E0A5F80A90A5F80C80E4F770F8B36843F4B4
S315080356F00043B3602046BDE8F88F0224FAE71A246C
S31508035700F8E72DE9F04106468846174604210A229A
S315080357100020F7F7A5FD0246B8B1857900240C35B4
S315080357204319052106209970DC705055012018711C
S3150803573002205C70987183F805803046DC711F81FE
S31508035740E4F744F82046BDE8F0811A20FBE7002079
S3150803575070470020704707B501A80192F7F722FBA7
S3150803576003B05DF804FB7047002070470F207047AD
S315080357707047E4F7DBBCE4F7F3BCE4F7FBBC30B5EE
S3150803578089B0E2F71DF80446002849D090F872005C
S31508035790022847D1A36813F4407F2CD094F87330BA
S315080357A0012B31D194F87500E1F774F810B9A368A1
S315080357B0DB0529D594F8741011F0010124D11022C0
S315080357C00DEB020001910291ADF80C1002F065FD94
S315080357D0A36801AD13F4807F2B460ED0A06AE16A55
S315080357E0228E03C31A802046BDF8042004AB0DF1AC
S315080357F00601E3F775FF09B030BD0A22022194F8C2
S315080358007500FDF713FAEEE7002345F2170219466A
S31508035810204600F06AF9B0FA80F040094000EAE74A
S315080358202120E8E70220E6E738B545F21B020C46D5
S315080358300B460021054600F058F930B92CB121462C
S315080358402846BDE83840E4F709BB38BD01F098B9E6
S3150803585001F0A1B9FF2313B504460DF107014C3036
S315080358608DF80730FDF7FEF99DF80730204684F8D2
S31508035870753001F060F902B010BD10B50446FDF7A6
S31508035880A0F901280DD094F8733094F97000012B10
S3150803589014BF0521032184F83210BDE81040FDF733
S315080358A070BBA36843F40073A36010BD00F05FB92F
S315080358B010B50446B0F80300E1F774FF30B1B4F845
S315080358C00D10621DBDE8104000F074B910BD10B587
S315080358D00446B0F80300E1F765FF40B1B4F80D10CC
S315080358E004F10F03621DBDE8104000F005BA10BDB0
S315080358F010B50446006C30B94FF4B070F7F7D3FD12
S31508035900206420B910BD4FF4B071FDF73BF9FF22AF
S31508035910236C83F85E21A268120603D5C0220120F0
S315080359201A70EFE794F87320012A14BF80224022E5
S31508035930F5E708B5D0B2E1F743FF28B190F8773019
S3150803594003F07F0380F87730012008BD10B50446BD
S3150803595045F21A0102F06DF92046BDE8104047F2F8
S315080359603053002245F21A01EFF7F6B810B50A4686
S31508035970044608210020F7F773FC10B18379034422
S315080359801C7310BD38B505460C460D201121FFF7CB
S31508035990EDFF024688B12146837903440D3304F1AA
S315080359A0100051F8044B814243F8044BF9D12846B9
S315080359B0BDE838400621FFF748BE38BD38B5054669
S315080359C00C4604201121FFF7D1FF024688B1214670
S315080359D0837903440D3304F1100051F8044B8142D3
S315080359E043F8044BF9D12846BDE838400621FFF7AA
S315080359F02CBE38BD38B505460C4603201121FFF7E2
S31508035A00B5FF024688B12146837903440D3304F171
S31508035A10100051F8044B814243F8044BF9D1284648
S31508035A20BDE838400621FFF710BE38BD37B500225A
S31508035A30054608211046F7F713FC0446C0B10C23A4
S31508035A4001220DF107018DF80730F7F7A1FC296C40
S31508035A50202251312046F7F79BFC296C202271310D
S31508035A602046F7F795FC224606212846FFF7EDFD63
S31508035A7003B030BD036C4BB983681B0608D490F892
S31508035A807330012B14BF8020402070471878704765
S31508035A90C020704770B50446FFF7ECFFE4F7E2FA57
S31508035AA00D460346002245F2010120469847236C1A
S31508035AB003B11D702846E4F7D5FA4FF4A04103460F
S31508035AC000222046BDE87040184770B515460446BF
S31508035AD048B1FFF7CFFFE4F7C5FA2A46034620463F
S31508035AE0BDE870401847022070BD114608B51A462E
S31508035AF021F00041FFF7E9FFB0FA80F0400908BD3D
S31508035B0010B50446006838B11A21FDF73BF820683A
S31508035B10F7F7CBFC0023236010BD002230B587B00E
S31508035B200546084601A90192E0F71EFD044670B929
S31508035B30696B019802AA0A3102F028F9044601980A
S31508035B40FCF767FF34B1102102A8FDF71BF82046BE
S31508035B5007B030BD284602A9E3F7A4FC02A8102122
S31508035B60FDF710F805F13400FFF7CAFFEFE710B5A4
S31508035B700446E4F71FFA04F13400FFF7C1FFA368EC
S31508035B805A0606D523F0400300212046A360E3F70F
S31508035B9089FC236C6BB1D3F89400FCF73AFF4FF4F6
S31508035BA0B071206CFCF7EEFF206CF7F77EFC002340
S31508035BB0236410BD0021E3F775BC7FB583680446EB
S31508035BC05D0673D523F040038360FFF753FF8028F0
S31508035BD001D040287BD194F87550FF2D1CD1FCF7D2
S31508035BE0F0FF012864D1636B04201A888DF800201E
S31508035BF01A4632F8021B090A8DF80110D3F8023047
S31508035C006946CDF8023053680A22CDF80630E0F724
S31508035C1067FEFF2805464BD0A368D90548D4204616
S31508035C20FFF728FF80284FEA052523D045F4902659
S31508035C3046F003063046FCF7FAFE024652B9616B94
S31508035C406A4630460A3102F0A1F818B310216846AD
S31508035C50FCF798FF204641F20601E4F7FFF82046D1
S31508035C600021E3F71FFC04F1340004B0BDE87040DB
S31508035C70FFF746BF45F4902646F005063046FCF77F
S31508035C80D6FE2D280246D1D02046FFF7F3FE40283C
S31508035C90D4D1CBE769462046E3F704FC68461021CE
S31508035CA0FCF770FF04F13400FFF72AFF04B070BD58
S31508035CB094F87430DA0702D4A368DB05CAD504F16D
S31508035CC018012046FFF729FF0028C3D1EEE7636BC7
S31508035CD01A88002ABED1882801D04B28BAD10022B7
S31508035CE0013313F8011F0029B4D10132082AF8D168
S31508035CF0216C01F59871E4E7F8B51D4683680446F7
S31508035D005B060F4616462DD41A20F7F7CCFB014639
S31508035D10606320B92046BDE8F840E3F7C3BB0346F2
S31508035D2023F8027B326805F11001C0F80220726875
S31508035D305A602A46636B0A3352F8040B8A4243F8BD
S31508035D40040BF9D110212846FCF71CFFA36843F07E
S31508035D50400213F4407FA26004D02046BDE8F84011
S31508035D60FFF72BBFF8BD38B504460D4605200221BB
S31508035D70FFF7FCFD0246B8B18379062103445D7338
S31508035D802046FFF762FC45F490512046E4F766F88F
S31508035D9094F873302046012B18BF8021BDE838409C
S31508035DA008BF4021FFF776BE38BD0821FFF7DBBFE2
S31508035DB037B50446084611461A46B4B1236C93F818
S31508035DC05D31013B022B10D89DF8185045F080032E
S31508035DD0079D009502F05AF8054640B114B12046CE
S31508035DE0FFF7E3FF284603B030BD0023F0E70CB9FD
S31508035DF00020F8E7024645F211012046FFF765FE43
S31508035E00F6E710B50446002140F21B40E4F744F8D0
S31508035E102046BDE81040FFF7C8BF2DE9F04790F8C4
S31508035E2073900446B9F1010F066C04D196F8503104
S31508035E30002B40F0428196F85C3196F851A1032B6A
S31508035E4000F2DC80DFE803F0027D9ABF1AF0010F47
S31508035E5072D011210620FFF789FD0546002800F0B8
S31508035E602C8190F80680102108F10C08804408F16B
S31508035E7001073846FCF75BFE014688B9A07CC0F1EA
S31508035E801002384402F009FAFCF79BFE0346012B7D
S31508035E9096F85E010CD13A460521FCF781FE00B35C
S31508035EA02846D8F7A7F92046BDE8F047FFF77DBF90
S31508035EB03B4610220521FCF786FE002840F0F580B4
S31508035EC0B9F1010F0DD004F1180308F1110857F8B9
S31508035ED0042B474543F8042BF9D1A36843F480738D
S31508035EE0A3602A4606212046FFF7AFFB0B210720AE
S31508035EF0FFF73CFD0546002800F0DF80877996F812
S31508035F005E310C37074443F43F430821A7F80130B1
S31508035F10F81CFCF70CFE0028C2D10A22042196F8C5
S31508035F205E017B1CFCF74FFE002840F0BE802A4624
S31508035F3006212046FFF789FB96F85C31013386F87C
S31508035F405C311AF0020F14D011210820FFF70EFD59
S31508035F500546002800F0B1808079102128440D30C9
S31508035F60E1F77CFA00289BD12A4606212046FFF74B
S31508035F706CFB96F85C31013386F85C311AF0020F34
S31508035F801CD008210920FFF7F1FC0746002800F07A
S31508035F90948085790C350544E2F748F983793A46BE
S31508035FA0C3F3C00383F001036B7003680621C5F8C6
S31508035FB0023083882046EB80FFF747FB96F85C316F
S31508035FC0013386F85C311AF0040F12D011210A2026
S31508035FD0FFF7CCFC054600286FD0807910222844A9
S31508035FE0AB210D3002F059F92A4606212046FFF760
S31508035FF02CFB96F85C31013386F85C31B9F1010F55
S3150803600008D0236C93F85031002B56D196F85C319F
S31508036010042B52D1A36C10220B2196F85E0131335F
S31508036020FCF7D1FD70B140F21B412046E3F716FF9A
S31508036030B9F1010F2046BDE8F04714BF802140217E
S31508036040FFF728BDA36C01220C2196F85E012033C5
S31508036050FCF7B9FD0028E6D1A36C10220D2196F8AA
S315080360605E012133FCF7AFFD0028DCD1082296F840
S315080360705E01114604F11003FCF7A5FD0028D2D1F1
S31508036080236C93F85E2184F87520FF2283F85E213A
S31508036090FCF797FD012818BFA36820461CBF43F4E5
S315080360A08073A360E3F7B4FEC2E72846D8F7A2F8DD
S315080360B02046BDE8F047FFF7A4BEBDE8F08710B554
S315080360C00446FCF77EFD0246236C012A93F85E011B
S315080360D003F598730CD11A460321FCF761FD08B939
S315080360E0002010BD2046FFF760FE40F21B40F8E78C
S315080360F010220321FCF767FD18B12046FFF781FE3E
S31508036100F3E7206C102200F59873052190F85E01D9
S31508036110FCF759FD0028F0D1236C04F1180103F5A7
S31508036120987203F5A07352F8040B9A4241F8040BCC
S31508036130F9D1A36843F48073A360D1E7016C10B562
S3150803614001F59873044601F1C8021846B83101F0FF
S3150803615074FE20B12046FFF728FE40F2074010BD23
S31508036160F0B587B0129F9DF838500597119F9DF893
S315080361703C6004970446109F084611461A469DF844
S315080361803430CDE90267CDE900350C9B01F09FFE5B
S31508036190024628B1204607B0BDE8F040FFF705BE22
S315080361A045F21301204607B0BDE8F040FFF78DBC62
S315080361B07FB50446084611461A46DDE90A63CDE962
S315080361C00163099B0093089BEEF7BAFD054628B1C0
S315080361D0204604B0BDE87040FFF7E7BDA07C29461A
S315080361E0C0F11002304402F058F82A4645F212016B
S315080361F0204604B0BDE87040FFF767BC38B50546CE
S3150803620008461021FCF793FC044610B12846FFF70D
S31508036210CCFD204638BD2DE9F04786B099460E9B3E
S3150803622004460F46164690F873A073BB236C02AD5B
S3150803623010220021284603F1010802F02EF8BAF1CC
S31508036240020F04F15A020DF10E0304F1530124D18E
S315080362509288D4F85A000290AA80D4F85320CDF82D
S315080362600E208A889A8031462B4642463846CDF810
S31508036270009001F09BFD064610212846FCF782FC98
S31508036280B6B12046FFF791FD04E01146FFF7B6FFC6
S315080362900028CBD006B0BDE8F0878988D4F8530028
S315080362A092880290A980D4F85A10CDF80E10D9E72F
S315080362B0324645F210012046FFF707FCEAE7B1F537
S315080362C0A04F70B504460D4616460AD045F2060396
S315080362D0994218D0324629462046BDE87040E3F76E
S315080362E0C9BF836843F08003836090F87330012B3A
S315080362F014BF80204020E3F7B5FE0022034620465C
S31508036300BDE87040184793791344597C41F490517A
S31508036310E3F7A4FDDEE7E4F70BB870B5B1F5A04FD4
S315080363200446154688B077D045F21B06B14240F0BD
S31508036330B48090F87430DA0766D5056CB5F8503131
S315080363402BB14C21FFF7A6FB002008B070BDD5F88A
S3150803635058315B0747D5AB79DE0744D56B7BD8073E
S3150803636041D5A36C10220B2195F85E013133FCF756
S315080363702AFC38B140F21B412046E3F76FFD40F291
S315080363801B40E2E7A36C206C01220C2190F85E0106
S315080363902033FCF718FC0028ECD1A36C206C1022E0
S315080363A00D2190F85E012133FCF70DFC0028E1D19D
S315080363B00822206C114690F85E0104F11003FCF7DD
S315080363C002FC0028D6D1236C93F85E2184F8752045
S315080363D0FF2283F85E2120464021FFF75BFB204618
S315080363E0E3F716FDB0E705F5987304F1180205F50A
S315080363F0A07553F8041BAB4242F8041BF9D1A368F2
S3150803640043F48073A360E6E74021FFF743FB29467D
S315080364102046E3F723FD97E7036CD3F85821510782
S315080364201DD50022CDE90122ADF80C209A79D207B1
S3150803643006D55B7BDB0703D5FFF741FE00289ED114
S31508036440102200210DEB020001F027FFBDF80420FE
S3150803645004AB0DF106012046E3F742F974E7FFF7AB
S315080364606DFE054610B140F207406EE7236CA07C2B
S3150803647003F59873C0F110022946184401F00DFF7D
S31508036480102229460DEB020001AECDE9015501F0B4
S3150803649004FF2A46314604ABDDE708B0BDE8704081
S315080364A0E3F7E8BEB1F5A04F13B504460FD0A1F53F
S315080364B0A043103B012B38D8016C9831FFF79AFAA1
S315080364C044212046FFF7E6FA002002B010BD016C0E
S315080364D0D1F8583101F1C80213F004031AD0114652
S315080364E0FFF78CFE30BB216C204601F1980301931C
S315080364F091F85C21D1F82C31D34003F0010343F022
S315080365008003009301F1110201F1C8035131FFF72A
S315080365104FFCD9E781F85C310123009301F1980315
S3150803652001F59871FFF777FECEE702B0BDE8104094
S31508036530E3F7A0BE40F20740C7E7B1F5A04F70B531
S315080365400446154676D045F21B06B14240F09580BF
S3150803655090F87430DA0765D5056CB5F8503123B170
S315080365608921FFF797FA002070BDD5F858315B07E4
S3150803657047D5AB79DE0744D56B7BD80741D5A36CE2
S3150803658010220B2195F85E013133FCF71CFB38B159
S3150803659040F21B412046E3F761FC40F21B40E3E768
S315080365A0A36C206C01220C2190F85E012033FCF7C2
S315080365B00AFB0028ECD1A36C206C10220D2190F85D
S315080365C05E012133FCF7FFFA0028E1D10822206C8B
S315080365D0114690F85E0104F11003FCF7F4FA00285B
S315080365E0D6D1236C93F85E2184F87520FF2283F8AD
S315080365F05E2120468021FFF74DFA2046E3F708FC83
S31508036600B1E705F5987304F1180205F5A07553F873
S31508036610041BAB4242F8041BF9D1A36843F4807305
S31508036620A360E6E78021FFF735FA29462046E3F714
S3150803663015FC98E7036CD3F8582151070AD59A79BC
S31508036640D20790D55B7BDB078DD5FFF738FD00288E
S3150803665089D0A2E7FFF772FD014690B9236CA07CA7
S3150803666003F59873C0F11002184401F016FE216C65
S315080366702046B831FFF7A2F975E7BDE87040E3F79E
S31508036680F9BD40F207406FE773B545F20406B14218
S31508036690044615461DD045F21006B14207D0B1F59A
S315080366A0A04F0FD002B0BDE87040E3F7E3BD016C1D
S315080366B0A831FFF79FF985212046FFF7EBF900205C
S315080366C002B070BDFFF742F9236CD3F85831D907E6
S315080366D0F5D5236CD3F85821D2070BD4AA79983366
S315080366E00C3215446A1D153552F8041BAA4243F8A1
S315080366F0041BF9D1216CD1F8583113F0040301D0E6
S315080367008321D9E781F85C31012301F1B8020093AB
S31508036710204601F1A80301F59871FFF77CFDCEE742
S31508036720B1F5A04F73B5044608D045F21105A94241
S3150803673029D002B0BDE87040E3F79CBD016CB831BF
S31508036740FFF75CFD40BB256C95F85D3105F1A8069E
S31508036750013B022B01969CBFD5F82C0195F85C6189
S3150803676005F1B8039EBFF04000F0010040F0800039
S31508036770009005F11102204605F15101FFF718FBB8
S31508036780002002B070BD016CA831FFF733F98521EB
S315080367902046FFF77FF9F3E740F20740F1E745F2B2
S315080367A01003F0B59942044685B000F087800CD8EB
S315080367B0B1F5A04F1CD045F2050399421DD02046DA
S315080367C005B0BDE8F040E3F755BD45F2110399421C
S315080367D000F08D8045F212039942F0D1036C93F8C9
S315080367E05D31042B40F2B380052B03D148217BE0AE
S315080367F0FFF7ACF8002005B0F0BD9179036C0C31B6
S315080368000A44511DB833153251F8040B914243F823
S31508036810040BF9D1256C102205F1C80705F1B80652
S315080368203146384601F010FD20B904212046FFF70A
S315080368309AFADFE7D5F8583113F0040332D095F8FE
S315080368405D31042B13D105F1F803039305F598730A
S31508036850029304F15303019304F15A0300933A464E
S315080368603346204605F1D801FFF7A2FCC2E705F532
S31508036870A07005F1510205F1110101900BB1052B29
S3150803688006D10023009320463346FFF791FAB1E772
S3150803689095F85C01D5F82C31C34003F0010343F0A6
S315080368A08003EFE785F85C3132460093204605F509
S315080368B0A07305F59871FFF7AEFC9BE7056C1022EC
S315080368C005F1A80105F5A07001F0BEFC0028ACD1BE
S315080368D04B21D5F858319B0742BF94F8743043F0DF
S315080368E0020384F874302046FFF7D4F882E7056C70
S315080368F0102205F1A80105F5A07001F0A5FC0028F2
S3150803690093D195F85D31013B022B0FD895F85C318D
S315080369100133DBB2142B85F85C3107D0D5F858312F
S31508036920432123F00103C5F85831DCE705F1F803E1
S31508036930039305F59873029304F15303019304F142
S315080369405A03009305F1C80205F1B80389E74921FB
S31508036950CAE7B1F5A04F70B50446164607D045F207
S315080369600405A9420CD0BDE87040E3F783BCFEF7E3
S31508036970EDFF236CD3F85831DA0701D4002070BD34
S31508036980256CD5F85831DB0719D4B379A8350C33F8
S315080369901E44731D153653F8042BB34245F8042BCE
S315080369A0F9D1256C102205F1A80105F1980001F02B
S315080369B04BFC20B904212046FFF7D5F9DEE720462C
S315080369C005F1C801FFF71AFC48B9216C2046C831FE
S315080369D0FEF7F4FF47212046FFF75CF8CEE740F2BF
S315080369E00740CCE7B1F5A04F70B50346144607D068
S315080369F045F21806B14207D0BDE87040E3F73ABC42
S31508036A00FEF7A4FF002070BD1268551C03D10121AF
S31508036A10FFF7A9F9F6E7016CD1F85801400743BF18
S31508036A20002281F85C212268C1F8302148BFC1F8E9
S31508036A302C2118464321FFF72DF8E3E7B1F5A04FBC
S31508036A4070B51346044607D045F20406B14207D08B
S31508036A50BDE87040E3F70EBCFEF778FF002070BD73
S31508036A609979026C0C310B44591DA832153351F828
S31508036A70040B994242F8040BF9D1256C102205F14F
S31508036A80A80105F1980001F0DFFB20B9042120468F
S31508036A90FFF769F9E2E7204605F1C801FEF78EFF1D
S31508036AA047212046FEF7F6FFD8E770B545F20406F8
S31508036AB0B1420446134625D045F21806B14206D01C
S31508036AC0B1F5A04F33D1FEF741FF002070BD116821
S31508036AD04D1C03D10121FFF746F9F6E7026CD2F8FC
S31508036AE05801400743BF002182F85C111B68C2F8AE
S31508036AF0301120464FF0840148BFC2F82C31FEF707
S31508036B00C9FFE2E79979026C0C310B44591D983297
S31508036B10153351F8040B994242F8040BF9D1226C48
S31508036B20D2F8583143F00103C2F85831CDE7BDE82E
S31508036B307040E3F79FBB002310B50446036490F83F
S31508036B407500FF2813D0E0F73BF9082204F1100378
S31508036B50114694F87500FCF769F894F91330012B7C
S31508036B6007D194F8743043F0020384F87430002094
S31508036B7010BD022BFBD194F8743043F00A03F4E7F3
S31508036B804B88062B05D1088841288CBF0020012095
S31508036B9070470020704707B58B790A460B44019165
S31508036BA0197C4B1E0D2B04D801F5A0410131FEF7C4
S31508036BB08CFF01A8F6F7F6F803B05DF804FB08B5F1
S31508036BC0E2F708FCE2F7A6FFBDE80840E1F7D8BB01
S31508036BD008B5E2F78DFE28B9BDE808400020002174
S31508036BE0EEF700B800200021EDF7FCFFE2F700FC02
S31508036BF0EFE737B5044642F60720FDF77EF8054664
S31508036C00B8B10A23002CCBBF0534053CB4FBF3F318
S31508036C1094FBF3F38DF807300123002118460DF191
S31508036C200702F6F7F0FB0022034629461046FCF74F
S31508036C30A0FF03B030BD10B5411D441E002014F853
S31508036C40013F5A0802F055029B1A03F03302C3F3B5
S31508036C50850303F03303134403EB131303F00F0302
S31508036C60A1421844EBD110BD10B5D7F737FF00285A
S31508036C7014BF03240124D7F737FF44EA8000C0B2C0
S31508036C8010BD70B504460E4615460521002204209C
S31508036C90FCF72BF8014618B1A0F80160A0F80350D9
S31508036CA02046BDE87040FCF77DB8F7B51D460023BE
S31508036CB0044600930F46164607210620BDF82430DE
S31508036CC0089AFCF73AF8014628B1A0F80170A0F82B
S31508036CD00360A0F80550204603B0BDE8F040FCF772
S31508036CE061B873B515461A460023044600930E4643
S31508036CF0082005219DF81830FCF71FF8014618B13E
S31508036D00A0F80160A0F80350204602B0BDE8704021
S31508036D10FCF748B838B5002204460D460A20032175
S31508036D20FBF7E3FF014608B1A0F801502046BDE88A
S31508036D303840FCF737B870B504460E4615460521A4
S31508036D4000220C20FBF7D1FF014618B1A0F8016019
S31508036D50A0F803502046BDE87040FCF723B873B586
S31508036D6015461A460023044600930E4610200521AD
S31508036D709DF81830FBF7E1FF014618B1A0F801604A
S31508036D80A0F80350204602B0BDE87040FCF70AB8E5
S31508036D9073B50E46002144890546033CA4B2A342B3
S31508036DA0009128BF234603211220FBF7C6FF01469D
S31508036DB008B1A0F80160284602B0BDE87040FBF7A9
S31508036DC0F1BF2DE9F3410546984683690F4658698D
S31508036DD01646F6F75DF86C8980B2053CA4B2844280
S31508036DE028BF0446A86921461430F6F715FA009019
S31508036DF048B1052208210020F6F732FA019030B986
S31508036E006846F5F7CFFF1A2002B0BDE8F08100996E
S31508036E1001A8F6F79FF81620019A93790C33D1182F
S31508036E20D054A8F800402846A1F80170A1F80360D9
S31508036E30FBF7B8FFE8E738B5002204460D461820E5
S31508036E400221FBF752FF014600B145702046BDE813
S31508036E503840FBF7A7BF70B5857904460C35461944
S31508036E60F6F716F8625D431E013A9BB2202A43D809
S31508036E70DFE802F0134218421A422B42314211420A
S31508036E80114211423542274242423B42274240427F
S31508036E90404242421100032070BD042B0CBF03205D
S31508036EA00120F9E7022BF9E743B37278022A0AD0DD
S31508036EB0012A23D10222013B0232B3FBF2F102FB80
S31508036EC01133002BEAE71022F5E713F0030F0CBF83
S31508036ED003200120E0E78BB17278013BEDE76BB144
S31508036EE07278032A0AD9013BE7E7032B8CBF0320F1
S31508036EF00120D1E7012BF9E70020CDE70120CBE7F5
S31508036F000078E0F7E7BDEDF7BBBF7047FEF731BC86
S31508036F10E2F760BFE5F7BABDFEF72DBCFEF72DBC59
S31508036F207047704700207047704770477047E6F709
S31508036F300BB8704713B50C4601A902F033FC10B918
S31508036F40019BC4E9003002B010BD08B5E5F79CFE05
S31508036F5080F00100C0B208BD08B5FFF7F6FF0028A8
S31508036F600CBF0420012008BD08B5F8F718FF002058
S31508036F7008BDE6F7A1B8E6F7AFB8002280B2114616
S31508036F80E5F712BB00234FF0FF3203604FF0FF33E0
S31508036F904160C0E90223704707B502F0D1FB6A4690
S31508036FA002F03EFCDDE9000103B05DF804FB13B50E
S31508036FB0D8F70CFD019001A8F5F762FF044601A86E
S31508036FC0F5F7F0FE2046032209210194F6F734FA71
S31508036FD00198437943F00303437102B010BD0220BD
S31508036FE07047022070470020704701207047002031
S31508036FF0704708461146012200F044B800F077BAF4
S3150803700000F07FBA00F09DB8431E042818BF012B71
S3150803701094BF01200020704700F036BC4FF4DC72A1
S31508037020002101F03AB910B50446E7F7FBFCE8B9C5
S31508037030A169D9B1238ACBB1204604F1100200F025
S31508037040FCFAB8B9E169A9B1638A9BB1204604F190
S31508037050120200F0C7FA88B9216A79B1A28A6AB11D
S315080370602046E38ABDE8104000F07BBA002323825A
S31508037070A361E6E700236382E361ECE70023636128
S31508037080236210BDE7F7B4BE0A7838B5054610463D
S31508037090FFF7BAFF60B14C782046FFF7B5FF38B162
S315080370A02243530704D42846BDE83840E7F792B984
S315080370B0212038BDFFF7E8BF10B504460878FFF767
S315080370C0A3FF58B14A781046FFF79EFF30B1042A4A
S315080370D004D02046BDE81040E7F79AB9212010BD31
S315080370E0FFF7EABF00F075B9084600F079BB7047A9
S315080370F0F8B506460D46E6F76DFBD8B94FF6FF73A6
S315080371004FF0240CEF68C1B28F4208D81C462146BB
S315080371103046E6F707FD00F0BBFB2046F8BDAA6834
S315080371200CFB0122D4899C4202D2002CEFD02346C1
S315080371300130E8E74FF6FF74EFE7008E704700F07B
S3150803714085B970B504460D46164600F039F858B1A8
S3150803715029462046E6F7E6FC38B93246294620464C
S31508037160BDE87040EBF77EBC0E2070BD08B5E6F7A8
S31508037170A7FA18B1BDE80840EBF7AEB908BD00F0A9
S31508037180B3BAE7F75FB900F0A2B90020704708461B
S31508037190E9F764BB00F0AABAE7F788BBE9F728B8AA
S315080371A0E7F77ABAE7F73EBB38B50446154609B199
S315080371B000F0D9FA15B12046E8F7AEF9002038BD34
S315080371C00346408A18B1188A003818BF0120704749
S315080371D000F05BBA00F069BA0846E9F717BC10B5C0
S315080371E0044600F078F820B92046BDE81040E6F7D3
S315080371F0F7BD10BD00F05EBB00F05CBBE9F748BE07
S315080372002DE9FF41984604460E46174602F0AAFCA6
S3150803721005462046FFF7E3FF0A9B3A4602930023F7
S31508037220314601932046CDF80080E6F727FE04464B
S31508037230284602F092FC204604B0BDE8F08138B532
S31508037240044602F08FFC05462046FFF7C8FF204692
S31508037250E6F7F2FD0446284602F07FFC204638BDD1
S3150803726038B5044602F07EFC05462046FFF7B7FF0D
S31508037270204600F03FF80446284602F06EFC2046F6
S3150803728038BD38B5044602F06DFC05462046FFF7BF
S31508037290A6FF204600F034F80446284602F05DFCB3
S315080372A0204638BD70B504460E4602F05BFC05461B
S315080372B02046FFF794FF31462046E6F72BFE0446A1
S315080372C0284602F04AFC204670BD01207047E8F7BD
S315080372D0C1BB00F083BAE6F7BFBC10B502F042FCA7
S315080372E0044600F015F8E6F7DFFC2046BDE8104033
S315080372F002F033BC024608B5E6F7AEFC507D08BD7E
S31508037300024608B5E6F7A8FC507D80F0010008BDE3
S3150803731000F0D0BAE6F7A4BF00F0A4B838B5032145
S315080373200546E6F7FBFE04462846E8F7F5FA20463F
S3150803733038BD38B590F827400D46FF2C17D0023CC8
S31508037340012C8CBF0024012449682246E8F720FB58
S31508037350286890FAA0F0000AEAF7F0F9A97A2889CA
S31508037360224681F00101E8F743FB002038BD0220DD
S31508037370FCE730B505460FC985B08DE80F006946A9
S315080373802846FFF7D6FF05B030BD013001D1E9F72E
S3150803739017BF2120704700207047002070477047A9
S315080373A0D0F8A03003F06003402B0DD0602B03D038
S315080373B0203B58425841704749B10B68012B06D9FF
S315080373C0486940F00100704740F2011070470020F9
S315080373D07047F7B504461046D4E956C7DDE90826CB
S315080373E08CEA020587EA06010540194085EA0C0579
S315080373F07940C4E95651002523F4004106EA0103FE
S3150803740020F0010043F40073024043F002030195A0
S315080374100095ECF777FA94F824309A0713D5D4F83D
S315080374205C319B050FD54FF48811204600F0E5FA29
S3150803743094F82430024665F3410384F82430204641
S315080374400B46E6F759FE002003B0F0BD30B4D0F87A
S31508037450A0300A4023EA01031343C0F8A03030BC26
S31508037460E7F784BD0520E9F709BD08B5D0F8F0307C
S315080374704BB11A68022A06D993F825204AB1186A25
S31508037480B0FBF2F008BD40F68C324C210020E6F73B
S31508037490CDFB0020F6E7D0F8F02008B57AB11368DB
S315080374A0022B0CD9536A13F47F4FC3F3072106D073
S315080374B0126ADBB253438B42B3FBF1F006D20020C8
S315080374C040F6AB324C21E6F7B1FB002008BD034674
S315080374D0B3F83E2108468A4203D0A3F83E11E8F7DB
S315080374E06BBF002070474FF48071ECF79BBD10B556
S315080374F00023E6F7C3FF044608B9EBF79DFA2046CF
S3150803750010BD38B51D4600230446E6F7B7FF28B96C
S3150803751029462046BDE83840EBF778BB38BDD0F896
S31508037520F00040B10368122B04D9006D202828BF48
S31508037530202070470020704738B54FF03A43054678
S31508037540DC6A808AC4F30C04A04234BF00200120FD
S3150803755041F2D0420821E6F769FBA88A001B80B2EC
S3150803756038BD2DE9F041884618F003070646154647
S31508037570194633D1B2F5805F30D89A422ED33F2AC3
S315080375802AD9B2FA82F40122C4F11F03DBB29A4064
S3150803759092B2AA422CBFC4F11904C4F11A04E2B286
S315080375A00120931DDBB2984080B2A84214BF012084
S315080375B0002002D096F8013193B996F8253060F386
S315080375C0000386F825304046E8F7BAFBC6F820805C
S315080375D0B5823846BDE8F0813A46E1E72127F8E760
S315080375E00E27F6E7F8B511F0030607460D461446C7
S315080375F021D102B313883F2B1DD9B3FA83F3C3F101
S315080376001901C9B2062901D8192B12D0062928BF90
S31508037610062101238A1DD2B293402846238000F00F
S315080376201EF923883846FD617B82E8F79BFC3046C2
S31508037630F8BD3146EDE72126F9E738B5148811F088
S3150803764003054FEAC4041ED13F2C1CD9B4FA84F4AB
S31508037650C4F11903DBB2052B01D8192C11D0052B5C
S3150803766028BF052301240633DBB204FA03F3C3F365
S31508037670CF041480816104828387E8F773FC284664
S3150803768038BD2B46EEE72125F9E770B50E461021DE
S315080376900546ECF7C7FC0446102128463201ECF7E9
S315080376A0ADFCECF7C9FC204670BD1021ECF7BABC5B
S315080376B0F8B504460E46174602F04BFA3A4605460F
S315080376C031462046EAF7F8F90446284602F03CFA1A
S315080376D02046F8BD0520704703207047E9F7C6BB67
S315080376E008B190F9260070470020704708B50B4685
S315080376F0062200F59E71184600F0F6FD002008BD27
S315080377000429F8B505460C460AD10026F7B23846C9
S31508037710E8F7B8FE08B13C4602E00136042EF5D177
S315080377202046E8F7AFFE58B195F83C31A34209D095
S3150803773085F83C4105F59E70BDE8F840E8F742BE7A
S315080377402120F8BD0020FCE70022E7F72DBDA0F8AD
S315080377504C30BDF90030C0F89410A0F84A20A0F8C0
S315080377604E3000207047E7F7BBBE10B514460846EF
S315080377700121E9F7F9FE2046BDE810400121E9F7A2
S31508037780F3BE8021ECF74EBC10B50446E7F724FB9D
S3150803779001462046BDE81040E7F724BB70B504460A
S315080377A00D461646E7F710FB032813D1A5B1B31EFA
S315080377B0022B94BF4FF4BC7328232946C4F8083117
S315080377C0204684F82760FFF793FC2046E8F77EF8FF
S315080377D0002070BD0220FCE72120FAE7E8F73AB952
S315080377E010B5EAF733FC04460021E8F75BFAE8F735
S315080377F043FA204610BD2DE9F74F01251C469DF88F
S315080378003030064601930368174603F00703063329
S315080378109D4005F1FF380B46A1B1416804EA080B00
S31508037820A5EB0B0A41F00059524509EB0B0114D994
S315080378305246184600F058FD49467A1B5A445044A6
S3150803784000F052FD019B2BB13C4448EA050804EAC3
S315080378500804F46003B0BDE8F08F1846F0E74FF06C
S315080378603A4301225A6741F6FF72D96418651A67C3
S31508037870704737B5002514460095FFF7BCFF204629
S3150803788003B030BDE7F734BF0020704700207047C8
S31508037890704700F0FD00003818BF01204042C0B20F
S315080378A070470A4690F89410A02901D8E7F706BC52
S315080378B02120704708B5E9F72BFBBDE80840E9F72F
S315080378C04FBB38B50446FFF7F5FF0546FFF7F2FF4A
S315080378D0431BA342FAD338BD38B50D460446E9F728
S315080378E017FB35B1844200D90139204601F003015B
S315080378F038BD844238BF0131F7E708B5E9F720FBFD
S31508037900BDE80840E9F72CBB08B50121FFF7E4FFFA
S31508037910BDE80840E9F724BB08B521B1920000F099
S31508037920E3FC002008BD2120FCE70B0C23F480535D
S31508037930B3F5284FF7B50D468FB2064699B217D059
S315080379404AF60103994215D04AF60203994213D01F
S31508037950B1F5204F14BF04240324D6F8EC300BB139
S31508037960196859B9D6F8E83093B9286803B0F0BD51
S315080379700024F2E70124F0E70224EEE723463A4619
S315080379806846E9F779FB019B002BEBD10098EDE7F5
S3150803799019680029E9D023463A466846E9F76CFB95
S315080379A0019B002BE1D1F1E702044FEA901309D4B6
S315080379B0C3F30903A3F1C8006FF4FF739842B8BF72
S315080379C0184607E06FEA83536FEA935313F5007F6C
S315080379D018B2EFD170470E2070477047EBF732BAEB
S315080379E0EBF730BAEBF72EBAEBF72CBA08B508461D
S315080379F0EBF762FE08BDEBF725BA38B505460C4624
S31508037A0002F0A7F8D5F89C301C40D5F898302343E4
S31508037A10C5F8983002F098F8211E18BF01210020F6
S31508037A20490238BD0020704770477047704710B544
S31508037A30044600F03800ECF775FE78B1D0E9012367
S31508037A404178C4F3074411F0010F18BF1346043BEA
S31508037A5053F8040F10B10278A242F9D110BD052BD1
S31508037A6007D920F47F4020F0C70040F40070106067
S31508037A70918070470368186800F0A8B838B50546BA
S31508037A80ECF706FE04462846FFF7F4FF204638BD02
S31508037A90ECF74ABD10B500F1080454F8083C0BB9D5
S31508037AA0184605E054F8040C984708340028F4D01F
S31508037AB010BDF8B50446C0B100F10C073846D6F731
S31508037AC0F1FB0023666856F823207AB906EB83058B
S31508037AD0B5420DD1236993B93846F5F763F90023FF
S31508037AE06380637823F007036370F8BD0133EAE71D
S31508037AF055F8043DDB68002BEAD09847E8E7DD68CC
S31508037B00002DE9D0043D55F8043F002BE4D09847EF
S31508037B10F9E738B5054660B1046944B1206850B140
S31508037B20FFF7B8FF044610B12846FFF7C2FF204601
S31508037B3038BD2224FBE70446F9E770B5054628B3A2
S31508037B40437823F0060343F001034370036953B1F3
S31508037B50586840B1FFF79EFF044620B12846FFF751
S31508037B60A8FF204670BD6E68043E56F8044F2CB92C
S31508037B70202005F10C01D6F783FBF2E7A368002B57
S31508037B80F3D0984704460028EFD0E7E72224E8E72E
S31508037B9010B1407800F00100704730B1407800F02A
S31508037BA00700B0FA80F0400970470120704707B50F
S31508037BB001A9FFF76DFF03B05DF804FB08B500F0F4
S31508037BC0FFFC002814BF1420002008BD7047430893
S31508037BD003F05533C01A00F03333800800F033300E
S31508037BE018444FF0013300EB101000F00F305843E0
S31508037BF0000E704710B5044688B1836A016A7BB1E3
S31508037C0080689847002394F8240023620C2863604D
S31508037C1005D82146D6F7FCFC0D2384F8243010BD7D
S31508037C200029EFD08368002BECDB0846F5F73DFC0B
S31508037C30E8E7002307B51A46019101A9ECF720FFE7
S31508037C4003B05DF804FB002330B587B004939DF8B1
S31508037C503430DDE90A4503930C9BCDE900450293CD
S31508037C60ECF784FE07B030BD052330B585B0039322
S31508037C700A9BDDE908450293CDE90045FFF7E3FFD3
S31508037C8005B030BD30B500230024002585B0CDE905
S31508037C9000450293FFF7E8FF05B030BD03680B60A4
S31508037CA0016070472DE9F0410E4617460024054644
S31508037CB0006808B9BDE8F081D0E90083B3420BD167
S31508037CC08368BB4208D154B9C5F80080C368DB078B
S31508037CD001D5F5F7EAFB204604464046E9E7C4F82A
S31508037CE00080F3E7002370B51A461946054604686B
S31508037CF0ECF7C6FE0CB92C6070BDE3682668DB0793
S31508037D0002D52046F5F7D1FB3446F3E72DE9F843C8
S31508037D100E461746054610B90020BDE8F8830468E1
S31508037D20002CF9D0D4E900893B4632462946A06897
S31508037D30C8470028F1D14446F2E73020704710B40B
S31508037D40044693790846C3F3C00383F001032370FB
S31508037D5011465DF8044B0622FAF70ABFF7B51F4624
S31508037D6000230D4601A916460193DEF735FC0446A2
S31508037D7048B93B46324629460198DEF777FC04465E
S31508037D800198FAF746FE204603B0F0BD38B50B4610
S31508037D901546024629461846DEF742FC044618B13C
S31508037DA010212846FAF7EEFE204638BD2DE9F041A4
S31508037DB09046002286B00E4601A91D460C9F0192E5
S31508037DC0DEF7D2FB044648BB08F1FF320DF108087B
S31508037DD04046731E0F3613F8011F12F8014FB342BC
S31508037DE081EA040100F8011BF5D102A90846019AA4
S31508037DF0DEF716FC044688B96B1E0F3598F8002083
S31508037E0013F8011F4A40AB4208F8012BF6D139464D
S31508037E10019A02A8DEF704FC044618B11021384675
S31508037E20FAF7B0FE0198FAF7F4FD02A81021FAF75B
S31508037E30A9FE204606B0BDE8F08170B50C46064695
S31508037E4051681068002286B01D4602AB03C320683A
S31508037E506168019203C3304601A9DEF785FB044630
S31508037E6040B92946019A02A8DEF7DAFB04460198C7
S31508037E70FAF7CFFD102102A8FAF784FE1CB11021E8
S31508037E802846FAF77FFE204606B070BDF0B50E46C3
S31508037E9014461D4693B001462022189F01A8FAF7F7
S31508037EA067FE2022314609A8FAF762FE20463B46BA
S31508037EB0412201A98DF84450FFF750FF044618B133
S31508037EC010213846FAF75EFE204613B0F0BDF0B52A
S31508037ED016461D46044693B0102201A81D9FFAF7BD
S31508037EE047FE1022314605A8FAF742FE1022294614
S31508037EF009A8FAF73DFE9DF860301B9A8DF83430D1
S31508037F009DF864300EA98DF835309DF868300DF16B
S31508037F1037008DF83630FFF712FF1C9A0DF13F0133
S31508037F200DF13E00FFF70BFF204601A93B46412210
S31508037F30FFF714FF0446412101A8FAF723FE1CB1F3
S31508037F4010213846FAF71EFE204613B0F0BDF0B5E9
S31508037F500E461D46144699B00146202204A81E9FC4
S31508037F60FAF706FE202231460CA8FAF701FE10227C
S31508037F70294614A8FAF7FCFD6B465022204604A9A5
S31508037F80FFF7ECFE18B100233B6019B0F0BD009B68
S31508037F903B60FAE72DE9F0410D46804688B000219B
S31508037FA014460DF103000D2200F077F92A88AB7801
S31508037FB004AE6946ADF80020404632468DF80230D5
S31508037FC0FFF7E4FE054610216846FAF7DBFD35B1EF
S31508037FD000232380A370284608B0BDE8F081BDF8C6
S31508037FE01020B378102130462280A370FAF7CAFD11
S31508037FF0F1E710B50446FEF737FE034620400AD0DC
S3150803800014F0050007D0DB4363F0050303EA040015
S31508038010B0FA80F0400910BD10B504460B6808464F
S3150803802023608B88A38042B1E0F73EF9A07120460E
S31508038030FBF729FA00B9A07110BD4920F6E7837941
S315080380401A0705D413F0100F0CBFFF200120704741
S31508038050002070470B4601461846EEF785B92DE909
S31508038060F8430746884614460026D4E90195B9F12C
S31508038070010905D52468002CF7D13046BDE8F883F5
S31508038080AB89012B07D9B5F90E30013303D029463D
S315080380903846C04706436835E9E7036A70B50546B7
S315080380A00E4684680BB9EEF7FBF9636EDB0705D456
S315080380B0A389980502D4A06D00F00AF9A3891907C4
S315080380C002D52369002B35D121462846EEF72CFA2B
S315080380D080B34FF0FF35636EDA0705D4A3899B0592
S315080380E002D4A06D00F0F5F8284670BD002B04DA1B
S315080380F0A269934217DB0A2915D023685A1C226002
S315080381001970A36816F8011F013BA3600029EDD176
S31508038110002B11DA22460A21284600F057F80130C7
S31508038120D7D00A25D7E72246284600F04FF801306C
S31508038130E7D1CEE7013EE4E723685A1C22600A2208
S315080381401A70EEE710B50C46B1F90E10EEF762FA9F
S315080381500028ABBF636DA3891B1823F48053ACBFF8
S315080381606365A38110BD2DE9F0411F468B8905463A
S315080381700C46DB05164605D502230022B1F90E1077
S31508038180EEF736FAA3893246B4F90E10284623F4D5
S315080381908053A3813B46BDE8F041EEF74DBA10B5CF
S315080381A00C46B1F90E10EEF723FA421CB4F90C305B
S315080381B015BF606523F4805343F48053A38118BF26
S315080381C0A38110BDB1F90E10EEF702BAF8B50E4643
S315080381D01446054618B1036A0BB9EEF761F9A369A4
S315080381E0A360A3891A0701D5236943B921462846FB
S315080381F0EEF79AF918B14FF0FF373846F8BD2368FA
S31508038200F6B222693746981A6369834205DC214622
S31508038210284600F018F90028EDD1A368013BA360AE
S3150803822023685A1C22601E70431C62699A4204D052
S31508038230A389DB07E1D50A2EDFD12146284600F0BC
S3150803824002F90028D9D0D6E70139024410B590427D
S3150803825001D1002005E0037811F8014FA34201D0AC
S31508038260181B10BD0130F2E7884210B501EB020472
S3150803827002D98442234607D8431EA14207D011F8E0
S31508038280012B03F8012FF8E70244824200D110BDFF
S3150803829013F8011D02F8011DF7E70244034693424A
S315080382A000D1704703F8011BF9E710B56AB1013924
S315080382B0841810F8012B11F8013F9A4203D1A04202
S315080382C001D0002AF5D1D01A10BD1046FCE7704735
S315080382D07047704710F8012B11F8013B012A28BF94
S315080382E09A42F7D0D01A70470A44431E914200D1E6
S315080382F0704710B511F8014B914203F8014FF9D1B4
S3150803830010BD062008B5EEF78BFC0120F1F74DFDED
S315080383109368013B002B10B4936008DA9469A3426F
S3150803832001DB0A2903D15DF8044BFFF74FBF136836
S31508038330581C1060084619705DF8044B7047F8B569
S3150803834006460F461446D518AC4201D1002007E06D
S315080383503A4614F8011B3046FFF7DAFF431CF3D1FC
S31508038360F8BD2DE9F047164698468A6807460B690D
S315080383700C46DDF820909342B8BF1346336091F854
S3150803838043200AB1013333602368990642BF336831
S3150803839002333360256815F0060506D104F1190A78
S315080383A0E36832689B1AAB422BDC94F843302268A5
S315080383B0003B18BF0123920630D404F14302414619
S315080383C03846C847013023D023681A3454F80A2C90
S315080383D003F00603042B0ABF54F80E5C0025336822
S315080383E04FF0000608BFED1A54F8123C08BF25EAF9
S315080383F0E5759342C4BF9B1AED18B5421AD10020FE
S3150803840008E00123524641463846C847013003D19E
S315080384104FF0FF30BDE8F0870135C1E7E1185A1C74
S3150803842030200233224481F8430094F8451082F839
S315080384304310C2E70123224641463846C84701305E
S31508038440E6D00136D9E738B50B6905460C4613B9A4
S315080384500025284638BD18B1036A0BB9EEF720F88C
S31508038460B4F90C30002BF3D0626ED00704D4990507
S3150803847002D4A06DFFF72CFF28462146EEF750FBE2
S31508038480636E0546DA07E4D4A3899B05E1D4A06D98
S31508038490FFF71FFFDDE770B50C46B1F90E1096B06E
S315080384A0154600291E460ADAA18911F0800113D15F
S315080384B04FF48062002031602A6016B070BD6A46A8
S315080384C0EEF7B6FB0028EFDB019901F47041A1F53D
S315080384D0005359425941EBE700214022EAE78B89C9
S315080384E073B59E0705460C4607D504F14703236073
S315080384F023610123636102B070BD01AB6A46FFF7CE
S31508038500CAFF009E28463146F1F7FFFFB4F90C303F
S3150803851038B99A05EFD423F0030343F00203A38182
S31508038520E3E743F080032060A381019BC4E90406C3
S31508038530002BE0D0B4F90E102846EEF78BFB002883
S31508038540D9D0A38923F0030343F00103A381D2E718
S315080385501F2938B505460C4604D9162303604FF080
S31508038560FF3038BDC26B12B152F821304BB92846D9
S3150803857000F016F8224601462846BDE83840EEF7CD
S3150803858079BB012B0AD0591C03D11623036001209A
S31508038590E7E70021204642F8241098470020E0E741
S315080385A0F1F709BCC9B20346024410B5934218460B
S315080385B001D1002003E0047801338C42F6D110BDC3
S315080385C0034B5868C0F30800003818BF01207047EA
S315080385D000ED00E0014B1868704700BFC83700205C
S315080385E00A4B1B6F03F00703013B032B03D8DFE892
S315080385F003F00A030608FEE7054B18687047054BA0
S31508038600FBE7054870470548704700BF00800050E0
S31508038610C8370020D037002080D54302002D31010A
S3150803862008B5FFF7DDFF054B1B6FC3F303330133B0
S31508038630B0FBF3F0024B186008BD00BF0080005082
S31508038640C43700200048704700B4C4040048704784
S31508038650002D3101014B1868704700BFD037002041
S315080386600048704780D543024FF400221B4B5A66D5
S315080386704FF0B4429368C3F304430C2B0AD8DFE8DC
S3150803868003F00B0709092709191B1D1F21232500B9
S315080386901348704700207047936803F04073B3F19B
S315080386A0807F17D0B3F1007F16D0002B0D4818BF73
S315080386B0002070470C4870470C4870470C487047B1
S315080386C00C4870470C4870470C4870470C4870476D
S315080386D00C4870470C4870470C4870470090005088
S315080386E0404B4C0000093D00405DC6000024F400E1
S315080386F0C0EA2101002D310180BA8C010048E80146
S31508038700005A62028096980080841E0040420F0039
S31508038710014B1868704700BFCC37002048B10122C7
S31508038720437801789A4030235943034B00205A5023
S3150803873070472220704700BF40F003500122437858
S3150803874001789A4030235943014B5A50704700BF6A
S3150803875040D00350034B5A68D20702D5DA69002A78
S31508038760F9D1704700C00A5030B9044B5A68D2078A
S3150803877002D59A6D002AF9D1704700BF00C00A5086
S3150803878008B9014B5964704700D00A5008B9014B20
S315080387905964704700E00A5008B9014B19647047D9
S315080387A000E00A5010B9024B186C70470020704756
S315080387B000C00A5010B5FFF7D7FF40B911B9054BEA
S315080387C0D86C10BD0129FCD1024B186DF9E70020BE
S315080387D0F7E700BF00C00A5038B51446FFF7C4FFD1
S315080387E010B911B9034BDC6438BD012904BF014B29
S315080387F01C65F9E700C00A5008B5FFF7B5FF10B9BD
S31508038800024B586D08BD0020FCE700BF00C00A50A4
S315080388104FF48062034B9A66BFF34F8FBFF36F8F94
S315080388200020704700900050014608B5A8B1FFF72D
S31508038830EFFF084601F018FA4FF098435A6CD20234
S31508038840FCD54FF48062586D054B10F470209A6678
S3150803885004D0BDE8084001F0C4B9212008BD00BF13
S3150803886000A0005030B5154B87B00293144B039004
S31508038870049346F611030D46059300F06FF9142881
S31508038880044616D1684601F0ABFA4FF0A843032213
S3150803889002A95A6319601D619A63DA6B9207FCD1C0
S315080388A0142C02D1684601F0A9FA00F08BF90446A4
S315080388B001E00028E9D0204607B030BD9016002015
S315080388C0040000202DE9F04FB1B005468C46E94671
S315080388D06F4F3B9EDDF8F8E0409C07F1100AC84647
S315080388E0386879680837A8E803005745C146F6D1BA
S315080388F00EEB0208C8F1000909F00F09002E00F073
S31508038900AD80774207F00F070121DDF8FCB0C4F10B
S31508038910100ACDF810B0059144F0005106914FEABC
S315080389200A2101F4F85141F02101079106B96B4672
S315080389300893002D40F09480002C00F0918004AB3E
S315080389400993002E00F08E8046F000530A93002DFB
S3150803895040F08B80002C0CBF2123012343EA072315
S315080389600B9308A842F00053CDF830C03D990D90FB
S315080389700E934FEA092343F041030F931091002AFC
S3150803898075D00CA911910021002A18BF412341EA89
S315080389900E01129113933C9B3E4A149310AB159305
S315080389A03D4B0021169340F6110317933B4B002DBD
S315080389B018BF1346189314AB1993394B10221A93FD
S315080389C011231B931CAB1846FFF767FC01221D9264
S315080389D04AF080421E9200220346239205B9EB46CB
S315080389E0102C08BF01230DF1900A102200215046CE
S315080389F0CDF880B021932294FFF74FFC002C3AD090
S31508038A0020AB002125938F4218BF534647F0804277
S31508038A1026923A9A2CA828922993B2FA82F35B09EA
S31508038A2046EA837310222B912A93FFF736FC26B363
S31508038A3028ABC8442D932CA948F0804318A82E9335
S31508038A40FFF710FF38B935B903460246A34216D1D4
S31508038A50002A18BF2C2031B0BDE8F08F102753E742
S31508038A6001236DE747F0005370E7212376E74FF0BC
S31508038A700051119088E70123C3E75346D9E703F169
S31508038A80C001694411F8C01C01330A43DEE700BF7D
S31508038A90E3A5030820C30308100000201CC303082A
S31508038AA004000020F0B5C0299FB0249E4FD0B1F52D
S31508038AB0807F04D0802941D029201FB0F0BD40F221
S31508038AC0144440F23445002E18BF2C46212710259E
S31508038AD0019401240296039404950597259F069706
S31508038AE006B102AC07940124089509940A92212237
S31508038AF00B940C950D92174A0AAC0E92164A0F94CC
S31508038B00109242F611021192129313941495159228
S31508038B1001AA1692CBB112AB179304231893112308
S31508038B20199316AB1A901B9340F61103C9081C91A7
S31508038B301AA806A91D93FFF795FEBEE7002E0CBFDC
S31508038B404FF482644FF48664C0E70EABE4E70F2064
S31508038B50B3E700BF18C303081000001038B5164B57
S31508038B605A6E42F004025A66D3F8802242F0010292
S31508038B70C3F88022114B5B68C3F3080343B14FF074
S31508038B80A842D36B13F0430FFBD11424204638BDF8
S31508038B904FF0A843DC6B14F04304FBD1084D2B6854
S31508038BA01BB904212846EEF71AFD2B68013343F057
S31508038BB000432B60EAE700BF0080005000ED00E0A9
S31508038BC090160020014B00205B68704700ED00E01B
S31508038BD0E0B1026812F4E07FC2F382130FD0012BCF
S31508038BE00FD0022B12D10A4B69B103F58053012129
S31508038BF002F03F0201FA02F200201A607047054BA1
S31508038C00F2E7054BF0E703F50053F0E70E2070474C
S31508038C106C800050648000506880005060B159B180
S31508038C20074B1A6852B1074B1B7803705269002029
S31508038C3052F823300B607047212070470220704793
S31508038C40BC1600207432002070B506460D4600F0A7
S31508038C5089FF04460E4B1B68183B13F1180F04D102
S31508038C602046BDE8704000F078BF1A681268B24221
S31508038C7001D09B69F0E7074A13601B69064A53F854
S31508038C802530157003B198470022024B1A60E7E7AF
S31508038C90C4160020BC16002074320020014B53F87A
S31508038CA020007047C816002070B5044601F042F943
S31508038CB000B1FEE7074A2101555802EB041345B1F3
S31508038CC09968204601315A6899602B46BDE8704079
S31508038CD0184770BD2818002008B50B4B01461B78AA
S31508038CE05BB107280BD8094B03EB00131B7B43B176
S31508038CF0074800F043FF002008BD1120FCE72120A8
S31508038D00FAE72520F8E700BF793200202818002063
S31508038D10000004500C4B10B51B780C4673B107289A
S31508038D200ED869B1094B03EB00131B7B53B10146FC
S31508038D30074800F033FF2070002010BD1120FCE720
S31508038D402120FAE72520F8E77932002028180020A1
S31508038D50000004500C4B10B51B780C4673B107285A
S31508038D600ED869B1094B03EB00131B7B53B10146BC
S31508038D70074800F022FF2060002010BD1120FCE701
S31508038D802120FAE72520F8E7793200202818002061
S31508038D90000004500346064802689A4203D841680D
S31508038DA00A44934202D3406A0028F5D1704700BFAC
S31508038DB0A81800200229F8B596BF104B00245C5C5E
S31508038DC0012805460E4608D0022809D008B944F0FA
S31508038DD002040B4B1F6837B9F8BD44F00804F8E7DB
S31508038DE044F02004F5E77B681A68144203D0314639
S31508038DF028465B6898473F68EDE700BFCCC503087C
S31508038E00DC18002038B5104D2B78ABB10F4C2378FE
S31508038E101BB100F08BFA00232370002000F0AEFA92
S31508038E200B4C50B100F0B4FA0023012120782B70C3
S31508038E30FFF7C0FF0123237038BD0122054B1A70C3
S31508038E402278054B1A70F7E7813200207F3200201B
S31508038E508732002082320020833200200E490B78A5
S31508038E60FF2B01D198B170470BB990B97047002809
S31508038E7014BF0122FF2213440B7060B1074B1B7802
S31508038E80012B08D9064B1B782BB9FFF7BBBF1A462C
S31508038E90F1E70122EFE77047863200208732002088
S31508038EA08232002010B500F054FE064B04461B78A8
S31508038EB01BB1BDE8104000F047BEFFF7A3FF2046ED
S31508038EC0F7E700BF7E32002002282DE9F04147D09C
S31508038ED029480378FF2B41D1002941D11A46134467
S31508038EE0DBB2037000293BD0244E3278012A37D9E6
S31508038EF0002B3ED000F02DFE214F04463B780BB3E2
S31508038F00204D2B781BB901222A701F4A1370DFF8EC
S31508038F107C8098F8003023B100F008FA002388F81B
S31508038F200030204600F010FE012000F027FA00F07A
S31508038F3010FE2B7804461BB100F02AFA00232B7087
S31508038F4000233B70204600F0FFFD01243078A04241
S31508038F5006D02146FFF72EFF347001E013B931B965
S31508038F60BDE8F081002914BF0122FF22B7E70122D9
S31508038F70B5E70224EAE700BF8632002087320020DD
S31508038F80813200207E320020823200207F32002088
S31508038F902DE9FF47EFF3108572B6AFF3008001F0B2
S31508038FA08FF9002800F0A4806B4E6C4F337823B1F9
S31508038FB00020FFF753FF00233370387878B903A9E5
S31508038FC000F08EFB044650B9654B039A1B689A4218
S31508038FD000F296800120FFF741FF012333703B78A7
S31508038FE0002B40F0AB805F4B1B78002B00F0A3806F
S31508038FF04FF002085C4CDFF890912078DFF88CA1DB
S3150803900040450AD0002389F800309AF8003013B98E
S315080390104146FFF7CFFE84F8008099F800303BB14C
S315080390202378022B04D1002389F8003001F07BF959
S31508039030B8F1020F0FD1DFF82C8198F8003053B935
S315080390404A4B1B7823B900F06BF90122484B1A7077
S31508039050012388F80030207800F016F99AF80030D2
S3150803906013B1444B1B782370AFF30080284601F0F5
S315080390704FF8EFF3108572B63F4B1A7852B10022B8
S315080390801A703C4B20781B78984203D10121217032
S31508039090FFF790FE394800F0DDFA01F01AF9804629
S315080390A0002883D12F4F89F800003B789BB1DFF85E
S315080390B0C0908AF8000099F800301BB100F036F921
S315080390C089F80080002000F059F9002839D000F00B
S315080390D05FF900233B70337823B10020FFF7BEFE08
S315080390E00023337000212078FFF764FE00232370E2
S315080390F0AFF30080284604B0BDE8F04701F008B88E
S315080391001F4BD3F8008000F0AFF8039B80449845C3
S31508039110BFF460AF00F080F98200039942F00202BF
S3150803912092B2CDE900422346164AA1EB0801134839
S3150803913000F0F6FF53E700F0DDF859E74FF00108B2
S3150803914058E7012000F0A0F8284600F0E1FFEFF306
S31508039150108572B6B6E700BF80320020863200203B
S31508039160E41800208132002087320020853200204F
S315080391707F320020833200207C320020E81800204A
S31508039180E0180020A58E03088432002082320020CE
S3150803919010B500F0DEFC0022054B1C781A7000F0AF
S315080391A0D3FC00F071FBE4B22043C0B210BD00BF8C
S315080391B07D32002038B500F0CCFC094B05461B78F8
S315080391C0012B04D800F0C0FC0024204638BD054B0B
S315080391D01C6800F049F80444284600F0B5FCF4E797
S315080391E087320020E0180020194B1A491A6F10B568
S315080391F002F007020A60196F174801F47441016007
S315080392001649174C8969032A01F00200C1F3400184
S3150803921021701AD0D3F8202102F00702022A14D0AB
S31508039220D3F8283103F007039C1E634263410D4AB2
S31508039230137048B143B9064BD3F8003103F003035F
S31508039240591E4B424B41137010BD0123EFE700BF74
S3150803925000800050141900201019002000C0015086
S315080392608B3200208C32002008B5054B187818B1CC
S31508039270CEF714FC00EBD000024B1B68184408BD5C
S315080392808C3200200C190020012808B502D00228C8
S315080392901ED008BD134A137823B113490B6F43F441
S315080392A074430B6711490B6923F004030B61BFF37E
S315080392B04F8FBFF36F8F30BF1378002BE9D00A4A5D
S315080392C00B49136F096823F474430B431367E0E7E9
S315080392D00020CBF7FDFC054A136923F00403136149
S315080392E0D7E700BF803200200080005000ED00E081
S315080392F010190020074A0849D2F8203103F007035A
S315080393000B60D2F82831054A03F007031360EFF719
S31508039310D0BB00BF00800050201900201C19002074
S315080393200122014B1A7070478A3200200F4B10B581
S315080393301B7883B10E4C2378A3B90E4B9A6DD103D0
S3150803934002D5DA6D920702D49B6DDB0704D54FF479
S315080393508032094B9A6210BDCEF72CFB4FF480324C
S31508039360054B9A6200232370F5E700BF8C32002071
S31508039370893200200040005A0050005A034B1B78DC
S315080393800BB1CEF7BBBB0120704700BF8C32002060
S3150803939008B5EFF78FFB174B1B7833B10122164B32
S315080393A05A60164A9369DB07FCD5154B15491A6F9C
S315080393B0096822F007020A431A671349D3F82021DA
S315080393C0096822F007020A43C3F820210F49D3F894
S315080393D02821096822F007020A43C3F828210C4BFF
S315080393E01B781BB14FF480320A4B9A62BDE80840DA
S315080393F0FFF716B98B32002000D0015000C0015088
S315080394000080005014190020201900201C19002080
S315080394108C3200200060005A014B1878704700BF51
S315080394208C32002008B5164B1A7822B300221A701C
S31508039430144B1A6F22F0070242F001021A67D3F897
S31508039440202122F0070242F00302C3F82021D3F8B1
S31508039450282122F0070242F00302C3F828210A4B07
S315080394601B7833B10122094B5A60094A53689B0793
S31508039470FCD4FFF7D5F80122064B5A6708BD00BF8F
S315080394808A320020008000508B32002000E0015011
S3150803949000C001500060005A0D490B68A0B10022B4
S315080394A0A3B1834203D1836822B90B6003E01A464A
S315080394B09B68F5E7936083680BB9002070475A6980
S315080394C041690A445A61F8E7222070470220704727
S315080394D02C19002010B500F097FA0A4C0A4B1968A4
S315080394E02368C31A09B9206010BD002BFBD04A694B
S315080394F09A423ABF9B1A0022D21A4A6128BF00230E
S315080395008968EFE7281900202C19002038B5154D6E
S315080395102B682BB35B69A3B1134A022014681C4456
S3150803952000F092FE204600F0ADFA00230F492A68A0
S315080395300B7022B1D08880070AD501230B7000204F
S3150803954038BD022000F080FE022000F0E5FAECE7C1
S315080395509268002AF3D050690344012BEAD9EEE74F
S315080395602220EDE72C190020281900208E3200202E
S31508039570C38870B504460D463BB9FFF71BFE854203
S31508039580064602D2F1F78FF835460E4A6561136827
S3150803959083B91460A3600CE02D1A986819466561AF
S315080395A0034618B15869A842F6D929B18C60A36055
S315080395B023B970BD0021F5E71460A3605A69521BED
S315080395C05A61F6E72C190020F8B516469DF81C20B3
S315080395D0BDF820700271069A0446026000220D4601
S315080395E0C0E903368260C780B6B900F00DFA28448D
S315080395F0A0613DB9E368656113B1204621689847C0
S3150803960016B33546062F0BD10822104B28469A6205
S31508039610BDE8F84000F000BA00F0F6F93044E7E791
S3150803962000F097FA0646FFF755FF29462046FFF747
S315080396309FFF074B1B689C4201D1FFF767FF304624
S31508039640BDE8F84000F080BAF8BD00BF0050005AE4
S315080396502C190020F8B50446F8B1C388062B01D1A6
S3150803966000F062FA00F075FA0646FFF733FF0C4B73
S3150803967020461F68FFF710FF054620B1304600F065
S3150803968063FA2846F8BDA742F8D1FFF73FFF222819
S31508039690F4D1022000F02EFAF0E72225F1E700BF05
S315080396A02C19002038B50C460546A8B1A1B10023EC
S315080396B00B7000F057FA0121084B1B6833B900F009
S315080396C04CFA002038BDAB4204D121702278002A17
S315080396D0F9D0F4E79B68F1E72220F3E72C19002079
S315080396E0F8B506460F4600F03DFA00250446124B28
S315080396F01B6823B9204600F030FA1B2011E05A698B
S315080397001544DA88B2420DD100F07EF90B4E336860
S31508039710C01AA8420AD3002320463B6000F01DFA6C
S315080397200020F8BDFF2EEFD09B68E2E700F06CF946
S3150803973033682B441B1AEFE72C190020281900203D
S3150803974070B500F00FFA064600F05EF9084B0446BA
S3150803975001201D6800F062FD18B100F055F90446B2
S315080397600135304600F0F9F92046294670BD00BF99
S3150803977034190020014B1868704700BF30190020C0
S3150803978038B50021044640F2E730054B4FF47A72A8
S315080397901D680023E4FB0501D4F76EFA38BD00BF44
S315080397A0301900200B4B70B51B68044683420D46DF
S315080397B00ED340F2E7300021074B4FF47A721E6846
S315080397C00023E4FB0601D4F757FA2860002070BD8E
S315080397D02120FCE724190020301900200F4B10B56F
S315080397E01A689AB14FF47A71531E1342A0FB01010A
S315080397F00ED1B2FA82F2C2F11F04531CD243E040DF
S3150803980001FA03F3184321FA02F20243104610BD84
S315080398100023D4F731FA0246F8E700BF30190020CF
S3150803982038B5164B14468342154B8B4123D3154B38
S315080398301A6802B34FF47A75A0FB050305FB0131D9
S31508039840531E134211D1B2FA82F3C3F11F055A1CF0
S31508039850DB4301FA02F2E84021FA03F31043184303
S31508039860E940C4E90001002038BD0023D4F704FA0F
S31508039870C4E90001F7E72120F6E700BFEFA7C64BC7
S31508039880378941003019002010B500F06BF9034BF6
S315080398901C7800F062F9E4B2204610BD8D32002030
S315080398A008B5084B1B7803F0FF004BB100F0A6FC84
S315080398B0054B1B689B69C01A02288CBF0020012030
S315080398C008BD00BF8E3200202C190020014B1870EA
S315080398D0704700BF8D320020C2072DE9F8430446BE
S315080398E007D5464A136801331360FFF7F3FDFFF7FD
S315080398F00DFEA3077FD500F035F94FF0000805469E
S315080399004646FFF7E7FD3E4F3C680CB16369A3B1D2
S3150803991000223C4B012E1A7003D118F0020F18BF10
S315080399201E70FFF7F3FD222802D1022000F0E2F8A9
S315080399302846BDE8F84300F010B923465A693AB9F0
S315080399401A792179914288BF1C469B68002BF5D169
S31508039950284600F002F92569002D38D000F054F89E
S31508039960A269A0EB02084FEAE873A84573F100035E
S315080399702EDB23691344A36101232269CAB1C3B940
S31508039980A38BB5EB080533B1E28B13449BB2B3F54E
S315080399907A7F28D2E38300F0E5F8804629462046F5
S315080399A0FFF7E6FDA369226940461344A36100F065
S315080399B0D4F8E36813B1204621689847B4F80680BB
S315080399C000F0D0F801360546FFF784FD9CE7A84664
S315080399D000F0C8F881462046FFF75EFD484600F0CA
S315080399E0BCF80023C9E7A3F57A73E383A369013DAA
S315080399F0013BA361CFE7BDE8F88300BF3419002014
S31508039A002C1900208D32002008B5FEF7A3FE014B62
S31508039A10986908BD00C00A5038B5044600F099F89D
S31508039A200546FEF797FE0E4B022C9A694FF0010185
S31508039A308CBF12190332B2F1FF3F38BF013A002037
S31508039A40FEF7CAFE284600F07FF8064B1A7832B1AD
S31508039A500221054A91640421916400221A7038BDD3
S31508039A6000C00A50993A002000D00A5007B5044BA3
S31508039A7001A9187900F0EEF9019803B05DF804FB23
S31508039A800CC50308F8B5044600F063F80746FEF765
S31508039A9061FE154B9D6900F0D3FB06460020FEF7D1
S31508039AA081FE830704D4731B032B01D8AE420FD15F
S31508039AB00021631B022B98BFEC1C0846B4F1FF3F39
S31508039AC02CBF2246621EFEF787FE022000F0BCFB6F
S31508039AD0384600F039F8054B1A7822B10121044AB1
S31508039AE0916400221A70F8BD00C00A509A3A002001
S31508039AF000D00A50830700F0010106D50123044A62
S31508039B0041F002011370034A93640020FEF73EBE38
S31508039B109A3A002000E00A50830742BF0222014B0B
S31508039B201A64704700D00A50054B1A7832B90221D5
S31508039B30044A91640421916401221A70704700BF94
S31508039B40993A002000E00A5010B962B6BFF36F8F46
S31508039B507047EFF3108072B6704780F31188BFF32E
S31508039B606F8F7047EFF31180302383F311887047A3
S31508039B704FF4004070474FF47A70704738B504467F
S31508039B8001258D40FFF7EEFF04F5005304F58054D5
S31508039B905D65A562BDE83840FFF7DFBF38B5054602
S31508039BA00C46FFF7DFFF6D6BFFF7D7FF0120A040D9
S31508039BB02840003818BF012038BD70B50D46044645
S31508039BC0FFF7D0FF3023666B03FB0544646EFFF78C
S31508039BD0C4FFEE40F30756BFC4F30A100020013052
S31508039BE070BDB0F5802F24D010D8B0F5003F22D031
S31508039BF006D828B3B0F5803F14BF01204820704724
S31508039C00B0F5403F14BF01202C207047B0F5302F24
S31508039C1013D008D8B0F5E02F11D0B0F5202F14BF14
S31508039C20012010207047B0F57F0F14BF01200620CE
S31508039C3070474B2070472A20704711207047212010
S31508039C40704708B528B128220021FEF726FB002015
S31508039C5008BD2120FCE7036A042B9FBF00EB8302A0
S31508039C600133D16003627047036A052B14D84FF09A
S31508039C709842116CC902FCD504339B00136501682D
S31508039C80103B11604168116050F8081F11604FF0CE
S31508039C9098420344984200D1704750F8041F116054
S31508039CA0F8E7836882B013B9816002B070478368A6
S31508039CB00193019B5B68012B019B01D15960F4E772
S31508039CC05B68F5E7F0B5154649228FB0149C8DF805
S31508039CD0242004F10C060DF1250254F8047BB44242
S31508039CE042F8047BF9D1247814704FF48074ADF8E4
S31508039CF034409DF8544000228DF8364004240694D7
S31508039D00169CCDE9001505941324049409ACCDE9F2
S31508039D1002340B4611468DF832208DF83350FEF780
S31508039D20D1FD0FB0F0BD30B5C02A93B02FD0B2F530
S31508039D30807F29D0802A2CD14FF4807480F00100CB
S31508039D40204301901698012502901024212003959B
S31508039D5004940590069301AB0795089409900A9312
S31508039D6006AB0B9304230C9311230D930AAB0E91A5
S31508039D700F9340F61103D20802A90EA81092119365
S31508039D80FEF770FD13B030BD4FF48274D6E70F208B
S31508039D90F8E72920F6E708B5FEF7E0FEBDE8084030
S31508039DA0FEF710BF1FB5079C02949DF81840CDE92E
S31508039DB0003413460A4601460020FFF783FF04B022
S31508039DC010BD1FB5079C02949DF81840CDE90034D1
S31508039DD013460A4601460120FFF774FF04B010BD77
S31508039DE010B50446FFF7B5FE4FF0A8431A6822607C
S31508039DF01B696360FFF7A8FE002010BD10B5044673
S31508039E00FFF7A7FE4FF0A84322681A6062681A6133
S31508039E10FFF79AFE002010BD10B404460846114603
S31508039E209DF804200192A2685DF8044BFFF7BABFB8
S31508039E3010B40446084611469DF804200192A26808
S31508039E405DF8044BFFF7BDBF8068FEF72BBE896834
S31508039E50FFF769BF09B100F008B82220704701214E
S31508039E60FEF7B6BE0021FEF7B3BE70B506460D462D
S31508039E70FFF778FE0446202E59D8DFE806F0111AB4
S31508039E80581F222558282B582E58313458373A3D0F
S31508039E9058405843585558465849584C584F5200F5
S31508039EA0FEF79EFB002628602046FFF756FE30463F
S31508039EB070BD4FF4C070CAF751F9F3E74FF4207039
S31508039EC0F9E74FF44070F6E74FF46070F3E74FF4A1
S31508039ED00070F0E74FF48060EDE74FF44060EAE77F
S31508039EE04FF4C060E7E74FF4F060E4E74FF4B0607F
S31508039EF0E1E74FF4D060DEE74FF41060DBE74FF499
S31508039F00E060D8E74FF4A060D5E74FF41860D2E7CE
S31508039F104FF42860CFE74FF48070CCE74FF4206006
S31508039F20C9E74FF44860C6E74FF40860C3E7002063
S31508039F302126B8E7FEF7B2BE0720FEF7B5BE062010
S31508039F40FEF7B2BE0520FEF7AFBE0420FEF7ACBE91
S31508039F500320FEF7A9BE0220FEF7A6BE0120FEF7E0
S31508039F60A3BE0020FEF7A0BE10B5FFF7F2FD012140
S31508039F7004460846FEF7A8FF2046BDE81040FFF74B
S31508039F80E3BD2DE9F74F0D46002900F0B9800846D1
S31508039F90FEF700FF0446D0E90578FFF7E3FD15F859
S31508039FA008EC35F8061C1EF0010F019000D031B9F4
S31508039FB00198FFF7D2FD012003B0BDE8F08FA6682C
S31508039FC0D4F810A035F8049CA6EBC1060AF10103E0
S31508039FD0A5F1080C4A1CA6602361B9F1000F00F02D
S31508039FE085804FEAC9031846ACEBC90393F800B05A
S31508039FF00EF0020E1BF0010F69D1BEF1000F69D1F5
S3150803A000B3F80290B3F806E0AEEB090EBEF1010F02
S3150803A0106CD18A1C083E4A44C4F810A0A66035F8D9
S3150803A02002ECBEF1000F65D0D4E900600CEBCE0A52
S3150803A03006EB0009CA455DD21CF83EC056461CF01D
S3150803A040010C15D1AEEB0101012911D1BAF80210A1
S3150803A050AAF802C001310A44BAF80610002947D003
S3150803A0600AEBC106216901392161A1680839A16092
S3150803A07015F8081C013A21F0010105F8081C00210E
S3150803A08025F8061C5A801A7861F300021A709EB3E3
S3150803A090C3F107023244C2F3CF02DA80B2806FB348
S3150803A0A0BB422BD37A88002A08BF1F46B8F1000F94
S3150803A0B006D0434504D8B8F80220002A18BF4346F9
S3150803A0C00198C4E90573FFF748FD002074E7BEF15C
S3150803A0D0000F0BD0361AA66015F8086C4A4426F00A
S3150803A0E0020605F8086C00269E8098E7634696E7FD
S3150803A0F00E46B7E70026BBE7DE80D0E71F46D5E75F
S3150803A100222059E701460020FFF73BBFFFF7FABFB6
S3150803A11010B962B6BFF36F8F704700230B70704791
S3150803A1202DE9FF410E46174698460546A0B1002479
S3150803A130C461FFF78FFABDF82C30284602939DF8C1
S3150803A14028302246CDE9008331463B46FFF73CFAE1
S3150803A150204604B0BDE8F0812220FAE72DE9F04154
S3150803A1609846002386B00E46174605468DF81730DF
S3150803A170C0B1C3610DF11701FFF794FA9DF81740B3
S3150803A18094B9BDF83430284602939DF830302246F8
S3150803A190CDE9008331463B46FFF716FA204606B05B
S3150803A1A0BDE8F0812220FAE70320F8E72DE9F0411C
S3150803A1B09846002386B00E46174605468DF817308F
S3150803A1C0C0B1C3610DF11701FFF76CFA9DF817408B
S3150803A1D094B9BDF83430284602939DF83030324698
S3150803A1E0CDE9008331463B46FFF7EEF9204606B034
S3150803A1F0BDE8F0812220FAE70220F8E738B5FFF731
S3150803A200B1FC0546FFF700FC04462846FFF7A5FC04
S3150803A210204638BD00F021B800F030B810B5044622
S3150803A2200020FEF7BFFA012C04D0022C05D1C0F397
S3150803A230400010BD00F00100FBE70020F9E7704776
S3150803A24000210846FEF7B6BA00F00101830748BFA6
S3150803A25041F002010020FEF793BA002008B5FEF785
S3150803A260A1FA10F0080008D000200821FEF794FA96
S3150803A270BDE808400020FEF7BFBA08BD0421002048
S3150803A280FEF78ABA38B5FFF76DFC04460020FEF7D9
S3150803A29089FA830700F0010548BF45F0020500F077
S3150803A2A003010020FEF778FA2846FFF715FB204638
S3150803A2B0BDE83840FFF751BC0120704701207047BD
S3150803A2C010B5FCF742FE0446FFF7F6FF2040C0B27E
S3150803A2D010BD38B5FEF75CFF0446FCF73DFE0428BF
S3150803A2E01BD0022808BF44F001040025E4B2D2F7C4
S3150803A2F01BFD042813D0022808BF44F00104E4B266
S3150803A300FFF7DCFF04280CD0022808BF44F0010439
S3150803A31085F0010504EA050038BD0125E7E70125AF
S3150803A320EEE70020F8E702210120E9F741BF000024
S3150803A330000000000000000000000000000000000C
S3150803A340F8B500BFF8BC08BC9E467047F8B500BF11
S3150803A350F8BC08BC9E4670475FF800F0B13400208D
S3150803A3605FF800F0553500204E0C0000DCA3030807
S3150803A370ACA30308000000000000000084A3030840
S3150803A38000000000ACEE03083CEE03089CEE03084D
S3150803A39050EE030868EE030878EE0308CCEE0308CC
S3150803A3A070EC0308ACEC03080000000049CD010873
S3150803A3B054A40308012A030800000000C96B010816
S3150803A3C000000000116F0308000000000DC8010813
S3150803A3D07EA403080000000000000000B9CC0108B1
S3150803A3E054A4030855C5010854A40308D5720108E3
S3150803A3F0000000000D6F030800000000C5C1010836
S3150803A40000000000076F030800000000016F03083F
S3150803A4107CA403083573010800000000E9720108EB
S3150803A4207CA40308DDC701087EA40308196F030883
S3150803A430000000001D6F030800000000572C0308E6
S3150803A44000000000612C0308000000000000000063
S3150803A45000000000000000004E0C00000000000091
S3150803A4601CD80308000000000000000004000000D8
S3150803A47000000000E2FF5000000100000100040094
S3150803A480FB000E0079330308B9330308993303082D
S3150803A490EF330308A9810108B15803084D81010860
S3150803A4A02D340308C57C010889C10108E181010827
S3150803A4B09980010841C20108CF580308000000002B
S3150803A4C0000500080030033E043E053E073E0C3EE9
S3150803A4D0123E133E213E293E0DFFEDFFFFFF00000E
S3150803A4E000000000750900080500000000000000D0
S3150803A4F0809698000201000000000000000000009A
S3150803A5000100000000000000000000000100000038
S3150803A510000000000000000001040000020302021C
S3150803A5200201000001000000000000000200000014
S3150803A5300000000001000000010000000104000003
S3150803A54000000000000000000203020202010000EE
S3150803A5509B82030810141400101C2030401C200092
S3150803A560001C20304000000000000000505341004A
S3150803A5704B4559008B8702088787020865870208B7
S3150803A58033870208C38702089587020835870208B6
S3150803A5902C00000002020203000000030000000072
S3150803A5A0000000000000000000000000070008008B
S3150803A5B0000000000000000000000001020405007E
S3150803A5C0000000000000000000000000060000096B
S3150803A5D00A0B00000000000000000000DC984CA0F5
S3150803A5E0D81018FFFFFFFFFFFFFFFFFFFFFFFFFF67
S3150803A5F0FFFFFF004C454654005249474854004361
S3150803A600454E544552005B424C455D205269736B77
S3150803A6102077726974652073746172742066616940
S3150803A6206C65643A2030782530386C7820626F641C
S3150803A630793D25750D0A005B54494D45525D2050F9
S3150803A6406F736974696F6E2073616D706C696E6779
S3150803A650207374617274656420617420617070720A
S3150803A6606F78696D6174656C7920257520487A0D54
S3150803A6700A005B54494D45525D2053746172742038
S3150803A6806661696C65643A2030782530386C780DD4
S3150803A6900A005B494D555D20496E697469616C69A9
S3150803A6A07A6174696F6E206661696C65643A2030F5
S3150803A6B0782530386C780D0A005B494D555D204482
S3150803A6C0657669636520494420726561642066611D
S3150803A6D0696C65643A2030782530386C780D0A0041
S3150803A6E05B494D555D20416363656C65726F6D65A6
S3150803A6F074657220656E61626C65206661696C6556
S3150803A700643A2030782530386C780D0A005B494D59
S3150803A710555D2046697273742072656164206661AB
S3150803A720696C65643A2030782530386C780D0A00F0
S3150803A7305B494D555D2052656164792E2049443D38
S3150803A7403078253032582061637475616C5F7261A5
S3150803A75074653D256C6420487A0D0A005B494D559E
S3150803A7605D20496E697469616C206D673A20583DAE
S3150803A770256C6420593D256C64205A3D256C640D6F
S3150803A7800A005B43414C5D2043616E6E6F74206320
S3150803A790616C6962726174653A20494D5520697323
S3150803A7A0206E6F742072656164790D000D0A5B4330
S3150803A7B0414C5D20436170747572696E6720257319
S3150803A7C02E204B656570207374696C6C2E0D0A0018
S3150803A7D05B43414C5D2052656164206661696C6523
S3150803A7E0643A2030782530386C780D0A005B43418B
S3150803A7F04C5D202573207265666572656E636520F8
S3150803A8006D673A20583D256C6420593D256C6420B4
S3150803A8105A3D256C640D0A005B4653525D2052650A
S3150803A82071756573742073656E74207C20706F73FD
S3150803A8306974696F6E3D2573206475726174696FF7
S3150803A8406E3D256C7520730D0A005B4653525D20D9
S3150803A85052657175657374207772697465207374AC
S3150803A860617274206661696C65643A2030782530B4
S3150803A870386C780D0A005B424C455D205363616E64
S3150803A8806E657220706172616D657465722065729A
S3150803A890726F723A2030782530386C780D0A005674
S3150803A8A06974616C53656E73652D45535033324332
S3150803A8B033005B424C455D205363616E6E696E6778
S3150803A8C020666F722025730D0A005B424C455D2096
S3150803A8D05363616E207374617274206661696C6573
S3150803A8E0643A2030782530386C780D0A005B424C80
S3150803A8F0455D205363616E6E65722073746F7020B5
S3150803A90072657475726E65643A2030782530386CD2
S3150803A910780D0A005B424C455D20537461746520CB
S3150803A9207772697465207374617274206661696CE1
S3150803A93065643A2030782530386C780D0A000D0A9C
S3150803A9405B504F5745525D204157414B450D005BC0
S3150803A95043414C5D2050726573732042544E302038
S3150803A960746F2063617074757265207468652072EC
S3150803A970657175657374656420706F737475726534
S3150803A9800D000D0A5B43414C5D2052455354415219
S3150803A9905445443A20686F6C642043454E544552E7
S3150803A9A020616E642070726573732042544E300DB5
S3150803A9B0000D0A0D003D3D3D3D3D3D3D3D3D3D3DC3
S3150803A9C03D3D3D3D3D3D3D3D3D3D3D3D3D3D3D3DA6
S3150803A9D03D3D3D3D3D3D3D3D3D3D3D3D3D3D3D3D96
S3150803A9E03D3D3D3D3D3D3D3D3D3D3D3D3D3D3D3D86
S3150803A9F03D0D00564954414C53454E53455F584700
S3150803AA0032365F494D555F424C455F4D4C5F563173
S3150803AA10004649524D574152453A2025730D0A00BF
S3150803AA207847323620494D55202B20424C45204342
S3150803AA30454E5452414C202B2050524553535552A0
S3150803AA4045205249534B204D4C0D00455350333244
S3150803AA50207461726765743A2025730D0A005B4298
S3150803AA605554544F4E5D2042544E302069676E6FDD
S3150803AA7072656420696E207374616E6462793B2023
S3150803AA8070726573732042544E3120746F20776158
S3150803AA906B650D005B43414C5D2043454E5445525F
S3150803AAA02073617665642E20486F6C64204C454696
S3150803AAB05420616E642070726573732042544E305D
S3150803AAC00D005B43414C5D204C454654207361762B
S3150803AAD065642E20486F6C642052494748542061A8
S3150803AAE06E642070726573732042544E300D000DE8
S3150803AAF00A5B43414C5D20434F4D504C4554450D2D
S3150803AB00005B424C455D205374617274696E67201D
S3150803AB107363616E20666F722025730D0A004254B3
S3150803AB204E31000D0A5B504F5745525D2053544131
S3150803AB304E4442593A2025730D0A005B54494D4544
S3150803AB40525D2053746F702072657475726E6564F6
S3150803AB503A2030782530386C780D0A005B504F5709
S3150803AB6045525D20494D552C2073616D706C6520E7
S3150803AB7074696D65722C20424C45207363616E2F90
S3150803AB80636F6E6E656374696F6E20616E642052BF
S3150803AB90474220617265204F46460D005B504F576A
S3150803ABA045525D2050726573732042544E312074AA
S3150803ABB06F2077616B650D005B494D555D205265C6
S3150803ABC0747279696E6720696E697469616C697AEA
S3150803ABD06174696F6E0D005B494D555D2052656161
S3150803ABE064206661696C65643A2030782530386C70
S3150803ABF07820636F756E743D256C750D0A005B507E
S3150803AC004F534954494F4E5D202573202D3E202529
S3150803AC1073207C2070726576696F75733D256C7534
S3150803AC20206D730D0A005B4653525D20526573709F
S3150803AC306F6E73652074696D656F757420616674CC
S3150803AC406572202575207365636F6E64733B207286
S3150803AC5065747279207363686564756C65640D0A37
S3150803AC60005249534B5F574149542C25732C256C85
S3150803AC70752C25750D0A007365727669636520550B
S3150803AC8055494400646576696365206E616D6500A0
S3150803AC905B424C455D20537461636B20626F6F742E
S3150803ACA0656420696E2063656E7472616C2F636CCC
S3150803ACB069656E74206D6F64650D005B424C455D76
S3150803ACC02044656661756C74203330206D73206388
S3150803ACD06F6E6E656374696F6E20706172616D6500
S3150803ACE0746572733A2030782530386C780D0A000B
S3150803ACF05B4D4C5D20496E697469616C697A696E4E
S3150803AD00672070726573737572655F7269736B5FBB
S3150803AD106D6C702E2E2E0D005B4D4C5D20496E69B1
S3150803AD207469616C697A6174696F6E206661696CAE
S3150803AD3065643A2030782530386C780D0A005B4D07
S3150803AD404C5D204D6F64656C2072656164790D00F6
S3150803AD505B4D4C5D2050726564696374696F6E2040
S3150803AD6067617465203D202575207320756E696EAD
S3150803AD7074657272757074656420706F7374757216
S3150803AD80650D0A005B4D4C5D20416674657220674C
S3150803AD906174653A20667265736820465352202BA0
S3150803ADA020696E666572656E636520657665727978
S3150803ADB020257520730D0A005B43414C5D204669C7
S3150803ADC0742074686520626F61726420696E2066F8
S3150803ADD0696E616C2062656C74206F7269656E7446
S3150803ADE06174696F6E0D005B43414C5D20486F6C5F
S3150803ADF0642043454E54455220616E642070726543
S3150803AE0073732042544E300D005B424C455D205609
S3150803AE106974616C53656E736520455350333220EC
S3150803AE206164766572746973656D656E7420666FA1
S3150803AE30756E6420282573290D0A005B424C455D0F
S3150803AE4020436F6E6E656374696F6E206F70656EEF
S3150803AE50696E672E2048616E646C653D25750D0A1B
S3150803AE60005B424C455D20436F6E6E656374696F84
S3150803AE706E206F70656E206661696C65643A203072
S3150803AE80782530386C780D0A005B424C455D2043C3
S3150803AE906F6E6E656374656420746F204553503313
S3150803AEA0322E2048616E646C653D25750D0A005B7C
S3150803AEB0424C455D20536572766963652064697300
S3150803AEC0636F76657279207374617274206661693B
S3150803AED06C65643A2030782530386C780D0A005B47
S3150803AEE0424C455D204741545420646973636F7629
S3150803AEF06572792F7365747570206661696C65640C
S3150803AF003A2030782530386C782073746174653D3F
S3150803AF1025750D0A005B424C455D20566974616CC4
S3150803AF2053656E73652073657276696365206E6F04
S3150803AF307420666F756E640D005B424C455D205246
S3150803AF4058206368617261637465726973746963AF
S3150803AF5020646973636F766572792073746172749A
S3150803AF60206661696C65643A2030782530386C78D8
S3150803AF700D0A005B424C455D20566974616C536546
S3150803AF806E736520525820636861726163746572D3
S3150803AF906973746963206E6F7420666F756E640DCA
S3150803AFA0005B424C455D20545820636861726163B7
S3150803AFB0746572697374696320646973636F76650C
S3150803AFC07279207374617274206661696C65643A78
S3150803AFD02030782530386C780D0A005B424C455D85
S3150803AFE020566974616C53656E73652054582063E3
S3150803AFF068617261637465726973746963206E6FDD
S3150803B0007420666F756E640D005B424C455D205473
S3150803B01058206E6F74696669636174696F6E20651B
S3150803B0206E61626C65207374617274206661696C03
S3150803B03065643A2030782530386C780D0A005B420F
S3150803B0404C455D20566974616C53656E7365206C57
S3150803B050696E6B2052454144590D005B424C455D70
S3150803B0602052582F545820646973636F7665726546
S3150803B070643B205458206E6F74696669636174690A
S3150803B0806F6E7320656E61626C65640D005B424C7E
S3150803B090455D2052756E74696D6520474154542089
S3150803B0A07772697465206661696C65643A203078DD
S3150803B0B02530386C78206F703D25750D0A005B4284
S3150803B0C04C455D205269736B207061636B65742010
S3150803B0D073656E7420626F64793D25752072697392
S3150803B0E06B3D257520666C61673D25750D0A005B0A
S3150803B0F0424C455D20466F75722D626F6479204D0B
S3150803B1004C207269736B2075706461746520636F74
S3150803B1106D706C6574650D005B424C455D20537418
S3150803B120617465207570646174652073656E742037
S3150803B1307C20706F736974696F6E3D25732064751F
S3150803B140726174696F6E3D256C75207269736B56EF
S3150803B150616C69643D25750D0A005B4653525D2093
S3150803B160556E6578706563746564206E6F74696679
S3150803B17069636174696F6E2069676E6F7265640DC2
S3150803B180005B4653525D20496E76616C6964207094
S3150803B19061636B6574206C656E6774683A20257500
S3150803B1A02065787065637465643D25750D0A005BD3
S3150803B1B04653525D20496E76616C69642068656101
S3150803B1C06465723A202530325820253032580D0AE4
S3150803B1D000465352382C25732C256C752C25752C53
S3150803B1E025752C25752C25752C25752C25752C254B
S3150803B1F0752C25750D0A00504C415445532C25735F
S3150803B2002C256C752C25752C25752C25752C2575E3
S3150803B2100D0A005B4D4C5D20507265646963746961
S3150803B2206F6E20736B69707065643A206D6F646521
S3150803B2306C206973206E6F742072656164790D00E2
S3150803B2405B4D4C5D205374616C65204653522073E5
S3150803B2506E617073686F742069676E6F72656420B8
S3150803B2606265636175736520706F737475726520A3
S3150803B2706368616E6765640D005B4D4C5D204653DC
S3150803B2805220736E617073686F742069676E6F728C
S3150803B290656420626563617573652064757261749C
S3150803B2A0696F6E2064726F707065642062656C6F77
S3150803B2B077207468726573686F6C640D005B4D4C18
S3150803B2C05D2050726564696374696F6E206661698F
S3150803B2D06C65643A2030782530386C780D0A00524C
S3150803B2E049534B2C25732C256C752C25752C2575E4
S3150803B2F02C25752C25752C256C752E2530326C75E9
S3150803B3002C256C752E2530326C752C256C752E25DF
S3150803B31030326C752C256C752E2530326C752C25C0
S3150803B320732C256C752E2530326C752C25730D0AF6
S3150803B330005B424C455D20455350333220646973A4
S3150803B340636F6E6E65637465642E20726561736FD1
S3150803B3506E3D3078253034780D0A0073775F726551
S3150803B360660054464C4D20736F6674776172652088
S3150803B3707265666572656E6365206B65726E656C6C
S3150803B3807320286E6F206F7074696D697A617469AA
S3150803B3906F6E2900696E646578203C206E5F6D6563
S3150803B3A06D6F72795F726567696F6E7328290063BB
S3150803B3B06F6E7374206E70755F746F6F6C6B6974E0
S3150803B3C03A3A436F6D70696C65644D6F64656C4D8D
S3150803B3D0656D6F7279526567696F6E2A206E70752F
S3150803B3E05F746F6F6C6B69743A3A436F6D70696C0F
S3150803B3F065644D656D6F7279506C616E3A3A6D6529
S3150803B4006D6F72795F726567696F6E28696E7429E5
S3150803B41020636F6E737400433A2F55736572732FE7
S3150803B4204B494954303030312F53696D706C696319
S3150803B43069747953747564696F2F76365F776F729B
S3150803B4406B73706163652F62745F696D755F6D6F8A
S3150803B45064652F6175746F67656E2F6D6C2F636FE7
S3150803B4606D70696C65645F6D6F64656C2F636F6D72
S3150803B47070696C65645F6D656D6F72795F706C6119
S3150803B4806E5F696E746572666163652E68707000B7
S3150803B49069203C2073697A65282900666C617462A1
S3150803B4A07566666572733A3A566563746F723C5489
S3150803B4B02C2053697A65543E3A3A72657475726EEE
S3150803B4C05F7479706520666C617462756666657209
S3150803B4D0733A3A566563746F723C542C2053697AEF
S3150803B4E065543E3A3A4765742853697A6554292060
S3150803B4F0636F6E7374205B776974682054203D20EC
S3150803B500666C6174627566666572733A3A4F666607
S3150803B5107365743C74666C6974653A3A54656E73FC
S3150803B5206F723E3B2053697A6554203D206C6F6EDB
S3150803B5306720756E7369676E656420696E743B2050
S3150803B54072657475726E5F74797065203D20636FDA
S3150803B5506E73742074666C6974653A3A54656E73CF
S3150803B5606F722A5D00433A2F55736572732F4B49E1
S3150803B5704954303030312F53696D706C696369747F
S3150803B5807953747564696F2F76365F776F726B7349
S3150803B590706163652F62745F696D755F6D6F64654E
S3150803B5A02F6175746F67656E2F6D6C2F746869727A
S3150803B5B0645F70617274792F666C6174627566660E
S3150803B5C06572732F766563746F722E687070006187
S3150803B5D06C6C6F775F6E756C6C207C7C205F616C1E
S3150803B5E06C6F6361746F7220213D206E756C6C708D
S3150803B5F074720074666C6974653A3A4D6963726F5E
S3150803B600416C6C6F6361746F722A206E70755F7418
S3150803B6106F6F6C6B69743A3A54666C6974654D69F5
S3150803B62063726F4D6F64656C3A3A616C6C6F6361F4
S3150803B630746F7228626F6F6C2920636F6E73740060
S3150803B640433A2F55736572732F4B4949543030303B
S3150803B650312F53696D706C696369747953747564B2
S3150803B660696F2F76365F776F726B73706163652FB9
S3150803B67062745F696D755F6D6F64652F6175746F4D
S3150803B68067656E2F6D6C2F74666C6974655F6D697B
S3150803B69063726F5F6D6F64656C2F74666C6974652E
S3150803B6A05F6D6963726F5F6D6F64656C2E636300AC
S3150803B6B05F666C617462756666657220213D206EED
S3150803B6C0756C6C70747200636F6E73742074666C39
S3150803B6D06974653A3A4D6F64656C2A206E70755FB6
S3150803B6E0746F6F6C6B69743A3A54666C6974654D1A
S3150803B6F06963726F4D6F64656C3A3A666C6174621E
S3150803B70075666665725F6D6F64656C282920636F5D
S3150803B7106E7374005F696E746572707265746572B0
S3150803B72020213D206E756C6C7074720074666C69AA
S3150803B73074653A3A4D6963726F496E7465727072CD
S3150803B740657465722A206E70755F746F6F6C6B69AA
S3150803B750743A3A54666C6974654D6963726F4D6FD2
S3150803B76064656C3A3A696E7465727072657465726B
S3150803B770282920636F6E7374005F6F70735F726539
S3150803B780736F6C76657220213D206E756C6C7074D0
S3150803B7907200636F6E73742074666C6974653A3AE3
S3150803B7A04D6963726F4F705265736F6C7665722A53
S3150803B7B0206E70755F746F6F6C6B69743A3A546672
S3150803B7C06C6974654D6963726F4D6F64656C3A3A5B
S3150803B7D06F70735F7265736F6C7665722829206361
S3150803B7E06F6E737400666C617462756666657273F0
S3150803B7F03A3A566563746F723C542C2053697A65DA
S3150803B800543E3A3A72657475726E5F747970652040
S3150803B810666C6174627566666572733A3A566563F1
S3150803B820746F723C542C2053697A65543E3A3A47EE
S3150803B83065742853697A65542920636F6E73742077
S3150803B8405B776974682054203D20666C6174627561
S3150803B85066666572733A3A4F66667365743C7466D0
S3150803B8606C6974653A3A53756247726170683E3B10
S3150803B8702053697A6554203D206C6F6E6720756E78
S3150803B8807369676E656420696E743B2072657475A7
S3150803B890726E5F74797065203D20636F6E737420D2
S3150803B8A074666C6974653A3A53756247726170686F
S3150803B8B02A5D006D6963726F5F636F6E7465787472
S3150803B8C020213D206E756C6C7074720076697274F3
S3150803B8D075616C20626F6F6C206E70755F746F6F25
S3150803B8E06C6B69743A3A54666C6974654D6963722C
S3150803B8F06F4D6F64656C436F6E746578743A3A6915
S3150803B9006E6974286E70755F746F6F6C6B69743AC1
S3150803B9103A54666C6974654D6963726F4D6F6465F5
S3150803B9206C2A2900433A2F55736572732F4B49497D
S3150803B93054303030312F53696D706C69636974798B
S3150803B94053747564696F2F76365F776F726B73708E
S3150803B9506163652F62745F696D755F6D6F64652FCB
S3150803B9606175746F67656E2F6D6C2F74666C697479
S3150803B970655F6D6963726F5F6D6F64656C2F74665F
S3150803B9806C6974655F6D6963726F5F6D6F64656C0F
S3150803B9905F636F6E746578742E6363007669727479
S3150803B9A075616C20766F6964206E70755F746F6F4E
S3150803B9B06C6B69743A3A54666C6974654D6963725B
S3150803B9C06F4D6F64656C436F6E746578743A3A6449
S3150803B9D065696E69742829005F6D6F64656C20213B
S3150803B9E03D206E756C6C707472006E70755F746F43
S3150803B9F06F6C6B69743A3A54666C6974654D69631E
S3150803BA00726F4D6F64656C2A206E70755F746F6F05
S3150803BA106C6B69743A3A54666C6974654D696372FA
S3150803BA206F4D6F64656C436F6E746578743A3A6DDF
S3150803BA306F64656C282920636F6E73740054666C93
S3150803BA406974654D6963726F4D6F64656C48656C9F
S3150803BA507065725F6765745F6163746976655F6352
S3150803BA606F6E746578742829203D3D206E756C6C5D
S3150803BA707074720073746174696320766F696420E5
S3150803BA806E70755F746F6F6C6B69743A3A54666C53
S3150803BA906974654D6963726F4D6F64656C48656C4F
S3150803BAA07065723A3A7365745F6163746976655F44
S3150803BAB0636F6E746578742854664C697465436F4E
S3150803BAC06E746578742A2900433A2F557365727321
S3150803BAD02F4B494954303030312F53696D706C6997
S3150803BAE06369747953747564696F2F76365F776FF4
S3150803BAF0726B73706163652F62745F696D755F6DD1
S3150803BB006F64652F6175746F67656E2F6D6C2F741F
S3150803BB10666C6974655F6D6963726F5F6D6F646583
S3150803BB206C2F74666C6974655F6D6963726F5F6D9C
S3150803BB306F64656C5F68656C7065722E636300730A
S3150803BB4074617469632054664C697465436F6E74D3
S3150803BB506578742A206E70755F746F6F6C6B697481
S3150803BB603A3A54666C6974654D6963726F4D6F64CE
S3150803BB70656C48656C7065723A3A6765745F6163AC
S3150803BB80746976655F636F6E7465787428626F6F20
S3150803BB906C2900737461746963206E70755F746FC2
S3150803BBA06F6C6B69743A3A54666C6974654D69636C
S3150803BBB0726F4D6F64656C436F6E746578742A2073
S3150803BBC06E70755F746F6F6C6B69743A3A54666C12
S3150803BBD06974654D6963726F4D6F64656C48656C0E
S3150803BBE07065723A3A74666C6974655F6D696372F7
S3150803BBF06F5F6D6F64656C5F636F6E7465787428C9
S3150803BC0054664C697465436F6E746578742A2900A3
S3150803BC10666C6174627566666572733A3A566563ED
S3150803BC20746F723C542C2053697A65543E3A3A72BF
S3150803BC30657475726E5F7479706520666C6174627B
S3150803BC407566666572733A3A566563746F723C54E1
S3150803BC502C2053697A65543E3A3A476574285369E2
S3150803BC607A65542920636F6E7374205B77697468E9
S3150803BC702054203D20666C6174627566666572732E
S3150803BC803A3A4F66667365743C74666C6974653ACA
S3150803BC903A4275666665723E3B2053697A65542057
S3150803BCA03D206C6F6E6720756E7369676E656420D9
S3150803BCB0696E743B2072657475726E5F747970650C
S3150803BCC0203D20636F6E73742074666C6974653ADD
S3150803BCD03A4275666665722A5D00556E6B6E6F77B6
S3150803BCE06E2074797065004E4F5459504500464C82
S3150803BCF04F415433320055494E5438005354524930
S3150803BD004E4700424F4F4C00434F4D504C45583613
S3150803BD103400464C4F4154363400434F4D504C453E
S3150803BD20583132380055494E543634005245534F2C
S3150803BD30555243450056415249414E540055494EC2
S3150803BD405433320055494E54313600494E54340063
S3150803BD5042464C4F4154313600494E543200212253
S3150803BD6054462D4C697465204D6963726F2061735F
S3150803BD7073657274696F6E206661696C6564220007
S3150803BD80696E7436345F742074666C6974653A3AFE
S3150803BD904E756D456C656D656E747328636F6E734A
S3150803BDA07420696E742A2C20696E742900433A2F0D
S3150803BDB055736572732F4B494954303030312F53BD
S3150803BDC0696D706C696369747953747564696F2FE7
S3150803BDD076365F776F726B73706163652F62745F14
S3150803BDE0696D755F6D6F64652F6175746F67656ED1
S3150803BDF02F6D6C2F74686972645F70617274792F22
S3150803BE0074666C6D2F6B65726E656C5F7574696CA1
S3150803BE102E6800666C6174627566666572733A3A73
S3150803BE20566563746F723C542C2053697A65543E85
S3150803BE303A3A72657475726E5F7479706520666CCA
S3150803BE406174627566666572733A3A566563746FAA
S3150803BE50723C542C2053697A65543E3A3A476574C2
S3150803BE602853697A65542920636F6E7374205B7748
S3150803BE706974682054203D206C6F6E6720696E7460
S3150803BE803B2053697A6554203D206C6F6E67207595
S3150803BE906E7369676E656420696E743B2072657498
S3150803BEA075726E5F74797065203D206C6F6E6720BE
S3150803BEB0696E745D00666C61746275666665727335
S3150803BEC03A3A566563746F723C542C2053697A6503
S3150803BED0543E3A3A72657475726E5F74797065206A
S3150803BEE0666C6174627566666572733A3A5665631B
S3150803BEF0746F723C542C2053697A65543E3A3A4718
S3150803BF0065742853697A65542920636F6E737420A0
S3150803BF105B776974682054203D20666C617462758A
S3150803BF2066666572733A3A4F66667365743C7466F9
S3150803BF306C6974653A3A4F70657261746F723E3B09
S3150803BF402053697A6554203D206C6F6E6720756EA1
S3150803BF507369676E656420696E743B2072657475D0
S3150803BF60726E5F74797065203D20636F6E737420FB
S3150803BF7074666C6974653A3A4F70657261746F7268
S3150803BF802A5D00666C6174627566666572733A3A11
S3150803BF90566563746F723C542C2053697A65543E14
S3150803BFA03A3A72657475726E5F7479706520666C59
S3150803BFB06174627566666572733A3A566563746F39
S3150803BFC0723C542C2053697A65543E3A3A47657451
S3150803BFD02853697A65542920636F6E7374205B77D7
S3150803BFE06974682054203D20666C617462756666C0
S3150803BFF06572733A3A4F66667365743C74666C6920
S3150803C00074653A3A4F70657261746F72436F64650B
S3150803C0103E3B2053697A6554203D206C6F6E67203A
S3150803C020756E7369676E656420696E743B20726505
S3150803C0307475726E5F74797065203D20636F6E73D5
S3150803C040742074666C6974653A3A4F7065726174E4
S3150803C0506F72436F64652A5D00666C617462756608
S3150803C060666572733A3A566563746F723C542C204C
S3150803C07053697A65543E3A3A72657475726E5F749B
S3150803C08079706520666C6174627566666572733A63
S3150803C0903A566563746F723C542C2053697A655417
S3150803C0A03E3A3A4765742853697A65542920636F7B
S3150803C0B06E7374205B776974682054203D206C6F17
S3150803C0C06E67206C6F6E6720696E743B2053697ABE
S3150803C0D06554203D206C6F6E6720756E7369676EB5
S3150803C0E0656420696E743B2072657475726E5F743D
S3150803C0F0797065203D206C6F6E67206C6F6E6720C4
S3150803C100696E745D0076636F6D00554E4B4E4F57DF
S3150803C1104E004C4F57004D454449554D0048494735
S3150803C1204800484541440053484F554C44455253EB
S3150803C1300048495053004845454C53002F766172D1
S3150803C1402F6C69622F6A656E6B696E732F676974E4
S3150803C1506875622F62676170695F70726F746F6367
S3150803C1606F6C2F70726F746F636F6C2F6576656E65
S3150803C170742F7372632F736C695F62676170695F8B
S3150803C1806576656E742E630062676275665F696EAF
S3150803C1900062676275665F6F7574006267627566CB
S3150803C1A05F6E6F666C6F77006267627566006163C0
S3150803C1B06C006C6C5F636F6E6E656374696F6E009B
S3150803C1C06C6C5F6164765F736574006C6C5F766133
S3150803C1D06C696461746F720062675F6D657373611E
S3150803C1E0676500736F66745F74696D65725F6D6505
S3150803C1F07373616765006C6C5F6164765F73796EF0
S3150803C20063006C6C5F7363616E5F73796E6300675B
S3150803C21061705F706572696F6469635F61647600F4
S3150803C2206761705F706572696F6469635F73796E5E
S3150803C23063006C326361705F636F635F6368616E2B
S3150803C2406E656C006D626564746C735F636F6E74A0
S3150803C25065787400131510801A801280800006060C
S3150803C260010203120100E69D350E480103CCDBFDEE
S3150803C270F4AC1191F4EFB9A5F9E9A7832C5E2CBEAA
S3150803C28097F2D203B020008BD28915D08E1C742462
S3150803C29030ED8FC24563765C15525ABF9A32636D89
S3150803C2A0EB2A65499C80DC002C2066756E637469ED
S3150803C2B06F6E3A2000617373657274696F6E20221C
S3150803C2C0257322206661696C65643A2066696C6524
S3150803C2D020222573222C206C696E6520256425731C
S3150803C2E025730A00232D302B2000686C4C006566E5
S3150803C2F067454647003031323334353637383941A6
S3150803C30042434445460030313233343536373839BB
S3150803C3106162636465660000000000000120000096
S3150803C32000200000FFFFFFFF00000000FFFFFFFFE4
S3150803C330FFFFFFFFBCE6FAADA7179E84F3B9CAC28F
S3150803C340FC632551012600000400000000000000DC
S3150803C35000010000000000000B0000000C000000B4
S3150803C3600300000000002020000000000300000076
S3150803C3703C3C3C00000000000000000000000000F8
S3150803C3800103100101090300810000008000000079
S3150803C3900800000007000000060000000500000072
S3150803C3A0040000001E0000001B0000001600000029
S3150803C3B001000000000000001A00000057000000FA
S3150803C3C00000045001000000B4C303080000000085
S3150803C3D000000000080800000000065008000000DE
S3150803C3E088C3030848C5030844C5030840C50308AA
S3150803C3F03CC5030800000000000000000000000020
S3150803C4000000000000C00550080000008CC30308A4
S3150803C41058C5030854C5030850C503084CC5030883
S3150803C42000000000000000000000000000000000FB
S3150803C430008005500800000090C3030868C5030878
S3150803C44064C5030860C503085CC50308000000004B
S3150803C4500000000000000000000000000040055036
S3150803C4600800000094C3030878C5030874C50308C5
S3150803C47070C503086CC5030800000000000000002F
S3150803C480000000000000000000000550080000003E
S3150803C49098C3030888C5030884C5030880C5030829
S3150803C4A07CC503080000000000000000000000002F
S3150803C4B00000000000C00450080000009CC30308E5
S3150803C4C098C5030894C5030890C503088CC50308D3
S3150803C4D0000000000000000000000000000000004B
S3150803C4E00080045008000000A0C30308A8C5030879
S3150803C4F0A4C50308A0C503089CC5030800000000DB
S3150803C50000000000000000000000000000C00A5000
S3150803C51013000000A4C3030800C008500A00000063
S3150803C520BCC3030838C5030834C50308020004005E
S3150803C53000000400010010000000100003001800AA
S3150803C5400200180001001800000018000300170075
S3150803C55002001700010017000000170003000E0071
S3150803C56002000E0001000E0000000E0003000D007D
S3150803C57002000D0001000D0000000D0003000C0071
S3150803C58002000C0001000C0000000C00030003006D
S3150803C5900200030001000300000003000300020079
S3150803C5A0020002000100020000000200639F030864
S3150803C5B05D9F0308579F0308519F03084B9F030872
S3150803C5C0459F03083F9F0308399F0308010410008A
S3150803C5D0C4D103080000000048C60308030000008E
S3150803C5E000000000C0175302C4D10308000000006E
S3150803C5F0B4C603080300000000000000C017530276
S3150803C600C4D103080000000020C703080300000084
S3150803C61000000000C0175302C4D10308000000003D
S3150803C6208CC703080300000000000000C01753026C
S3150803C630C4D1030800000000F8C70308030000007C
S3150803C64000000000C017530264C80308809C2B8FA0
S3150803C65080841E00000000002500FF7FF8370020B5
S3150803C6600000000038D603080000000064C8030869
S3150803C670809C2B8F80841E00000026002600B700AE
S3150803C680F83700200000000038D603080000000031
S3150803C69064C80308809C2B8F80841E000000270033
S3150803C6A027008C00F83700200000000038D603085E
S3150803C6B00000000044CA0308809C2B8F80841E0058
S3150803C6C0000000002500FF7FF83700200000000067
S3150803C6D03CD603080000000044CA0308809C2B8F3D
S3150803C6E080841E00000026002600B700F8370020C5
S3150803C6F0000000003CD603080000000044CA0308F3
S3150803C700809C2B8F80841E000000270027008C0046
S3150803C710F8370020000000003CD60308000000009C
S3150803C72024CC0308809C2B8F80841E000000000005
S3150803C7302500FF7FF83700200000000040D60308D5
S3150803C7400000000024CC0308809C2B8F80841E00E5
S3150803C750000026002600B700F83700200000000076
S3150803C76040D603080000000024CC0308809C2B8FC6
S3150803C77080841E000000270027008C00F83700205D
S3150803C7800000000040D603080000000004CE03089A
S3150803C790809C2B8F80841E00000000002500FF7FED
S3150803C7A0003800200000000044D6030800000000FB
S3150803C7B004CE0308809C2B8F80841E00000026006D
S3150803C7C02600A000003800200000000044D6030815
S3150803C7D00000000004CE0308809C2B8F80841E0073
S3150803C7E0000027002700FF7F003800200000000014
S3150803C7F044D6030800000000E4CF0308809C2B8F6F
S3150803C80080841E00000000002500FF7F00380020FA
S3150803C8100000000048D6030800000000E4CF030820
S3150803C820809C2B8F80841E00000026002600B700FC
S3150803C830003800200000000048D603080000000066
S3150803C840E4CF0308809C2B8F80841E0000002700FA
S3150803C85027008C00003800200000000048D6030893
S3150803C86000000000FC4F010394D4030810400100A4
S3150803C870004100003C400100000000004840010060
S3150803C8802007000350400100000000005C4001003F
S3150803C8900D0F000008410100FF4C000054C00700BB
S3150803C8A0511130000E000DE62A000000080B0C0D8E
S3150803C8B00D000000D1B60200E00400004040070165
S3150803C8C0000020700000A0111000000000000046C0
S3150803C8D01FC081000000002000800000644005019D
S3150803C8E000000000B904F80040080000100000002A
S3150803C8F09100040088400F01B7031200000000608E
S3150803C900000000000002050D1C2F4253626968608F
S3150803C91053402E1F110A08080808070605040303CF
S3150803C92002020201010101010000000000000000EB
S3150803C930000000001C41010100302C8C384107011E
S3150803C940BC200BF049C05100055BA0408E6E829453
S3150803C9502182485209084000C00D00805C4101014C
S3150803C960FFDD0000684107014CD4E83B04190D506C
S3150803C970080E141A20262C32383E10325476980A9A
S3150803C9801D0040B4D041030100000000D0000000A0
S3150803C99004001200E041130100000080E2CFDD2C01
S3150803C9A07EB63A00600919005122E2004CB9510ECD
S3150803C9B03982A904D8229B29E2CFDD2C7EB63A0018
S3150803C9C0600919005122E2004CB9510E3982A904B3
S3150803C9D0D8229B2900000000000000004400000044
S3150803C9E03C3C3C3C4C4201010800030468420101FB
S3150803C9F00000000038800101F1471000A080020101
S3150803CA0070380300D0000000A8800111F00100006F
S3150803CA10A8800131055AFD01AC800111F00100001F
S3150803CA20AC800131053EFD00EC000112E00F000069
S3150803CA30EC0001320C2051118401010200000000B0
S3150803CA40FFFFFFFFFC4F0103E8D403081040010072
S3150803CA50004100003C40010010000000484001006E
S3150803CA602017000350400100010400005C40010048
S3150803CA700D0F00000841010003C0010054C0070060
S3150803CA80511130000E000DE62A000000080B0C0DAC
S3150803CA900D000000D1B602008005000040400701E2
S3150803CAA0000020700000A0111000000030000046AE
S3150803CAB01FC8810000200030008000006440050183
S3150803CAC000000000B904F800400800001000000048
S3150803CAD092000A0088400F01B703120000000060A5
S3150803CAE0000000000002050D1C2F425362696860AE
S3150803CAF053402E1F110A08080808070605040303EE
S3150803CB000202020101010101000000000000000009
S3150803CB10000000001C41010100302C8C384107013C
S3150803CB20BC200AF049C0510001000040B75635122F
S3150803CB300078085009084000C00300805C410101E1
S3150803CB4000000000684107014CD4E83B04190D7046
S3150803CB500A10161C22282E343A4010325476980AA4
S3150803CB601D6980A4D041030100000000D000000025
S3150803CB7000000200E041130100000000E2CFDD2CB3
S3150803CB807EB63A00600919005122E2004CB9510EEB
S3150803CB903982A904D8229B29E2CFDD2C7EB63A0036
S3150803CBA0600919005122E2004CB9510E3982A904D1
S3150803CBB0D8229B2900000000000000004400000062
S3150803CBC03C3C3C3C4C42010108000004684201011C
S3150803CBD00000000038800101F1471000A08002011F
S3150803CBE070380300D0000000A8800111F00100008E
S3150803CBF0A8800131055AFD01AC800111F00100003E
S3150803CC00AC800131053EFD00EC000112E00F000087
S3150803CC10EC0001320C2051118401010200000000CE
S3150803CC20FFFFFFFFFC4F01033CD50308104001003B
S3150803CC30004100003C40010010000000484001008C
S3150803CC402007000350400100000400005C40010077
S3150803CC500D0F00000841010003C0010054C007007E
S3150803CC60511130000E000DE62A000000080B0C0DCA
S3150803CC700D000000D1B60200800500004040070100
S3150803CC80000020700000A0111000000030000046CC
S3150803CC901FC88100002000300080000064400501A1
S3150803CCA000000000B904F800400800001000000066
S3150803CCB092000A0088400F01B703120000000060C3
S3150803CCC0000000000002050D1C2F425362696860CC
S3150803CCD053402E1F110A080808080706050403030C
S3150803CCE00202020101010101000000000000000028
S3150803CCF0000000001C41010100302C8C384107015B
S3150803CD00BC200AF049C0510001000040B75635124D
S3150803CD100078085009084000C00300805C410101FF
S3150803CD2000000000684107014CD4E83B04190D7064
S3150803CD30080E141A20262C32383E10325476980AD6
S3150803CD401D6940B4D041030100000000D000000073
S3150803CD5000000200E041130100000000E2CFDD2CD1
S3150803CD607EB63A00600919005122E2004CB9510E09
S3150803CD703982A904D8229B29E2CFDD2C7EB63A0054
S3150803CD80600919005122E2004CB9510E3982A904EF
S3150803CD90D8229B2900000000000000004400000080
S3150803CDA03C3C3C3C4C42010108000004684201013A
S3150803CDB00000000038800101F1471000A08002013D
S3150803CDC070380300D0000000A8800111F0010000AC
S3150803CDD0A8800131055AFD01AC800111F00100005C
S3150803CDE0AC800131053EFD00EC000112E00F0000A6
S3150803CDF0EC0001320C2051118401010200000000ED
S3150803CE00FFFFFFFFFC4F010390D503081040010005
S3150803CE10014100003C4001000000000048400100B9
S3150803CE20A007000350400100000000005C40010019
S3150803CE300000000008410100FF4C000054C0070031
S3150803CE40512130000E000DE62A00000004050607EE
S3150803CE5008000000D1B60200600500004040070143
S3150803CE60000050510000A0211000000000000086B9
S3150803CE701FC0810000000020000000006440050177
S3150803CE80000000404902F0004008000002000000CC
S3150803CE909200080088400F01DA032A00000000E028
S3150803CEA0000000000102071121374B5A67696254D3
S3150803CEB040291505000000000102030404040303C6
S3150803CEC00303030202020202020101010000000039
S3150803CED0000000001C41010100B0B18C3841070174
S3150803CEE0BC200AF0B6555200055B98408E6E8294B4
S3150803CEF0233C4852893B4000C00300805C41010142
S3150803CF00FFDD000068410701E853FA00000000400E
S3150803CF100000000000000000000000000000000000
S3150803CF2000000000D04103010000AAAAD0000000B7
S3150803CF3004001200E041130100000000FFAB000AE1
S3150803CF405CF10F00D341020095EDB100197BD80FB0
S3150803CF501208B904EA1B6D1FC9B7C20A0B203B00A6
S3150803CF60430600005962F300727E9600A73D190036
S3150803CF70D022F13B000000A00000000040000000A2
S3150803CF80000000004C420101080003046842010145
S3150803CF900100000038800101F1471000A08002015A
S3150803CFA070780300D5C00000A8800111F0010000C5
S3150803CFB0A88001310542CB01AC800111F0010000C4
S3150803CFC0AC80013105228D00EC000112E00F000050
S3150803CFD0EC0001320C20511184010102000000000B
S3150803CFE0FFFFFFFFFC4F0103E4D5030810400100D0
S3150803CFF0014100003C4001000000000048400100D8
S3150803D000A007000350400100000000005C40010037
S3150803D0100000000008410100FF4C000054C007004F
S3150803D020511130000E0009E62D000000040506071D
S3150803D03008000000D1B6020064350000404007012D
S3150803D040000050510000A0111000000000000086E7
S3150803D0501FC0810000000020000000006440050195
S3150803D06000000040B904F800400800000200000070
S3150803D0709200040088400F01B7033B00000000E05C
S3150803D080000000000002050D1C2F42536269686008
S3150803D09053402E1F110A0808080807060504030348
S3150803D0A00202020101010101000000000000000064
S3150803D0B0000000001C4101010060B18C38410701E2
S3150803D0C0BC200AF0F6625200055B98408E6E829485
S3150803D0D01C784852893B4000C00300805C4101012B
S3150803D0E0FFDD000068410701E853FA00000000402D
S3150803D0F0000000000000000000000000000000001F
S3150803D10000000000D0410301000000AAD00000007F
S3150803D11004001200E041130100000000FFAB000AFF
S3150803D1205CF10F00D341020095EDB100197BD80FCE
S3150803D1301208B904EA1B6D1FC9B7C20A0B203B00C4
S3150803D140430600005962F300727E9600A73D190054
S3150803D150D022F13B000000A00000000038000000C8
S3150803D160000000004C420101080003046842010163
S3150803D1700100000038800101C2241000A0800201CA
S3150803D18070780300D0000000A8800111F0010000A8
S3150803D190A88001310542CB01AC800111F0010000E2
S3150803D1A0AC800131053EFD00EC000112E00F0000E2
S3150803D1B0EC0001320C2051518401010200100000D9
S3150803D1C0FFFFFFFF0C400100018101002040020020
S3150803D1D000000000010000003040030000000000CA
S3150803D1E000000000000000004040020000000000AC
S3150803D1F0004000006040010001010000A840010052
S3150803D20007000000BC400400000000000000000006
S3150803D21000000000000000000C410300FF4C000062
S3150803D220FF4D0000FF4D000020C0011000F8070065
S3150803D23020C00130F502280124C00110FF000000B8
S3150803D24024C001300013000028C00800EC80B30393
S3150803D25043754051A00F00F800400000A8AA070034
S3150803D26000000000000000000000000070C0090074
S3150803D270BA10000000042000041880000B3C2001AB
S3150803D280187C10022FFCE0067F0000000000000057
S3150803D29000000000A8C00500BD4B721511A31805B0
S3150803D2A010325476980A000000000000CCC004002F
S3150803D2B0010000000000000001000A000100280028
S3150803D2C0080001010807000018000101AAAAAA001C
S3150803D2D0200001010060DA005C400201000000033F
S3150803D2E000000020784004012941767100000000FF
S3150803D2F08C000C0000000000C4400401000000007C
S3150803D300000000000000000000000000E0400101EA
S3150803D3100002000010410201331E05000000000050
S3150803D3202041020100000000FF0483072C4103018A
S3150803D330FF06660CFF0483078813FF0358410101A0
S3150803D34000000000644101010C010000844105014D
S3150803D35001010000000000000000000000000000BA
S3150803D36000000000A44102010000000000000000C4
S3150803D370B04102010000000058923EC0BC410301BF
S3150803D3800000000000003C00699006002C420301DF
S3150803D3906018004000000000000000003C42010144
S3150803D3A0000000004442010114000000804202010B
S3150803D3B00000000081000000984205013F000002BA
S3150803D3C0FFFF0000FFFF0000FF030000FFFF000050
S3150803D3D0B44201010000000030430A014000200165
S3150803D3E0A0000000085000011F1F1F1F1F1F1F1B3F
S3150803D3F018151311100E0D0C45C1872F00000000D8
S3150803D4000000000010800101030000003C800101B8
S3150803D41001000000B080020100030002370000018A
S3150803D4209C000102000C0004D8000302050040AA70
S3150803D43088010000C0000000F00001022B01000073
S3150803D4401001011200FF0F00100101320200003122
S3150803D4505001011200C0010050010132C100A200AF
S3150803D4607401010269F11B0C7801011200001C000A
S3150803D470780101321004E0CF800101127907000018
S3150803D48080010132020000008801010250000000F9
S3150803D490FFFFFFFF140000001CC771000000000017
S3150803D4A0F4D60308A4D60308000000000000000011
S3150803D4B00051250240420F000108F600F147100209
S3150803D4C0000000004CD6030800000000000000001E
S3150803D4D0000000002A420F000000000000000000C0
S3150803D4E00000000000000000140000001CC77100C3
S3150803D4F000000000F4D60308B4D6030800000000B1
S3150803D500000000000051250240420F000102F60008
S3150803D510F1471002000000004CD603080000000083
S3150803D52000000000000000002A420F00000000006F
S3150803D53000000000000000000000000014000000C6
S3150803D5401CC7710000000000F4D60308C4D60308FC
S3150803D55000000000000000000051250240420F00B1
S3150803D5600108F600F1471002000000004CD6030834
S3150803D5700000000000000000000000002A420F001F
S3150803D580000000000000000000000000000000008A
S3150803D5901400000066666600000000000ED7030844
S3150803D5A0D4D6030800000000000000000048E80184
S3150803D5B080841E000101F800F147500200000000B4
S3150803D5C04CD603080000000000000000000000001D
S3150803D5D07C841E000000000000000000000000001C
S3150803D5E00000000014000000244992000000000017
S3150803D5F00ED70308E4D60308000000000000000065
S3150803D6000024F40040420F000101F800C22450032D
S3150803D610000000004CD603080000000000000000CC
S3150803D620000000002B420F0000000000000000006D
S3150803D63000000000000000000305000003040000CA
S3150803D6400303000003020000030A000002000000AF
S3150803D650C017530206140000802FA60405380000DD
S3150803D660A00800000000580901040706100A01046F
S3150803D6700707C80A00040807800B00040808380CC3
S3150803D680000409086108000000008A080000000079
S3150803D690C709010404032C0B01040404920C0104B6
S3150803D6A00504000050C30000E62D0000D007000063
S3150803D6B0D0070000E5BF0000282300006B03000025
S3150803D6C06B030000F5DA0200A41F000090010000B6
S3150803D6D09001000050C30000761600007701000091
S3150803D6E07701000050C30000F22B0000EE02000091
S3150803D6F0EE020000193F01060410010000010106AD
S3150803D70000102700000A0000000000000000193F6F
S3150803D7100106041001000001010600102700000C91
S3150803D7200000000000000000D0C50308E8C5030890
S3150803D73000C6030818C6030830C60308010000001C
S3150803D7400838002000000000000001000000000067
S3150803D75000000000000000000080000000800000B8
S3150803D76000800000008000000080000000800000A8
S3150803D7700080000000800000008000000080000098
S3150803D7800080000000800000018000000180000086
S3150803D7900180000001800000018000000280000073
S3150803D7A0028000000280000003800000048000005D
S3150803D7B00580000006800000088000000C80000039
S3150803D7C00F800000090000000A0000000C0000009A
S3150803D7D00E000000110000001300000016000000F0
S3150803D7E01B000000220000002D00000000107A3DF7
S3150803D7F04E8B1D9D4C4F8A5B03000A7A00107A3DB7
S3150803D8004E8B1D9D4C4F8A5B02000A7A00107A3DA7
S3150803D8104E8B1D9D4C4F8A5B01000A7A3CD8030840
S3150803D8201C001C003CDA03080E000E002CDA030861
S3150803D830010001000200FFFFFFFF000001000000D6
S3150803D8400108FFFF00000000FCD9030802000200DC
S3150803D8500108FFFF0500000020000A0003000A0074
S3150803D8600008FFFF01000000F039002004000D0046
S3150803D8700308FFFF03000000020000000500020082
S3150803D8800108FFFF0500000002000B0006000B005D
S3150803D8900108FFFF01000000FA3900200700020013
S3150803D8A00108FFFF050000000A000C0008000C0031
S3150803D8B00308FFFF01000000103A002009000000DA
S3150803D8C00108FFFF0000000000DA03080A0002004F
S3150803D8D00108FFFF050000000A0003000B00030010
S3150803D8E00308FFFF01000000183A00200C0002009D
S3150803D8F00108FFFF05000000020004000D000400F4
S3150803D9000108FFFF0000000004DA03080E00000008
S3150803D9100108FFFF0000000008DA03080F000200F1
S3150803D9200108FFFF050000000200050010000500BE
S3150803D9300108FFFF000000000CDA030811000200CB
S3150803D9400108FFFF0500000002000600120006009A
S3150803D9500108FFFF020000002C3A00201300020012
S3150803D9600108FFFF05000000020007001400070076
S3150803D9700108FFFF020000003C3A002015000200E0
S3150803D9800108FFFF05000000020008001600080052
S3150803D9900108FFFF02000000483A002017000200B2
S3150803D9A00108FFFF0500000002000900180009002E
S3150803D9B00108FFFF01000000563A00201900000085
S3150803D9C00108FFFF000000001ADA03081A00020024
S3150803D9D00108FFFF05000000120000801B000080FD
S3150803D9E00108FFFF01000000643A00201C000D0037
S3150803D9F00308FFFF030000000101000002000118ED
S3150803DA00020000180200000002000A180C005369FD
S3150803DA106C69636F6E204C6162731000525837C28B
S3150803DA2012DD78AFA54C87E54235CDE14F8A1EB5A1
S3150803DA30D33F67A51B46DFA2AEDCBDDE002801285F
S3150803DA400328002A012A292A242A272A262A232AB6
S3150803DA50052A2A2B292B02290000000000000000B2
S3150803DA60BDA70008C5A7000817A802081BA802082F
S3150803DA701DA8020800000000000000008DB9020876
S3150803DA80F3B9020833B7020871B7020879B702086F
S3150803DA9081B7020889B7020829B70208EDA7000863
S3150803DAA089A8020847B9020869BC0208E9B8020846
S3150803DAB091B7020817BC020861A800089FB70208B5
S3150803DAC035A80208736C5F6D656D6F72795F706C4C
S3150803DAD0616E5F7631000000000000000000000060
S3150803DAE0F9AB0208E7AA0208D7A902080000000052
S3150803DAF000000000D5AA000809AB00088BAC020891
S3150803DB00534C5F504152414D53763100000000009B
S3150803DB1000000000E7BC0308EEBC03083EBD03088B
S3150803DB20F6BC030826BD0308FCBC030803BD0308AB
S3150803DB3045BD030808BD0308F7BC030851BD030820
S3150803DB4012BD03081ABD030825BD03082CBD030827
S3150803DB5035BD03083DBD030844BD03084BBD030893
S3150803DB6050BD030859BD0308000000000200000069
S3150803DB7001000000000000000080AB825585FD8788
S3150803DB80A58A498DEB8F89922495B9974A9AD59C8C
S3150803DB905A9FD8A150A4C0A628A988ABDFAD2EB03A
S3150803DBA073B2AFB4E1B609B927BB3BBD44BF43C1A2
S3150803DBB037C320C5FEC6D1C899CA57CC09CEB1CF3B
S3150803DBC04DD1DFD266D4E3D555D7BDD81ADA6EDB85
S3150803DBD0B7DCF7DD2DDF59E07CE197E2A8E3B0E493
S3150803DBE0B0E5A8E698E77FE85FE937EA08EBD2EB02
S3150803DBF095EC51ED07EEB6EE5FEF01F09FF036F1C7
S3150803DC00C8F154F2DCF25EF3DCF355F4CAF43AF5E0
S3150803DC10A6F50EF672F6D2F62FF788F7DEF730F882
S3150803DC207FF8CBF815F95BF99FF9E0F91EFA5AFA6A
S3150803DC3094FACCFA01FB34FB65FB95FBC2FBEEFBBE
S3150803DC4018FC40FC66FC8CFCAFFCD1FCF2FC12FD14
S3150803DC5030FD4DFD69FD84FD9EFDB6FDCEFDE5FD5A
S3150803DC60FBFD0FFE24FE37FE49FE5BFE6CFE7DFEC2
S3150803DC708CFE9BFEAAFEB8FEC5FED2FEDEFEEAFEBB
S3150803DC80F5FE00FF0BFF15FF1EFF27FF30FF39FFC9
S3150803DC9041FF48FF50FF57FF5EFF65FF6BFF71FFAC
S3150803DCA077FF7CFF82FF87FF8CFF91FF95FF99FF24
S3150803DCB09EFFA2FFA5FFA9FFADFFB0FFB3FFB6FF07
S3150803DCC0B9FFBCFFBFFFC2FFC4FFC7FFC9FFCBFF36
S3150803DCD0CDFFD0FFD1FFD3FFD5FFD7FFD9FFDAFF9B
S3150803DCE0DCFFDDFFDFFFE0FFE1FFE3FFE4FFE5FF26
S3150803DCF0E6FFE7FFE8FFE9FFEAFFEBFFECFFEDFFCF
S3150803DD00EDFFEEFFEFFFF0FFF0FFF1FFF2FFF2FF8B
S3150803DD10F3FFF3FFF4FFF4FFF5FFF5FFF6FFF6FF56
S3150803DD20F6FFF7FFF7FFF8FFF8FFF8FFF9FFF9FF2C
S3150803DD30F9FFF9FFFAFFFAFFFAFFFAFFFBFFFBFF0A
S3150803DD40FBFFFBFFFBFFFCFFFCFFFCFFFCFFFCFFED
S3150803DD50FCFFFDFFFDFFFDFFFDFFFDFFFDFFFDFFD3
S3150803DD60FDFFFEFFFEFFFEFFFEFFFEFFFEFFFEFFBB
S3150803DD70FEFFFEFFFEFFFFFF00000000000000009D
S3150803DD804F66666C696E654D656D6F7279416C6C2D
S3150803DD906F636174696F6E00000000000000000085
S3150803DDA08DB90208F3B9020833B7020871B7020836
S3150803DDB079B7020881B7020889B7020829B70208A2
S3150803DDC027B7020827B7020847B9020869BC020839
S3150803DDD0E9B8020891B7020817BC02085DBA020837
S3150803DDE09FB7020819B702080000000000000000E8
S3150803DDF01DB7020825B702089DB702089DB7020892
S3150803DE00000000000000000000000000F5BD020845
S3150803DE10F5BD0208F7BD0208000000000000000077
S3150803DE2095C6000800000000000000008DC0020827
S3150803DE308DC002088FC0020807C1020897C00208EE
S3150803DE409FC00208BBC00208C3C00208CBC00208B1
S3150803DE50D3C00208E7C0020885C0020889C00208C1
S3150803DE60F7C0020803C1020877BD0208EDC002081D
S3150803DE70F3C00208000000000000000025C10208E4
S3150803DE8025C102083DC2020839C40208D9C30208DB
S3150803DE9053C4020809C40208C9C3020821C10208F7
S3150803DEA027C10208C3C202088DC10208E5C10208D8
S3150803DEB0B5C800080000000000000000CBC5020832
S3150803DEC0CBC50208BFC60208DFC50208EDC50208AE
S3150803DED0F1C502082DC6020883C60208CDC5020885
S3150803DEE009C602085DC602080DC602080FC702085E
S3150803DEF0EBC602081DC60208FCFFFFFF0000000070
S3150803DF0033C7020837C7020807C7020825C6020827
S3150803DF10050000000000000000C201000005000023
S3150803DF200010000000000000000000006C3A00200A
S3150803DF309D1B0008E57C02083D7D02084F7D02080B
S3150803DF40DF7C0208743A00209D1B0008E57C020862
S3150803DF503D7D02084F7D0208DF7C02089E3A0020B9
S3150803DF6045230008637E0208877E0208AB7E020803
S3150803DF70C57E020854380020F17E02081D7F020878
S3150803DF80397F0208557F0208617F0208657F020808
S3150803DF908B7F0208413034004252443236303841CE
S3150803DFA00031312E312E300012C1030816C1030881
S3150803DFB01DC1030822C1030827C1030831C1030889
S3150803DFC036C10308000000000000000075C90208F6
S3150803DFD03BC9020809C9020807C9020807C9020892
S3150803DFE000C0754500A079450050744500507B452F
S3150803DFF000F0424500105D4500F03B450060494589
S3150803E0001C00000054464C3300001200180014008C
S3150803E01010000C00000008000000040012000000B5
S3150803E02014000000740000002C070000040B000015
S3150803E0300300000002000000340000000400000092
S3150803E040DCFFFFFF010000000400000011000000D0
S3150803E050736C5F6D656D6F72795F706C616E5F76F9
S3150803E0603100000008000C00080004000800000046
S3150803E07002000000040000001900000072656475C0
S3150803E0806365645F707265636973696F6E5F7375E1
S3150803E09070706F727400000009000000B406000077
S3150803E0A0780600005406000034060000A4050000A4
S3150803E0B07405000064030000140300000400000054
S3150803E0C0AEF9FFFF0400000000030000F042E5BDBF
S3150803E0D013A44D3E6228F7BD9854813FF48C9D3EA8
S3150803E0E08537A13EDBE9963E1BD9EB3E8ECA1F3F19
S3150803E0F0B610D73D2D8C513FB42F2B3FF4A15E3E6E
S3150803E1009B313F3E273DCC3EEE5F27BFAE6A033FBA
S3150803E1106D618C3DD9B4C5BE1AAEDABDF3E309BF4A
S3150803E120CBD8BABD722AB0BFD20186BE285769BEFC
S3150803E130D68444BE1CF1A6BD7C9A6EBE155C01BD91
S3150803E140BEDDA8BEDDB94E3E424099BE7B5F273E83
S3150803E150A3B53F3D0BC21CBEAADF173E855B763EC1
S3150803E160A890013F29B3BE3EE7B714BE4867583E99
S3150803E170023B11BEF8C52B3F78A8373F426CDCBE7D
S3150803E180EA4A01BF2CB626BE5E4F9C3E5953D63C7F
S3150803E1904A1BB5BE562C61BE63705F3F0A018D3EAE
S3150803E1A087DD233F5F3D863EBC5F383F888EEF3E63
S3150803E1B0EC860D3F0342303FD8BD023F10433FBDB7
S3150803E1C04176A4BD271A35BCFE5D233F9A8500BE5A
S3150803E1D0AB065F3E10EB313F941782BEF48540BE13
S3150803E1E056806D3D8A2ACB3F2A2E51BF46EA6A3F9F
S3150803E1F0ECB5F53E3B6DB13EAE39BDBEC55688BCE2
S3150803E20077E387BEB1BCCB3E2E8B703FECA682BEAE
S3150803E210479366BF229298BD352B393F8D2EE53E2F
S3150803E220F41A393F7D10D63EE7BDD4BE9D5C5BBE6E
S3150803E230A70B613FFADE273F6C3169BE8CF2B6BE87
S3150803E240F718E63E3A3A0FBFF2A053BF1C56873E6D
S3150803E2500A7EC7BDAB97D1BD19038FBE814829BEB8
S3150803E26083AF933D0C121CBD069356BE51E2DD3BAC
S3150803E270D2EB49BEF4C97ABE18C722BE0FE38B3E5A
S3150803E280B382E43E8EBF013F58C9233E53D0C83EEE
S3150803E2906FC162BEF63996BE850C9E3E7A6DDABCB0
S3150803E2A0667200BE81212CBF452BDEBDB24E673E8A
S3150803E2B0B319A03EEBDF163E6FFD54BFA586D7BD47
S3150803E2C0750A8ABE30AD68BE8D5461BE086D1E3DA3
S3150803E2D062E4A5BFB6EA863E69BFA6BFBABC2DBF30
S3150803E2E044649B3EA886E83E52F23DBE7FAB2F3E72
S3150803E2F010F7DCBE5BC6B63D3529183FDE1C063F64
S3150803E300D20082BFB2CA7C3E9A63C13E3BDF083E57
S3150803E310DA46EA3D7F92D83E6FFA063EA3A13C3F12
S3150803E3206F90F2BDBAADF43EFC4C583EEA29023F63
S3150803E3305DF347BF64B0F83E4FCCE6BE83D5BB3E1C
S3150803E3400C1B873EA284E03D1B311ABD2EE2393FE2
S3150803E35073CE943D94FBAB3EE3AAB8BD036CB23FC0
S3150803E360266500BFC864013F83BBEFBE0ECF833D5E
S3150803E370E48C23BEC99D15BE35DE61BCAF0D253EB3
S3150803E380C31297BDF1A928BE5B74CABD7BD65CBE12
S3150803E390EFD7D23D12CF643E7E258BBE67E7C03BDF
S3150803E3A0D0E60D3EE23B95BD5CFE4D3FBFF8263FEA
S3150803E3B0B8D7623DE762743E361E063EF4E3623F13
S3150803E3C0281D06BF188D0D3F398E1DBFBAFCFFFFEA
S3150803E3D00400000040000000BD8FD0BD4D52233F0E
S3150803E3E06903B3BD0344EF3E09CE19BE4A7BCCBDD0
S3150803E3F08E30483F3300453FEB3D86BEDD1E1F3F4B
S3150803E4009032803FEA9E613E770B023F9875D83E6D
S3150803E41004DA34BE537745BE06FDFFFF0400000049
S3150803E42000020000556B8EBE4918523F2C3B233E13
S3150803E430BAA0423E837394BE9F5AFC3EC3DABC3EDF
S3150803E44021A9A23F1821143DFA243F3EC06B293F58
S3150803E4501D388ABE670E73BEEA11013EACCEE8BD0F
S3150803E460A252A4BE90D53BBFE8DF303F6EFF6E3E97
S3150803E470F3BD213F78B8C9BEE7D23FBF191B053F95
S3150803E480FDAE703F6CD0F53D4FE9D13E91A4443FB4
S3150803E4909AF0E4BE65BB153ED286D5BE6C555BBE07
S3150803E4A090FA9BBF5EE24C3E2038683E28154EBD67
S3150803E4B0A86A9FBE3EA2953EB1D762BF4550E9BE44
S3150803E4C0EF698D3E202A98BD23643B3F5E66783DFF
S3150803E4D0842094BE7FE0993EDC9A2B3F60A49CBDC2
S3150803E4E0814CEF3E04D85C3F53A51A3EC072963D55
S3150803E4F093FF273FA894643F5FB920BF3F7FB43E8D
S3150803E500BC07D1BDC8FCBD3D77C76D3F90AC17C0EE
S3150803E510D4E3923EE7DB8ABE795E1CBFD4B5F53DEC
S3150803E520BED7ADBE13C2843D799FC13D3E38473E33
S3150803E530DA441ABE74149DBE1A82D7BC13AB323D95
S3150803E54023E6B0BE686E68BD66C246BEC19AD5BD2F
S3150803E55098F941BE883C44BE9E8131BE204773BEAE
S3150803E560E8EB013E234C4C3F41614EBF78D5A23CB4
S3150803E5700337633E6E63DD3E079E743FBEAE85BEBC
S3150803E580D66336BE969324BEEE6528BF91F2553FF1
S3150803E590C75227BEBAF8DD3E7083F33EB849B0BD0D
S3150803E5A090DE113F1304A3BEF91A3F3F850F5ABDE8
S3150803E5B0DF31053F1C1816BFBCDC10BF3BF99A3F79
S3150803E5C00E3DE9BE7AD95DBED5F6D83E3BCF0740A8
S3150803E5D00575503FFCAC183FB8802F3F10E81CBDAB
S3150803E5E0E0F5A93CD2ED31BEE00553BDE6963D3EC6
S3150803E5F0C23C033E76FE21BE56484DBEECF02EBE07
S3150803E60004A47CBE228A45BE883B7DBDC0C42C3E7D
S3150803E61040662B3D0AB742BE8C5E4DBE14B5FE3D21
S3150803E620626C3EBE12FFFFFF0400000020000000DC
S3150803E630738B163F6A1EE83E6A51BB3DD4B3B33E9D
S3150803E640CFC8E5BD83E6953DA416AA3D4E3564BEFF
S3150803E6503EFFFFFF0400000080000000DB5891BF67
S3150803E6600A1C4FBFA52F933F959A70BE4B85A6BE2E
S3150803E670035E893E87B51BBE515D463E1CE67ABEE0
S3150803E68004C3C7BE75D20B3F25550E3F7C94073E80
S3150803E69036AF5B3D1FC59DBFAC92AC3E1011F9BEAC
S3150803E6A07DE441BFCE727FBF1C04F4BD4250973D43
S3150803E6B012306E3FACF006BE654889BE72D08FBF76
S3150803E6C05C32F5BED20719BFCAB58E3F076590BE41
S3150803E6D04174903D00A279BEEBA72EBECAFFFFFF89
S3150803E6E004000000100000007FF066BDCF38F83D37
S3150803E6F08CDCD53DBE61FABEE6FFFFFF04000000D1
S3150803E7000B0000006670313661636366703332004E
S3150803E71000000600080004000600000004000000CC
S3150803E7202C000000070000000100000000010000A3
S3150803E7300000000000000000400000000000000088
S3150803E7404000000000000000200000000000000058
S3150803E75084FEFFFF01000000100000000C001400F7
S3150803E76010000C00080004000C0000001000000054
S3150803E7707C010000800100008401000006000000FF
S3150803E78030010000EC000000980000006C00000057
S3150803E79030000000040000003EFFFFFF10000000E9
S3150803E7A01000000014000000020000000000000032
S3150803E7B0010000000C000000010000000900000031
S3150803E7C026FFFFFF140000001400000000000008E5
S3150803E7D010000000140000000000000010FFFFFFF7
S3150803E7E00100000009000000030000000800000003
S3150803E7F00A0000000B0000009EFFFFFF1000000048
S3150803E80010000000140000000100000000000000D2
S3150803E81001000000080000000100000005000000D8
S3150803E82086FFFFFF14000000140000000000000824
S3150803E83010000000140000000000000070FFFFFF36
S3150803E84001000000050000000300000004000000AA
S3150803E8500600000007000000000016001400100060
S3150803E8600C0008000000000000000000000004007F
S3150803E870160000001000000010000000140000003D
S3150803E8800100000000000000010000000400000071
S3150803E8900100000001000000000016001800000037
S3150803E8A0140010000F000800000000000000040018
S3150803E8B016000000140000001800000000000008FD
S3150803E8C01400000018000000000000000400040003
S3150803E8D0040000000100000001000000030000001E
S3150803E8E00000000002000000030000000100000011
S3150803E8F00C00000001000000000000000D000000ED
S3150803E9000C020000D0010000A40100006C01000005
S3150803E910440100001C010000F0000000CC000000C8
S3150803E920A40000007C000000500000002C0000003A
S3150803E930040000003CFEFFFF080000001000000072
S3150803E94002000000010000000400000002000000AD
S3150803E9500100000004000000C0FEFFFF0C000000D9
S3150803E960030000000C000000010000000400000082
S3150803E9700100000004000000E0FEFFFF0C00000099
S3150803E980040000001000000002000000040000005C
S3150803E9900800000002000000040000000800000050
S3150803E9A0A8FEFFFF08000000100000000200000098
S3150803E9B0010000000400000002000000010000003E
S3150803E9C004000000CCFEFFFF080000001000000052
S3150803E9D00200000001000000080000000200000019
S3150803E9E0010000000800000050FFFFFF0C000000B4
S3150803E9F0050000000C0000000100000008000000EC
S3150803EA00010000000800000070FFFFFF0C00000073
S3150803EA1006000000100000000200000008000000C5
S3150803EA2010000000020000000800000010000000AB
S3150803EA3038FFFFFF08000000100000000200000076
S3150803EA4001000000080000000200000001000000A9
S3150803EA50080000005CFFFFFF08000000100000002C
S3150803EA600200000001000000100000000200000080
S3150803EA700100000010000000E0FFFFFF0C0000008B
S3150803EA80070000000C000000010000001000000051
S3150803EA900100000010000000140010000C00000024
S3150803EAA00800000000000000000004001400000035
S3150803EAB00C0000000800000010000000020000001F
S3150803EAC0100000000C000000020000001000000007
S3150803EAD00C000000DCFFFFFF080000001000000028
S3150803EAE00200000001000000100000000200000000
S3150803EAF0010000001000000014000C0008000000CC
S3150803EB0000000000000000000000040014000000DC
S3150803EB1008000000100000000200000001000000C9
S3150803EB200C00000002000000010000000C000000B9
S3150803EB300300000030000000140000000400000079
S3150803EB40E8FFFFFF0E0000000000000EF4FFFFFFC2
S3150803EB5013000000000000130C000C000B0000005B
S3150803EB60000004000C000000090000000000000972
S3150803EB70B0070000A8C10308AEC10308B2C1030861
S3150803EB80C0C10308CBC10308D8C10308E3C10308FE
S3150803EB90F6C1030802C203080FC2030820C203080A
S3150803EBA032C2030844C2030862675F6D616C6C6F07
S3150803EBB06300FFFF010000003C0000009400000012
S3150803EBC03C00000096000000FFFFFFFFFFFFFFFF6A
S3150803EBD0960000000102070B0F0E0C080C080D180F
S3150803EBE010000101020102020304030101020404E5
S3150803EBF0F4010000FA00000096000000640000001B
S3150803EC004B000000320000001E0000001400000044
S3150803EC1000000000500040000800500024000400D3
S3150803EC209001500240009001AE011000000001025D
S3150803EC30020B0701160C000001080800000501086D
S3150803EC40FFFF02FFFF0808020204FF010022FFFF7D
S3150803EC5023080F030304040A0A030A2AFFFF1419E5
S3150803EC60191B011C15120400480C1404030506009D
S3150803EC70090000000000000000000000000000007A
S3150803EC80A0030906A0870908A0880907200509190A
S3150803EC90796E0108200409059D6E010820060904FA
S3150803ECA0456E010820020902156E01080A000000D4
S3150803ECB0000000000000000000000000A0010A0593
S3150803ECC0A0030A04A0080A03A0880A08A0060A01E2
S3150803ECD0A003090020060A170D70010801000200A7
S3150803ECE0000000000000030000000D0003000200FE
S3150803ECF0010005000049725314497207FF00010217
S3150803ED00030405FF145300724907CDF6000000FB00
S3150803ED10349B5F80000080001000000000000000A4
S3150803ED20ED550308692F03084D5803084F57030881
S3150803ED3000000100010005010005020203000200AC
S3150803ED4000000000020501000500000100010000A3
S3150803ED500100010202030002000000000002020192
S3150803ED600002000055B7010855B20108AB6A03084B
S3150803ED70216703088966030839B0010875AF0108D6
S3150803ED80CDAD01083B65030817630308F1B3010812
S3150803ED9035A901088DA70108A56403083D6A030878
S3150803EDA0E5690308536903089F67030801A7010870
S3150803EDB031A50108E5A501081B63030831A301086A
S3150803EDC0BF01FB9D4EF3BC36D874F5394138684C00
S3150803EDD08BD28915D08E1C742430ED8FC245637689
S3150803EDE05C15525ABF9A32636DEB2A65499C80DCDF
S3150803EDF0E69D350E480103CCDBFDF4AC1191F4EF27
S3150803EE00B9A5F9E9A7832C5E2CBE97F2D203B020E5
S3150803EE10BD1A3CCDA6B8995899B740EB7B60FF4A13
S3150803EE20503F10D2E3B3C974385FC5A3D4F6493F3C
S3150803EE3001020C00000004000000080002000000A4
S3150803EE40000000000000000000000000A007020008
S3150803EE50040000000000000000000000000000009D
S3150803EE60A0080403A00104015600000000000000E6
S3150803EE70000000000000000005000000000000007C
S3150803EE800000000000000000A0130500A0880A0780
S3150803EE90A0040903A0050902A00609010F00000042
S3150803EEA00000000000000000000000000100000050
S3150803EEB0000000000000000000000000A001010798
S3150803EEC0A0000104A00301060204080006000000CE
S3150803EED0000000000000000000000000A003060177
S3150803EEE0A0090609A0020608A0050607A005060646
S3150803EEF0A0070605A0020604A0010610A00806023C
S3150803EF00A00D060000000402050306010701010817
S3150803EF10090A0000A0015C04A0005C03A0015C02CE
S3150803EF20A0035C01A0025C00A0020F09A0030F0462
S3150803EF30A0030F03A0050F02A0010F01A0050F00F0
S3150803EF40A0040108A0030106010102042001060525
S3150803EF50B5C80108200806044DC80108200C060098
S3150803EF6021C801082000020509C10108200005057A
S3150803EF7029C2010820020503FDC10108200505066B
S3150803EF80D9C10108A0120100E1D5010829D6010853
S3150803EF90D5D5010835D601081DD60108017203081F
S3150803EFA03F7203086172030883720308A572030894
S3150803EFB0A5E2010855E2010861E2010855E30108E3
S3150803EFC065740308DF6F0308E36F0308E76F030835
S3150803EFD0EB6F0308EF6F030800000000B801000099
S3150803EFE0800B0020000210001C2D0020380D002085
S3150803EFF055E0010839E00108B51902083D1C020865
S3150803F0006D1B020820C001B80000000100000101C1
S3150803F01000010101C8C8C8C8C8C8C8C8C8C8C8C87C
S3150803F02000A801A802A8000000B801B802B800B0F9
S3150803F030030404080805000000000000000000009F
S3150803F0400000000000000000040008007C003100F6
S3150803F0503B001B0020000000394202081000000094
S3150803F060B14102082C38000078030000A83B0000D1
S3150803F07004000000283E00000400000030330000AE
S3150803F080FC040000A43B000004000000243E00002A
S3150803F090030000000000000030330000AC3B000012
S3150803F0A0010000002C3E000037000000A53A0000CE
S3150803F0B031330000010000000006800F70479349B2
S3150803F0C009684143880B7047914800680104C80FD3
S3150803F0D0704730B5002081490A6800238D4C521CBD
S3150803F0E06568AA4200D322681578AD06AD0E9D4021
S3150803F0F0054328009B1D1E2BF1D30A6030BD8448A7
S3150803F1000168090408D584490A68744B1A604A6871
S3150803F110C2618868AF4908607047F3B583B01700C2
S3150803F120C006000E00901038912833D2FFF7CCFFA3
S3150803F13000282FD00024794D01260398FFF7BCFF3A
S3150803F140002802D0022803D003E02868304000D004
S3150803F15001240197724F04980C21695E40180E2109
S3150803F160695E4018FFF7ABFF0199401838600498A9
S3150803F17000994018FFF7A3FF019940187860C0204B
S3150803F180800168490860200367490860FCF7C5FFE2
S3150803F1909148067005B0F0BDF8B5644AF024240515
S3150803F1A0C025AD041069022804D28C4800682040A3
S3150803F1B0A842F7D08A480068C01C8A4901438A488E
S3150803F1C001608A488A4B04219E680E4204D0117D49
S3150803F1D08906CE0F710021E0B60721D51669042EDC
S3150803F1E004D27E4E36682640AE42F7D0167D3607E1
S3150803F1F0360F072E14D1567D022E11DD967DB606DF
S3150803F200B60E022E0CDBD67D00960E4208D0F60704
S3150803F21000D50A21009EB60700D5891D00290BD102
S3150803F2207449714C21600021116080229202724C4C
S3150803F230226001601961F1BD4B1C16699E4204D216
S3150803F240664E36682640AE42F7D06C4B595C009141
S3150803F250674E31610099C900F8230B4002D080211B
S3150803F260C904116066490F68012F00D15B0053601A
S3150803F2703268002A1ED15C4B1A682027F75F3F03C2
S3150803F2809205920D3A431A600127076002228260AB
S3150803F290009880090AD10868002801D1182000E0DF
S3150803F2A01A20325E00210098FFF737FF307A0007ED
S3150803F2B000D43760F1BD4C484E49016000211B4A12
S3150803F2C01160802292024C4B1A60484A11604D4ADB
S3150803F2D0026142614048017070470000283E000001
S3150803F2E0062049490860002048490860F0210901B9
S3150803F2F0474A116080214900464A11600849414A34
S3150803F3000A604A603449087070470000A43E00004A
S3150803F310C04101A87C3E0000843E0000A03E0000D8
S3150803F320C84101A8C06101A8C05101A8C44000A8EA
S3150803F33030B581B00400A00314D53148006800280D
S3150803F34001D1162000E00C20FEF7DCFA3248806E65
S3150803F3500007C10F31480170082031490860C0030E
S3150803F360254908602F4D2868000406D5FFF7B1FE26
S3150803F370E861FFF7AEFE17490860A00727D5802086
S3150803F380C0021D490860FCF7EBFE00281FD0264A79
S3150803F3901068C0B2002802D00621244B19608109DF
S3150803F3A015D01D490B68012BFBD949680905090DB9
S3150803F3B0091DC900124B1B68012B00D14908002BF4
S3150803F3C001D1182300E01A23D25EFFF7A6FE01B087
S3150803F3D030BD00005C4201A8623E00000C0002A892
S3150803F3E0204000A800F0FF3FB84101A8044003A845
S3150803F3F0983E0000FFF3FF3F106001A8D84000A81D
S3150803F400683F0000FFFF0300006401A8504000A8FE
S3150803F4100C6000A80C5000A81C4000A8AC3B0000D8
S3150803F420846000A8C04101A89C3E0000005401A8BE
S3150803F43070B50822814B1A60814B1B68DC0302D521
S3150803F4400020088070BD0C880019401E00787D4D89
S3150803F450A870641C0C8045076D0F052D05D87A4ED8
S3150803F4603668F60603D5022D0DD0032070BD960423
S3150803F470AE401E4001D1082070BD052D03D11042B0
S3150803F48001D1641E0C80AB484860002070BDF3B5FB
S3150803F49082B008886D490978491CC9B2814204D2E9
S3150803F4A002990918491E097800E00021654A517036
S3150803F4B093785B075B0F01933023019C052C28D1B6
S3150803F4C0194232D19478E5081E242C40CD0702D57B
S3150803F4D0250001242C430125A24EE6402E4073D075
S3150803F4E0019EA14FE7414024274037434C0602D5E6
S3150803F4F03C0020272743947889080D40A1080C2649
S3150803F5000E402E43C0212140314320240C439770DB
S3150803F51054704B490C685578022123262E4008D08F
S3150803F520660302D52B40202B01D0052083E0434BED
S3150803F530196093789B0601D4202203E09278120778
S3150803F54002D540223D4B1A603E4A92786B461A70A2
S3150803F550C022864B1E680E4001D1154212D06E4654
S3150803F560377827263E40232E03D1E60207D4012601
S3150803F57006E0252E03D0212E04D1260302D5042620
S3150803F5802E4F3E601B6819402026019F002F1DD170
S3150803F5901E4028D02B4B5B781A40402A14D00C22E5
S3150803F5A01A40042A10D02A073CD40122002903D082
S3150803F5B0E200D10F01224A4069460978CB07DB0FDF
S3150803F5C01A422FD021012AD4072034E0022FE1D191
S3150803F5D01E4008D00029DDD1CC232B4003D16B462E
S3150803F5E01B785B0601D5032025E0A30311D59D4EA1
S3150803F5F073691B051B0D5B1C3668F60205D59A4E07
S3150803F60036683607B60F9B1B5B1E9BB2052B04D1C8
S3150803F610C0E7029B1B78052BBCD006200BE0802194
S3150803F620064A1160E90702D4401C03990880AC48CE
S3150803F63003994860002004B0F0BD00004C1002A8EE
S3150803F640BC3E0000243E0000480002A8403E0000DD
S3150803F650F2B586494978CA0705D4009A12888018EC
S3150803F660401E057800E000259E4C206802229E4B2A
S3150803F6701E68F60611D524696540EDB2002D03D13F
S3150803F6805E68E50975401540002D03D0040204D4CD
S3150803F6900A20F2BDD406954E3460744C2D02C02759
S3150803F6A00F402F43914D2F60A5786E07760F022ED4
S3150803F6B006D15B681A4003D1002000990880F2BD81
S3150803F6C0A0230B40AE08102737401F433B090E07FC
S3150803F6D002D41E0010233343CC220A401A261E40A6
S3150803F6E00A2E04D1CC2A02D01E00FD233340804EB5
S3150803F6F0DE40F60705D4000416D5412D10D1082996
S3150803F70012D17C48D84011210140114320200843D7
S3150803F71020700D210140009808D000F0A9F8F2BD29
S3150803F7200B2D01D10029ECD00720F2BD00F020F8FB
S3150803F730F2BD00008F33000038B50C006E490A7815
S3150803F740130953399D00491925881207120FAA1A56
S3150803F750D21A8018FEF76DFD010002D1200000F0D1
S3150803F76007F832BDF300A3E3981440684C0002A8D7
S3150803F770F8B50400614805683C4F3878D02630420E
S3150803F78002D00D21014005D008205D490860EF200D
S3150803F790FEF713FD39782000314204D00909397080
S3150803F7A000F066F8F2BD052129401FD001884D4AAD
S3150803F7B0D160544BEC0705D5491C0180690607D46B
S3150803F7C0514B05E043242C40422C03D1491C0180AC
S3150803F7D043600DE010214A4B19604C4912689300A7
S3150803F7E0DB0F1A010A63802212030A6000210180D3
S3150803F7F00020F2BD0A888018401E0078830601D4CB
S3150803F800121D0A801822024004D00888520880185C
S3150803F810C01E088039480068C00702D50888401CFE
S3150803F82008803948486000207047344A1368DB0764
S3150803F83008D51268920705D40A888018401E0078EE
S3150803F84004280CD110202E4A10603048254A126825
S3150803F8509300DB0F1A010263802212030260002061
S3150803F860088070470C4000A8080001A8243E000041
S3150803F87031B581B02648002100910822254B1B7813
S3150803F88002240C252B4202D10022234803E01D4003
S3150803F890082D00D10222DD0703D505001E20684086
S3150803F8A00094234207D015480068000601D51B4873
S3150803F8B001E00020C043019B194C20601948FF242E
S3150803F8C08470009C15012543C5700170188800993A
S3150803F8D040188018188014485860002036BD000068
S3150803F8E051350000BC3E0000480002A8481002A893
S3150803F8F00D0F0C0D07170850473F00004C0002A8D0
S3150803F9004C2002A8F53600002B3700001C1002A86D
S3150803F910DE1B2501243E00002084100000FCFF01A5
S3150803F920F03E0000443F000039360000243E000044
S3150803F930FD320000153300001533000015330000AF
S3150803F9401533000015330000000000000000000016
S3150803F9500000000000000000153300001533000006
S3150803F96015330000292A0000153300005B2B00001D
S3150803F9706B2B0000A12C0000212D0000E12D0000B7
S3150803F980712F0000112E00001D300000692E0000A3
S3150803F990B12E0000292F0000693100004132000012
S3150803F9A02D2B00002F270000D92200001533000055
S3150803F9B0D527000015330000F9280000C1280000E8
S3150803F9C015330000153300003D29000015330000E8
S3150803F9D015330000153300001533000015330000F6
S3150803F9E015330000691200005F12000000000000D2
S3150803F9F0000400080214021803240000494880681A
S3150803FA00000200D4704780B580208002AB490860A5
S3150803FA10CF2000F071FA01BDF8B5894A906B894B7E
S3150803FA208025AD031D60884C2168090520D5290B5F
S3150803FA30A026064002D11268D20601D5196017E03E
S3150803FA4005403CD1814F80253D60814A15600840B9
S3150803FA5035D0344E307A400705D501207D490860F4
S3150803FA6000027D4908603078002801D0062801DBAA
S3150803FA700020F2BD00F0A1FB616889684C68317803
S3150803FA80052905D17460A468CC218901724A1160DD
S3150803FA9000F09CFB012C00DA0224BC20800588496F
S3150803FAA0086094208005874908600020C0433864AD
S3150803FAB0604278648448056040203860D8E7834804
S3150803FAC00160FFF79BFF0120F2BD814801688905A4
S3150803FAD004D5C06E0004000F022801D00020704729
S3150803FAE00120704738B580245848046000F065FB48
S3150803FAF005007848006800F07FF9280000F066FBE7
S3150803FB00FFF77CFF0748007A000705D5A0004D4993
S3150803FB10086000F06BFC31BD60036C490860B148AE
S3150803FB20046031BD2C3E0000FEB50600CC208001E2
S3150803FB3069494860012469480460FFF7C6FF00283D
S3150803FB407DD0674D2878002879D0210201960528AB
S3150803FB5002D032460A4072D1CC27BF015E4A1760EB
S3150803FB60914A126881231B02134001D0032301E043
S3150803FB7053075B0F022805D1022B5ED308013649CA
S3150803FB800860F7BD4E01032804D1022B55D9324824
S3150803FB900660F7BD042802D111404ED0F7BD0528EB
S3150803FBA04BD10198002848D0C005C10F684641705B
S3150803FBB00198C004C10F6846017000F0FEFA02906E
S3150803FBC06A6868464078002803D01468802020496C
S3150803FBD00860350484496846007800280CD0D06844
S3150803FBE00B68C01A814B1B682B4001D0146800E0D0
S3150803FBF05468844200DD0400684640786A461278F1
S3150803FC00024308D008684242A01E824202DA6042D2
S3150803FC10886000E00024029800F0D8FA019880056D
S3150803FC2001D5734805600198064001D071480560FF
S3150803FC30002C02D008480760F7BDFFF753FFF7BD4E
S3150803FC400C0002A8442002A8BC3E00000CC001A870
S3150803FC5090E001A8C4D000A8145001A838B58024A0
S3150803FC609648046001201D4908601D4D287805281B
S3150803FC7002D0600092490860FFF727FF002812D0D8
S3150803FC8014480068000A80214140A868000EC9B2DA
S3150803FC90814208D2444800684007400F022802D22E
S3150803FCA0FFF720FF31BD87480168C0220A4002D109
S3150803FCB0C06F204001D00448046031BD1C1002A85F
S3150803FCC008E001A808D001A894D001A8441002A806
S3150803FCD0440002A818C000A8106001A8C4E000A840
S3150803FCE02C3E0000F1B582B00F00A020384003D1A6
S3150803FCF075480068C00603D58020800073494FE025
S3150803FD0000F05BFA0090FB2080010468F80202D534
S3150803FD10A0680069029000F0CCFB802109036068A3
S3150803FD2000F0A2F926780020761C6178B14200D249
S3150803FD3000261821714365180C3529780829F3DA42
S3150803FD402670A56062492A780A70BA0508D5FB2089
S3150803FD50800100688068C068FA0201D403229043D0
S3150803FD6088600127384003D100F0ACFC01F0A0F805
S3150803FD70F904686900F078F93C2000F0BDF8F0B2A0
S3150803FD8000F0BAF86088534901406180009800F092
S3150803FD901DFA38054D4908604F48076038024F4930
S3150803FDA008600298FEBD0000184001A810B54C482B
S3150803FDB00068800501D4FE2010BDC0208003494990
S3150803FDC0086000F0FAF9FB21890109688A78D207E5
S3150803FDD002D589688C7800E00C7800F0F7F92000E2
S3150803FDE010BD0000100002A848C001A84C0002A8D4
S3150803FDF04C1002A84C2002A8FB21890109688A68CD
S3150803FE008B78DB0704D5927818235A438A180C3261
S3150803FE1090607047F1B582B0334804680027200F15
S3150803FE20000702D1E001029038E001262F48006856
S3150803FE30304001D101F03CF800F0BFF90190F1041C
S3150803FE40606800F011F925786D1C6078A84200D225
S3150803FE500025E80020180C30009000680290F10491
S3150803FE600098406800F000F920480068304002D046
S3150803FE701E201F4908603D2000F03EF8E8B200F056
S3150803FE803BF825700098A060019800F09FF9174881
S3150803FE900068064002D102A801F064F81548006814
S3150803FEA0800408D51048C06901F02DFD0299081889
S3150803FEB0029000D502970298FEBD000094E001A8BF
S3150803FEC0146001A814C001A80C0002A8442002A8C3
S3150803FED02C3E0000FEFF0000C0E000A8106001A849
S3150803FEE0440002A8441002A8C43E0000784000A8B3
S3150803FEF0841102A8FC0302A84E490968002901D502
S3150803FF004D4908607047F3B581B04C4FB8684C4CFF
S3150803FF10410060D50125000100D521254949086816
S3150803FF2049680E0022689206920E80235B001343EB
S3150803FF30009380220D2905D00F2903D0102901D05B
S3150803FF40112908D140490968114004D03F49096875
S3150803FF501B2900D31643694609799C463B689B00CF
S3150803FF601A4063461A4300920A0023D0890601D52C
S3150803FF70012008E0F021014007D16946097A0C22DD
S3150803FF800A4002D0022000F03FF831490968090403
S3150803FF900AD53968090701D5022605E039684903F0
S3150803FFA001D5002600E0032648350099294A126838
S3150803FFB0930003E00099274A926B130940221340E2
S3150803FFC00B439100002E02D00E432666083523669E
S3150803FFD0014321662566E06D4407640F00F0D7F8F0
S3150803FFE0A0070BD0052C09D0B868000406D400F086
S3150803FFF0E4F80221184A116000F0E8F800F0D0F896
S31508040000002000F001F8F7BD0E490A68F0239A4368
S31508040010000110430860C0B270478020C0020F492F
S315080400200968890701D10E4900E00E49086070473E
S3150804003000000000500002A8884000A8480002A852
S31508040040284000A8643F0000BC3E0000448001A884
S31508040050684101A8184001A814D50350844000A893
S31508040060486000A8485000A880B56D4A116001F0A0
S3150804007075FCFFF7D2FF01BDFEB56A4D2878000668
S3150804008004D5287F002801D0182400E0462400F06F
S3150804009094F801906448C0684005C20DD52A01D277
S315080400A0D52204E0D1204000824200D90200100083
S315080400B001005E4B00932B6B5B011BD55C4B1B78D5
S315080400C0022B03D25B4E06277B43F2520023009D84
S315080400D02D7CDD40ED070AD5574D06265E43AD193E
S315080400E0AD888D4200D22900A84200D228005B1CA4
S315080400F0022BECD309190904504B0B40001BC0050D
S31508040100C00D184348490860C02000064C490860D9
S315080401104649087D00280CD04A48D52A02D98023A6
S31508040120DB050360D1235B009A4202D280231B06B7
S3150804013003600020444B18604888002800D10A80D0
S31508040140019800F043F800F063FDF7BD80B53F4819
S315080401503F4908603F48C1680902090A1922514300
S31508040160416005210160FFF787FF01BD80B52D4871
S315080401700178090604D5007F002801D0FFF77CFF23
S3150804018034480068C00301D5FFF776FF01BD802017
S31508040190C00223490860304800684007FBD470470A
S315080401A08020C0022D490860704701E02C49086088
S315080401B02C4909680140F9D170472B480068202169
S315080401C02A4A116010212A4A1160704730210140D9
S315080401D002D1102025490860704723480068302159
S315080401E00140102901D10120704700207047214899
S315080401F001210160C160704701201F4908607047EA
S315080402001E4800780621014007D01D4800680228C8
S3150804021003D0032801D0012070470020704700004E
S31508040220441002A8BC3E00007C400050703F000009
S315080402304C3E0000543E0000503E00000000FF0102
S31508040240A0600050A450005018E000E07F1A060190
S31508040250540002A810E000E0440002A8442002A8C2
S31508040260282002A8280002A8600002A8602002A884
S31508040270601002A8789001A884A001A8A03E0000F6
S31508040280683F0000F8B55B4880214902C161022134
S31508040290594A51600021594AD162594A11800321A9
S315080402A0554A116002210160564DCC01A8682040C8
S315080402B010D052480068F021090501409020000535
S315080402C0814207D0022050490860012001F06AFBE8
S315080402D04E48046020204E49086080204D49086035
S315080402E0CC2080014C49086001244C4804602868E5
S315080402F000900004070F4A480068C505ED0D103D37
S31508040300C0202843C0B2FFF7F7FD3C48C06B800302
S3150804031009D5092F07D0FFF773FF002801D003F08A
S315080403202FF801F06DF93F480668032D41D000986F
S315080403300007000F0090032803D0022806D1032FD4
S3150804034037D000F03FFA0098032803D0062F30D19F
S31508040350062D2ED034480068C00B204001D001F089
S3150804036051FC32480068000108D5052D06D101253F
S315080403702F4804606005FFF718FF00E000253100E8
S31508040380380000F057FA0600002D06D000F00EFCDF
S3150804039028480460022028490860600525494865FC
S315080403A0800926490860FFF72BFF002801D002F0D0
S315080403B0D2FF114821040162002F08D102214160AD
S315080403C000200E49C863C020C000134948643000A1
S315080403D0F2BD80B5FFF7DBFE19480078800602D423
S315080403E0022018490860FFF7DBFE01BD0220164902
S315080403F0086070472C1002A8282002A80C0002A83E
S315080404005C3E0000B00002A86C1102A8B82002A83D
S3150804041094E001A80CC001A8146001A8C4E000A8CF
S3150804042004ED00E0B44000A800E200E0EC3E000061
S31508040430645000A8646000A82C4000A880E200E08C
S31508040440BC3E0000081002A8082002A8F8B55B48BC
S31508040450046804275A4DBE01A0070FD5594801213F
S31508040460E022D2008368134002D02E602F612961EE
S315080404700068024002D02E60AF60A960FFF79DFEB7
S31508040480210506D52E602F61B7490D220A600F2271
S315080404900A60FFF79BFEF1BD80B5FFF78EFE86491D
S315080404A001228A600A600021B04A1160FFF78EFEB5
S315080404B001BD012081498A680240FCD10422BE4B51
S315080404C01A610B680340FCD1BB4882609101016044
S315080404D070477B4908680122104200D1704710B55D
S315080404E0E023DB000340FF24A41CA34207D3B34B39
S315080404F09C6BA40602D41B68DB0600D54868024038
S3150804050001D000F021F910BDF8B50400894D28681A
S315080405103F2188438849097801432960FFF7D9FFB1
S31508040520C820A862062085490860802040038449BB
S31508040530086080098349086020688D4DAF68874242
S3150804054000D30700C01B20600121200000F0BDFB7A
S3150804055006002068C0192060FFF778FF8548006800
S315080405602860002E11D18448102141620821834A4B
S3150804057012680A4001D0016000E0416093490968A5
S31508040580490002D58021490141623000F2BD8C48F8
S315080405900178090610D5007F00280DD08748C16B5D
S315080405A0C90609D4816BA0220A4005D10068C00691
S315080405B0C10F01204840704700207047500002A828
S315080405C0881102A8900102A880B5FFF7E0FF002869
S315080405D003D00021042001F0ABFB01BDF1B57C4832
S315080405E07C49C860EE20C00408607B487B490860E3
S315080405F0FFF7CDFF002803D00021042001F098FB63
S31508040600774C8020C0012060082776488765012535
S31508040610704845641D2073498862734E9B204000C8
S31508040620B061072001F0BEF902206E498862534979
S315080406300A68D20603D56B496C4A0A6008E00F2299
S315080406400968394002D03100103101E03100143113
S315080406500A6067490968002900D4B761E3210901DA
S315080406603160C021C900634A1268F823DB011340CC
S3150804067001D1F16201E0574A9165216C294008D0FD
S31508040680616BC90705D45C490968084001D101F0C2
S315080406906DFB0020C04359490860606B054001D1D1
S315080406A0FFF7D4FE009801F06BF9606B8001FCD467
S315080406B0606A53490860F1BD902102A8940102A812
S315080406C0743F000010B53E480178090606D5007F38
S315080406D0002803D00021052001F02AFB15480168EB
S315080406E03F229143474A12780A4302603C4C606BA6
S315080406F0C00701D4FFF7D0FE43499720400008609D
S31508040700102008604148E32212018266404ACA6101
S315080407100021404A11600F210822184B1B68134018
S3150804072001D0816700E0C1670321016002631003F9
S31508040730206010BD2C8001A85E3E00000C9001A824
S31508040740982002A8A41002A8F0210901324A1160CF
S31508040750014032480160202031490860314909685E
S315080407600840C6490860704700100C5000000C5039
S31508040770A03F0000340002A8601102A8FC0302A8E6
S3150804078029482A4982680A4002D1C268114001D020
S315080407901149016014480821AB4A13680B4000D07C
S315080407A081611178C90602D58C21090101601420DA
S315080407B0B3490860FBE10000882102A80C0002A8DE
S315080407C0BC3E00000448054908607047EC0002A8CE
S315080407D0000FFF00242102A801200000706201A86E
S315080407E0100002A8C01002A8501102A8BD030000F8
S315080407F028C000A8A88001A8343E0000B46000A858
S315080408009C3F00005F3E0000682102A8E82002A879
S3150804081010100000C00002A8586001A8585001A88A
S31508040820482002A8184001A8704201A80080008048
S3150804083070470000F8B586B005000C0091480068BA
S31508040840400102D52000402404438F48C66AFFF7B6
S31508040850B4FC0590B00503D58C480068FFF7CCFABC
S315080408600020019001227006C00F0290884B9868F8
S3150804087000219960B8214900864E31606608B8217E
S3150804088031401B78F0261E40402E02D10B00402131
S3150804089019430D2D02D1030004201843430704D538
S315080408A00B001421194310239C437B4B1B680393A9
S315080408B06B461A70039BDA0506D580225200774BDD
S315080408C01A600A0001211143029A002A11D10C2246
S315080408D00A40082A0DD00A006B4B9B6BDD0601D42F
S315080408E01025AA439B0601D420239A43B123134017
S315080408F055D06A461278002A54D0A94DAA6BAB6D16
S3150804090001265207520F921D9640DA04D20CB21AE7
S3150804091092B2082A09D2802106225B4B1A604A023F
S31508040920A04B1A6000226B461A7081220A403CD0FA
S315080409300822029B002B00D12A62030008201843D0
S3150804094010229443042213059C4E3360D304964E16
S3150804095033606B461B78002B24D0062A2BD3494ECA
S31508040960F36CDB0627D5B36E9BB2DFB22F611B0A85
S315080409702B61934B1B681B0E019373699BB2904EB4
S31508040980F66B360603D01E0080235B0133432B61C6
S315080409901B0A2B61404B1B68DD058CD40BE008222F
S315080409A07F4B1A620490009132E000BF27A24B06DF
S315080409B0DB0ED25CCDE704900091334B186B80496B
S315080409C00968774D2E686F463E810600282737400A
S315080409D01743820CD2013A43000E304010263040A9
S315080409E01043890040221140014302A88170586BC4
S315080409F0000A02A9C870FFF7D9F902A90871019873
S31508040A00487170480068C8800298E8660398E866E2
S31508040A100598FFF7DBFB0825600601D5674885605E
S31508040A20FFF7EEFB002805D067480078002801D0B8
S31508040A30664805600498C1B20098C0B2FFF763FA25
S31508040A40200007B0F0BD0000F84F000003010706B8
S31508040A50030107060501060605010606030207063D
S31508040A60030207060502060605020606081A03D245
S31508040A70574909684018401C70470000481002A8E6
S31508040A806C3F0000084000A8180002A81CC000A873
S31508040A90643F0000B46000A81C0100AA1C2100AA37
S31508040AA0F8B54C4F0F2401254B4910264B48806B4B
S31508040AB030401BD001200870494800687969FFF75F
S31508040AC0D5FF48490968401801285DDB01F0F6F9A5
S31508040AD045490968090B0C40022C53D16905434A58
S31508040AE0116043490E643D490D604BE02E023B48B4
S31508040AF0006CC0001ED53F480068E0218905014006
S31508040B0042D0394D286821030140700181423BD106
S31508040B10FFF753FB384A39490968314002D0384946
S31508040B20096811602968090B21400229F3D0FFF7E7
S31508040B304DFBF1BD33480068002825D00D7000F040
S31508040B401FFF002820D101F0B9F927490968090BC4
S31508040B502140022916D1264A1160690239601F49C3
S31508040B600E60214A1168090B21400229FAD011683E
S31508040B70090B0C40032C02D029041C4A11600021DD
S31508040B80204A116001F09EF9F1BD802080041E49B7
S31508040B9008607047802040041B49086070470000BD
S31508040BA0540000AA141100AA4C5001A800BF174803
S31508040BB00168490701D0FF2141617047441002A822
S31508040BC0184001A8448001A8AC3B0000845000A842
S31508040BD038C001A80CC001A8613E0000100002A894
S31508040BE01CC101A8DC3E0000B00002A81C1002A823
S31508040BF0082002A84C4001A8800000AA084000A8C2
S31508040C00904000A8383E00003C2002A80C4000A8EA
S31508040C107047FF2808D0022806D2FE2189010978E0
S31508040C20C140C807C00F704700207047F0B5802040
S31508040C30000208219B4A11600A2101229A4C0123C9
S31508040C408B400343C1A56D5C1D43A560F025974EF3
S31508040C503560944DC0A6765C022737432F60042678
S31508040C602E60A74D2D68154006D1D5026D1E03D0FA
S31508040C70A66C3603FAD401E00220F0BDA56CE66C36
S31508040C806D036D0BAE4200D21800491ED7D5082154
S31508040C90864B1960A0609B490968490113D59A498E
S31508040CA04B785D1C01262E404E701D0006267543A2
S31508040CB04D192468AC80E8800B70FE208001017809
S31508040CC09A400A4302700020F0BDF1B582B0FFF7DE
S31508040CD0E3FB8E48006B400101D401241CE08C48D8
S31508040CE0806B0021884ACBB206246343D3189B88B9
S31508040CF084B2A34204D0491CCBB2022BF3D3FF21FE
S31508040D00117001248149096B490105D51078FFF74B
S31508040D1080FF002800D000247C480078000608D507
S31508040D207A48007F002804D07848407F002800D1FC
S31508040D300124784DE869019077480068E861774EA0
S31508040D4002980068316D4718012F16DB00F08FFDF5
S31508040D503060C001381A01280FDBFFF7AAFB00F040
S31508040D60A7F802980068316D401800F009FE0028BB
S31508040D7003D00021029A116010E0694FC020C00018
S31508040D8038602868072832D005210840052808D085
S31508040D9029600C2000F006FE002802D00199E961BA
S31508040DA0FEBD604EFF207A3070620420B062FFF701
S31508040DB080FB02203060E020C0045B494860802044
S31508040DC08004786002203860012000F0EBFD802062
S31508040DD080007062022000F0E5FD8020C000706289
S31508040DE00820B062022000F0DDFD0220B0624F4EFA
S31508040DF0E02040003060042000F0D4FD07003ED116
S31508040E000220494908608002B062C001B06210201D
S31508040E103F4908600120F0654548006840061BD430
S31508040E203A48006B400113D537480078694608707C
S31508040E3068460078FFF7EDFE002809D0324869466F
S31508040E400978062251434018C0883149086403E0EA
S31508040E50FFF7ECFE07001AD12D4801210160002195
S31508040E60C167022000F09EFD324E40203060C0303B
S31508040E703060022000F096FD8120C002B062002C8A
S31508040E8005D02B480068800101D4FFF76FF9E9699A
S31508040E90E020400308400199274A0A400243EA61D0
S31508040EA03800FEBD889001A8448001A888A001A83E
S31508040EB038B5FFF7F1FAFFF7FCFA02241448046080
S31508040EC01E4D0820A862C0016862012000F06AFD70
S31508040ED0200268622C600620A86219486862E0202D
S31508040EE0400014490860104804600021094A11604A
S31508040EF0C021C9000160134800681349086031BD60
S31508040F00140002A8EC3E00004C3E0000BC3E000063
S31508040F100C8001A85C0102A8F80302A88C3F000013
S31508040F20981002A85C1102A8982002A82C9001A87F
S31508040F30500002A82CA001A8FFFFE3FF5C2102A829
S31508040F40F9610000340002A8943F00000000000183
S31508040F500102040810202000505050404040403000
S31508040F602020200070B50600FFF7A3FAC020C000B1
S31508040F7019490968F822D2010A4001D1174900E043
S31508040F80174908601748AC21490081640A210160A1
S31508040F9015488021490301608909C160134C6069B9
S31508040FA0AF21C90145183068854200D30500401BA6
S31508040FB0306000213000FFF788FE31684919316036
S31508040FC00B490968216070BD802000010949086041
S31508040FD00001094908607047AC8001A87C1102A881
S31508040FE07C2102A80C8001A8981002A8903F000052
S31508040FF0340002A8441002A8685000A8F1B584B0C9
S31508041000B84800680190B848C06BAF21C9014018B8
S315080410100499884205D2081A00F0B2FC002800D0C8
S3150804102048E2B24D6868C00700D543E20420B049D7
S31508041030C8628003AF498862CF480468A86B8607EC
S31508041040B60F032E03D01020A949C86224E08022D3
S31508041050920208468262E86B800601D5012061E0A7
S31508041060200610D5E86B022108400CD1C348052395
S315080410700360EB6B10273B401943016000210160B4
S31508041080A96B090A016004209A49C862E86B00281A
S3150804109002D597488262002620060DD5B648007FF9
S315080410A0002809D020209249C862C948006820212E
S315080410B008409049C8620EE0A86B400705D5A86B9E
S315080410C0C00080214900084003E087480069C10739
S315080410D001D5FFF739FBE00708D5CD48B10140181B
S315080410E0006AC004C00C401ECA490860CA480168A0
S315080410F0090404D5806FC10F0120484000E0002090
S31508041100C649C02292000A603202002802D0C020D2
S31508041110800000E01000C24B1860C02080004860C0
S315080411205A600020296C942292050A40140000D0C3
S31508041130012480263602204300062DD08E4830210D
S31508041140405CC0210140402902D1FFF742F901E081
S31508041150FFF74CF920202860240600D1AAE1A86BE1
S31508041160400709D57008634988620220D249086095
S3150804117000F094FA002807D004205D49C8624002AA
S315080411805C498862CC4806607B480078000600D42F
S3150804119090E13001564938E16868C00700D589E10D
S315080411A0B0005449C862FEF7F2FF9A48406E296CAB
S315080411B0314008D1C00606D5FEF7FFFF0221BF4A13
S315080411C01160FFF703F8FEF7EBFFF0082860C74C39
S315080411D0C0273F066760A86B4007C10F68460170C1
S315080411E0EE20C0040199C90700D485E0C049086007
S315080411F03009E0610320BF490864FE20C00348643F
S3150804120042204860A02020600820BB4908660420C4
S31508041210AB490860286CC00238D5B8484068010C48
S315080412200391B7490004C00B085A02900398102882
S315080412302CD32D490889E72828D3088995225200F2
S31508041240904206D8029B101A00094343980A43425F
S3150804125005E0029A9B4BC01800094243930A5BB205
S315080412600398C018CA6B94468A6C53436246D218CC
S31508041270CA636F2801D36F2002E00F2800D20F201B
S3150804128001020143000408439E49086098489E49A0
S315080412908164B90C61600221974A5167B90D81606E
S315080412A0F02109014165F00920610A2000F07AFB62
S315080412B06760822040022066012000F073FB01204B
S315080412C06060062000F06EFB6660082000F06AFB8A
S315080412D03001606080006060032000F063FB7000EA
S315080412E046E000BFFC0302A8683F0000100002A8FD
S315080412F01C2002A81C1002A80199490740D57C495C
S3150804130008607D4E8220C004F06680208000E0617B
S31508041310C001B066B80C88647C4860600A2000F096
S3150804132041FB74490020086408604860A0202060D6
S3150804133008203066022070670A2000F033FB6760D5
S3150804134073482066012000F02DFB062000F02AFBD6
S3150804135008206060062000F025FBF80D6060082070
S3150804136000F020FB60206060032000F01BFB0220D5
S315080413705349086009E000BFBC3E0000E40000AA27
S31508041380644A4021002001F007F863480021C94354
S31508041390C16301229349097809061BD5A96B490734
S315080413A018D4914909680D2905D00F2903D01029A5
S315080413B001D011290ED10649896B49050AD58B49ED
S315080413C009681B2906D23C480261C26403E000BFCF
S315080413D0184001A8026000F04AFA834E401DC00175
S315080413E0F16B47188020C0018149496F0140029179
S315080413F0804908600498874215D2F16B401A00F0B8
S31508041400BFFA00280ED002987B49086052E000BF54
S315080414100C0000AA204000A8684101A8086100A899
S31508041420085100A8049F0198400702D5802080002F
S3150804143000E072486060012000F0B4FA686AB0639C
S31508041440802040002C490860380000F099FA654C61
S3150804145068460078002806D16548006860628020DE
S31508041460C0038D49086002986349086020480199B9
S31508041470490704D5802189008164234903E00221B0
S315080414808164C02189018164686A3063684600788A
S31508041490002809D0012000F085FA2078000603D533
S315080414A08020000390490860286CC00202D51348BE
S315080414B00068F06305B0F0BD685000A814E5035051
S315080414C0C82102A8D6FEFFFF80B5FEF776FE8B4933
S315080414D000220A600A22CA61FEF778FE8848C021FB
S315080414E0890201608749416001BD0000681102A8AC
S315080414F0242102A8600102A8B81002A8F83F000037
S31508041500C0000000DC4001A80404000004044000F4
S315080415100204000012070000786000A87A48806B6D
S31508041520800300D47047F8B578480768002400207B
S3150804153001252F4202D0C020800102E0790700D598
S315080415407348744902220A600864082072490860CC
S3150804155072480068C00403D4714800680007FBD5C4
S31508041560704E26487065042000F01CFA8820C004D2
S3150804157070653D4007D0A02080037065012000F007
S3150804158011FA694808E06020706580204002B0605E
S31508041590012000F007FA65487065654D2C606C609B
S315080415A0C02000067065C00C62490860012000F07E
S315080415B0F9F9F0200001F0665F48046086204002CD
S315080415C05E4908605E48706508203060A020306572
S315080415D02C646C64802080014B49086000015949D9
S315080415E00860F1BDBC3E0000683F0000448001A8C5
S315080415F020C001A894E001A894D001A802400000E4
S31508041600F8B5514800680D24044008200425002C28
S3150804161001D1042404E009212140092900D14440C8
S315080416204A49102706034A4A4A4B1B682B40126844
S3150804163014D04A60204004D00220FEF7E5FC464850
S315080416400660254007D045480068074343480760B5
S31508041650B008414908600220414915E00A60204063
S3150804166005D00220FEF7D0FCA8023B4908602540B5
S3150804167006D03A4801680F4307607009364908607E
S315080416803748066030032F490860FFF747FF0021F3
S315080416900020FEF738FCF1BD1C1002A810B5802006
S315080416A030490A6802400AD02F4A136806241C40A7
S315080416B005D1546E2D4B2340126D940101D500209B
S315080416C010BD096808400DD02948834203D1100586
S315080416D001D5012010BD27480068C107C90F481E57
S315080416E08041C00F10BD00001C2002A82248032117
S315080416F00164A821C163102101607047D80000AABB
S31508041700442002A804000080100002A8FC0302A8D2
S31508041710040400002C1102A8106001A8D84001A8EE
S31508041720104001A8182102A80180000089050000BC
S31508041730600102A8B06101A8548001A8C82102A8C2
S3150804174004340000482002A8B44000A8E43E00007F
S315080417501CC101A8480002A8441002A8643F00005E
S31508041760685000A8440002A814C001A81F1F00005E
S31508041770010C000030C101A8082002A86C480068C2
S315080417800121084209D16B4A12686B4B000C1840B8
S31508041790F03291400B40984201D002207047002055
S315080417A07047F8B507000F386A461080604CE06841
S315080417B00A0004D16B461B8882B29A423AD20022A6
S315080417C06B461A80012502263A0013D02268324055
S315080417D007D000292ED059480088401C574908804C
S315080417E000203900216156490E6080B2B84201D3FF
S315080417F069460D805348456000E030BF2068304094
S3150804180003D1FFF7BBFF0028F7D04D4845603900E0
S3150804181010D02168314005D048490A886B461B8890
S31508041820D2180A80066000202061E068B84201D216
S3150804183044480660FFF7A2FFF2BD38B5040000F07D
S315080418403DFB0500012199204443A0093E4A12683C
S315080418508018123880B2FFF7A4FF04008020C00164
S315080418603A490860280000F02DFB200032BD3348B1
S3150804187003883549096802889342F9D1100408187F
S315080418807047FEB51238070C6946088000F016FB47
S315080418900190274C294D2888B8421ADA01202C4988
S315080418A00860274E30BF02202168014006D0306008
S315080418B04003264908602888401C2880FFF75EFFF5
S315080418C0002802D12988B942ECDB0121716000287D
S315080418D00DD12888B8420AD1E06869460988884241
S315080418E005D2002168460088FFF75BFF01E0FFF791
S315080418F045FF04008020C00114490860019800F0DF
S31508041900E1FA2000FEBD10B512490A680E4B1B68A1
S315080419100C689442FAD0DB014033141A02D288695F
S315080419202418641C0C4800684443181B10BD0000A6
S31508041930280002A804ED00E0FF3F00005C3E00001A
S31508041940282002A8281002A8340002A880E200E091
S315080419502C1002A820C001A8B43F0000F0B502E08C
S315080419600A601C602E607EC84F1C07D05F1C04D01A
S315080419706F1CF5D10A601C60F0BD0A60F0BD00005A
S3150804198010B5C409FFF773FF201A312806DAC00018
S31508041990183801D4C01EFDD5002010BD2000FFF75D
S315080419A070FF10BDC32148436F3801D41E38FDD5D6
S315080419B00020704780B5FEF727FB01208A49086096
S315080419C001BD38B589490D68082489490C60FFF7B3
S315080419D0F1FF254001D08748046031BD80B5EB206E
S315080419E000F001F801BD30B583490A681040102398
S315080419F01A4210D0814A824C2468234008D0AF4B3F
S31508041A001C682402FF252D022540156300241C604A
S31508041A1080235B031360086030BDF0B50024A84D2D
S31508041A2000270BE0BC46075D6F43A60096597E4027
S31508041A300F5D6F43374066463743641C9C42F1D3B7
S31508041A403809384381080143480808430540E90929
S31508041A5029430F208A0B0A4302405040F0BDF1B5D2
S31508041A6084B00E00954F00203860964DE87A0090B1
S31508041A70A87A02900F200099014001910099014229
S31508041A800DD0019B904A91490498FFF7C6FF029925
S31508041A90014039608E4841438E48084001D10124EB
S31508041AA000E044010098001116D03200009803069D
S31508041AB01B0F29000498019E6D7A75194019FFF7C2
S31508041AC0ACFF02990911014038680A0102433A60D9
S31508041AD0002901D0480044437F480068204001D1CA
S31508041AE0042000E0002005B0F0BD80B50A000021FE
S31508041AF011807A4952888018FFF7B1FF02BDF0B504
S31508041B000F22774B5C7905780F202040C5402009C1
S31508041B10284001259C79C4402C4001D10320F0BDFE
S31508041B20374C2468254008D06E4D9E684700F65BFE
S31508041B30761E2E608026B601EE60DD78DE79C64014
S31508041B40F00711D5E0060FD5002D0DD0664848607C
S31508041B500888488008881C7800192A4080185A780A
S31508041B6080182A09801800E0002008800020F0BDAB
S31508041B7010B55E4801685E4A0820014200D09061AB
S31508041B80C90602D58C21090111605A495A4A5B4B88
S31508041B901B681B040CD54B685C0402D5C30313608D
S31508041BA006E0C024A4011C4043029C4200D01060F5
S31508041BB00B68034005D0524B1B689B0F9B0700D04C
S31508041BC010600F480078C023034002D180204005E6
S31508041BD0106008682021084010604A480068C0015F
S31508041BE001D4FFF7FBFE10BD2C4000A84C4000A80A
S31508041BF04C6000A84C5000A86C3F00001C1002A8BA
S31508041C00BC3E0000F8B5404F38687E6806403F4839
S31508041C1030403F4908608024A4033E4DF00226D58F
S31508041C203D48016801200A0605D53C490968A960AA
S31508041C302870022014E0014202D03949A9600FE055
S31508041C400020C9060CD52849A96036498A7813079D
S31508041C501B0F0978591812098918A980E880A888D9
S31508041C60A880002801D0264301E0FFF7B7FE2640E6
S31508041C7023D0274E74603460A88800280BD0396AAC
S31508041C80814208D3291D2848AA6890470100F3D041
S31508041C90FFF790FEF1BD01000CD0FC218902F16129
S31508041CA022490203CA6134604C603A6A824204D308
S31508041CB00C60F1BDEB20FFF796FEF1BD3C3E00003B
S31508041CC0010101013C3F0000F43E0000343F0000DE
S31508041CD01111000021840000F03E0000143F0000AA
S31508041CE0443F0000204000A8BF210000F84F000030
S31508041CF0502102A8184001A8481002A8684101A862
S31508041D004C4201A8D04000A8B44000A8FFFFDFFF5A
S31508041D10B46000A8403E0000BC3E0000A43B00009E
S31508041D20D3210000453F0000D84000A8B45000A8BD
S31508041D3070B505000C0000F0C1F80600FEF757FA66
S31508041D402002054306480560022006490860FEF796
S31508041D5053FA300000F0B6F801200349087070BD44
S31508041D6004C0095040D00950603E0000FEB5C020AA
S31508041D70C00433490860334833494865334888659D
S31508041D8033484024046044601020FFF70BFE002803
S31508041D9054D1FF2000052F4908602F482F490860B1
S31508041DA02F4829490860A5032A4805602D4807686D
S31508041DB00820FFF7F7FD002840D108262A480660C0
S31508041DC00120FFF7EFFD2748806801902748066041
S31508041DD027481D4908601F4805600820FFF7E2FDEB
S31508041DE000282BD1204806600120FFF7DBFD1D489B
S31508041DF0806800901D480660134D1E4828600199A6
S31508041E00009800F03FF88606B60E0198C10B0098B4
S31508041E10C00B00F037F80102FC208001084030436B
S31508041E2028601048076060030A490860124804607D
S31508041E30446012490164124941640020FEBD000051
S31508041E4020E000A8571400004C0102A8FF3FFF3FFA
S31508041E50601102A8B42002A80000380EB41002A823
S31508041E6030300000104101A8105101A8106101A8E2
S31508041E701010000020200000602102A8F703F000DB
S31508041E80FF3F000010B54904CA104004C310991A4C
S31508041E9000209A18D30F9A18521052188B115B0EF9
S31508041EA05B18DB11D2182023541A01D422001843D4
S31508041EB0CC0F611849105B08F6D110BDEFF31080FA
S31508041EC072B67047002800D162B6704710B5C300D1
S31508041ED018221A40FF249440E3438907090E9140C7
S31508041EE0020004D4734892089200801806E0724AE5
S31508041EF00007000F0838800880001018026813408D
S31508041F001943016010BD80B574225421002000F0E5
S31508041F1043FA01BD10B5FFF7D1FF684901220A60EB
S31508041F20674B684C2360684C23600323674C236023
S31508041F30674C2360674B1A60674B1A60674B8024AB
S31508041F401C601A60664A1A6011228A63FFF7BAFF90
S31508041F503F206449096801400A1D402A00D2081D29
S31508041F60614A1070AD48017010BD80B5010011209A
S31508041F70FFF7ACFF01BDFFF7A1FF0500002401210F
S31508041F8060B2FFF7A3FF641C0E2CF8D301210F20BF
S31508041F90FFF79CFF01211320FFF798FF0121172063
S31508041FA0FFF794FF03210120C043FFF78FFF0121A8
S31508041FB01E20FFF78BFF4D484D49086002204D4906
S31508041FC008600120A049086047044B4C2069384042
S31508041FD0FCD02068800101D4FEF7B8F82800FFF782
S31508041FE071FF46480068000311D497225200532112
S31508041FF0002000F0D1F90AE000281CD0FEF7DDF82D
S3150804200019E020693840FCD02800FFF75BFF206EF2
S315080420100004000F022801D1FEF742FDFFF74EFF28
S315080420200500714EFEF7D9F800287078E4D0002828
S3150804203001D1FEF7CBF801212E483278002A05D1C2
S31508042040774A1268920600D4016030BF00223270C3
S31508042050022202607C480160D3E77C480168406834
S3150804206008407B49014017480160880700D4704737
S3150804207010B578480188491C0180774C20780006F9
S3150804208017D5764802680F21120B0A40032A10D185
S31508042090A94A12685207520F032A0AD80068000B85
S315080420A00140032905D10D20FFF78BFCE08A401C6B
S315080420B0E08210BD00E400E01CED00E0040002A884
S315080420C00000FF3F282002A82C1002A840E002A81E
S315080420D044C002A804C001A8044001A8145001A8D9
S315080420E0200060062C8001A85E3E0000FFFF9B408E
S315080420F000E100E0602002A8500002A8F80702A840
S31508042100F8B5574C2068656805408C4805605548FD
S31508042110284007D0FEF774F8002803D02800884919
S3150804212009688847874801210D4211D00222864B47
S315080421301A60864A12680A4007D10268F0231B050A
S315080421401340902212059342F3D00902804A116083
S3150804215080210D4220D0A36AF822D2011A401BD04E
S31508042160C0231B019A4217D880263606894A166068
S31508042170A76AF822D2013A40384F3F683F043F0F16
S31508042180022F01D0032F03D1002A01D09A42EFD39C
S31508042190904A1660694A11608F49097806290DDA4A
S315080421A0CC20800128401DD0FFF788FE04002800B3
S315080421B0FDF7BAFC2000FFF785FEF1BD806B8005AC
S315080421C010D58648284005D0FEF732FB2800FDF7CF
S315080421D0ABFCF1BDA80205D580204001574908602B
S315080421E07F490860F1BD0000613E000010B57D49D5
S315080421F008684C6804407C48046080210C4205D079
S3150804220041607A4801600020FDF78EFC600403D51E
S31508042210802040057649086010BD00005F3E000036
S31508042220F40302A838B5734908684C680440E00703
S3150804223007D5FFF743FE0500FDF710FD2800FFF755
S3150804224041FE6D48046031BD601002A8280002A84A
S31508042250FFFF00C05C3E0000BC3E0000B00002A8C0
S31508042260104001A802000600FEB5644C206C676C99
S31508042270074001252F4216D02E06614806602068BD
S3150804228060490D60002802D00021FDF7EDFE5E4886
S315080422900068A021C90188428041C043C00F5B4938
S315080422A048705B480660FDF788FF019002200740E6
S315080422B03ED06268D1B2120A564B08244A4E4703E6
S315080422C0012924D0022931D1012A22D15249C978B7
S315080422D000915149097801228A4050490A604E49B9
S315080422E00978490590225204891803220A434C495D
S315080422F00A6037604B490F601968009A891859654E
S31508042300454909788D4048490D6048490DE00090D3
S31508042310DFE7002A0AD146490D600021596577602E
S315080423203760C104434A116043490C603549086063
S315080423300198FDF74BFFF7BD184001A8106001A8E6
S31508042340A83B00000C0002A86C1102A8B44000A81F
S31508042350B82002A870B5FDF730FF0400FFF7AEFDFC
S315080423602F490A68D2070FD52A4A536D1568334E82
S315080423703360CB6873604968F1818021C904204BB6
S315080423801960317B69185165FFF79CFD2000FDF73C
S315080423901DFF70BDE06101A8002800D0704770B524
S315080423A00C00FDF70AFF0500FFF788FD0600FDF798
S315080423B01EFF234804600121224A1160026C0A4068
S315080423C0FCD1FDF719FF3000FFF77CFD2800FDF767
S315080423D0FDFE70BDE05101A82C3E00000010400629
S315080423E0145001A890C001A890E001A80CC001A847
S315080423F004ED00E0C0C000A8C0E000A800C002A820
S31508042400441002A840E002A8404000A8613E00002B
S31508042410442002A818C00A50753E000068E00A5015
S3150804242060C101A894D001A868D00A50F42302A870
S3150804243060E101A880E200E0F41302A86C3E000003
S3150804244000C0095040D0095080B5FDF7D9FE0028D0
S3150804245001D000F0A4FE01BD80B5FDF713FFB34813
S31508042460006800030AD4FEF7ADF9FFF757F8FEF73C
S3150804247029F90120FFF728F8FEF71AFD80208005C0
S31508042480FDF793FE01BD80B5FDF7FCFE80204002F2
S31508042490FDF78BFE01BDFEB505206949086069484C
S315080424A0056801273D4201D1FDF7F6FFFDF7EAFE6F
S315080424B0654908680090934849680160A905CA0FE8
S315080424C069460A7100243D4210D000949849496827
S315080424D00160974800688C490B681A1A984202D317
S315080424E08B69D218521C934B9A42F5D3924E346098
S315080424F068460079002804D029000098FDF7F2FB05
S31508042500009000253068384003D16846FDF7FCFF83
S315080425100500FEF73CF8002846D08548407C00288C
S3150804252042D19948824EF16802690B689A4200D0F2
S315080425300124964A1378022B0DD2954A944606220C
S3150804254053436246D25A8C46230018214B436146AC
S31508042550C9184A6000E0022500990191F168012230
S31508042560624018235A438C1821680161A1680160E6
S315080425709648E168016021690162606994490860C6
S3150804258001A8FDF7C1FF002808D180490978022966
S3150804259004D27F4A06235943515A6160290005002B
S315080425A00D4301D1777401E0002D02D10098FEF79E
S315080425B015F888480760022087490860C820C004BF
S315080425C0AE4908607804FDF7F0FDF7BDF8B59F4CF1
S315080425D00020E0638025EF02FDF7D9FF002808D024
S315080425E09B480078002804D13800FDF7DEFD2560F5
S315080425F0F1BD206CC00506D580200006206000BF0A
S3150804260000BF40082060FEF7BBF89D480068C0215B
S31508042610090181439B480160FDF734FEFDF7FCF987
S315080426200600994899490860FFF70EFF3800FDF738
S31508042630BCFD002E00D025600120B9490870F1BD03
S315080426405C1102A8440002A8B83F0000F8B5B548D2
S3150804265000688F49096801408E4801600120FFF728
S3150804266084FCFDF70FFE8C484421405C052101409B
S3150804267002D0FDF7AEFE01E0FDF7B8FE734F012464
S3150804268002258548406C284000D03C601020C04391
S31508042690A54908600026A5480660FDF7B1FD00288F
S315080426A002D000F0C9FD01E07B480660FDF76FFD26
S315080426B09F480068396C090407D4000705D5FDF757
S315080426C07CFD9C490D60FDF781FDFDF769FDFFF76B
S315080426D04FFA9948006804400CD0802000069749B0
S315080426E00968014006D08F49896A084002D10D203D
S315080426F0FFF767F9A804FDF758FD0020FFF735FC36
S31508042700F1BD0000383E000020C001A880B5FDF7E1
S31508042710B9FD06480068000303D4FDF7D3FFFEF7A6
S31508042720C7FB80204003FDF740FD01BD0C0002A84D
S31508042730C83E000001FF0000343E000038B5FDF72E
S31508042740A1FD424C2025FEF7A9FF002806D0606BA0
S31508042750000704D5FEF7CAFFFEF736FC2560FDF729
S31508042760B1FFFEF7A5FB764800780C210140042941
S3150804277002D1FDF72EFE01E0FDF738FE6804FDF7E9
S3150804278014FD4020206031BD348001A84C3E000071
S31508042790523E00001CB505206A490860FDF772FD23
S315080427A0FEF7A4FFB548006800906846FEF7DAFB12
S315080427B00400FFF749FE002C02D10098FEF71EFC20
S315080427C080204004FDF7F1FC13BD00001C4101A85C
S315080427D0284000A8442002A8305201A8F8B5FDF7FD
S315080427E051FDA74CA56A5020284002D0FDF7F1FDFB
S315080427F001E0FDF7FBFD154FFEF750FF00281BD13E
S31508042800B86B40071DD4786BE0214901014018D103
S31508042810A80611D4FDF7BBFCA56A9A4E354207D023
S31508042820FF20C0432D18A56280200005964908603C
S31508042830FDF7B6FC2E4002D00120386001E00020E6
S31508042840206080208004FDF7B0FCF1BD100002A8CA
S31508042850D93E000080B5FDF715FD8C480068C00513
S3150804286001D5FDF72FFF0120FEF72EFEFEF720FB0C
S315080428708020C004FDF799FC01BD0000106001A882
S315080428800C4001A8086001A870012000B46000A8E3
S31508042890883F00000C5001A8A83E000070B52848DF
S315080428A00668FDF7EFFC8024A403794D296809031B
S315080428B003D52000FDF779FC70BD0321C00601D5B8
S315080428C0314001E0B0080140012902D1FDF781FD3C
S315080428D00BE0300107D50E20FFF76CF8A048042159
S315080428E0016008210160FDF781FDFDF7F2FD9D4EAB
S315080428F030699D490860FFF7A7FD3068002807D0AE
S315080429004000122802D2FFF74DF801E0FEF795FFC2
S315080429102000FDF74AFCA86B8000FCD470BD0000BB
S31508042920613E0000084001A8482002A83C3E000079
S31508042930844000A814E50350404101A8D44101A8E5
S31508042940EC3E00005C1102A8F8B584B00124002509
S315080429500295FDF797FC03904D4E3068000371D439
S315080429600320A2490864A24800680227FF218901B6
S315080429700F220F230340032B03D0000B0240062A21
S315080429803CD19C4800684A680092326C3A4001D0AF
S3150804299089680091FEF7B7FF0099401801D501959B
S315080429A000E00190B06B0007C10F6846017003226E
S315080429B09148006B104002281AD10398C00617D50F
S315080429C08D480068C10512D5F36B8C490B408B42C0
S315080429D003D11020854908640AE0800508D4306CC0
S315080429E02821014004D100242748026000E000247D
S315080429F0684600780290200002D10EE0086801902B
S31508042A00FEF74CFE002808D0FEF770FE0298002850
S31508042A1002D0FEF7D9FA00E0002474480760002CB7
S31508042A2011D075483021405C0C210140042902D09C
S31508042A30F06BC00602D5FDF7CCFC01E0FDF7D6FC29
S31508042A402020706014E0FDF73DFE802000060E4944
S31508042A5008600020C0436A49086001A8FEF782FAA4
S31508042A600400FFF7F1FC002C02D10198FEF7C6FA20
S31508042A7080200004FDF799FB05B0F0BDCC3F0000AB
S31508042A80C43E000000FFFF00481002A8680102A81F
S31508042A900C0002A8FEB500240194FDF7F3FBFFF72A
S31508042AA0D3FC584EF06E584D0007000F07280ED178
S31508042AB0706800280BD40020FEF706FD28682A490A
S31508042AC00860FDF781FD3068800044D5FBE70120E6
S31508042AD00321494A73685B070BD44C4B1B680340B4
S31508042AE007D01368DF050BD55B0502D43368DB050D
S31508042AF003D40190106B800904E01020444B18603D
S31508042B00106B0009014000910020FEF7DDFC0098D7
S31508042B10002805D17068C00602D4FDF767FC01E0F9
S31508042B20FDF757FC00200199002903D139480068AC
S31508042B30FEF7E9FE6969401801D5009400E00090A3
S31508042B406846FDF7E1FC002805D10098FDF746FD27
S31508042B50A8690549086080200005FDF726FBF7BD2E
S31508042B6080E200E0AC3F0000383E0000F8B5FDF70F
S31508042B7089FB002400252848466B80277F053006F4
S31508042B8006D5300709D5FEF7B1FDFEF71DFA29E08B
S31508042B9001251E480068284019D00020FEF794FC39
S31508042BA00220064002D01D490C60C8611C4804680E
S31508042BB0002D03D02000FDF72DF90400FEF796FD3D
S31508042BC02000FEF71BFA3800FDF7EFFAF1BD1548A9
S31508042BD00078C0210140402902D1FDF7FAFB01E043
S31508042BE0FDF704FC20200C490860ECE7082002A83D
S31508042BF0B00002A80CC101A8BC3E000010000010D9
S31508042C00B46000A8440002A8BC3F0000B44000A871
S31508042C10481002A81CC101A8100002A8180000AA9E
S31508042C20D83F0000EC3E0000FFF774F90248034958
S31508042C304860FFF7A0F900BF4B260000000000001B
S31508042C4080B5EFF305800B2801D23A2100E029214B
S31508042C50922252000020FFF79FFBFEE702030303BC
S31508042C60030404040405050000000001010101022F
S31508042C700202020303030303040404040400000019
S31508042C8001010101070708080303030504040405F1
S31508042C9005050606060707070803020204040403D3
S31508042CA004050506060606070707020202030303C8
S31508042CB003040404040505050505060606060102BB
S31508042CC002020203030303030404040404050505BA
S31508042CD0050606060C0C0C0C0B0B0B0B0B0B0B0B43
S31508042CE00B0B0B0B0B0B0B0B0B0B0C0C0C0C0C0C1C
S31508042CF00C0C0C0C0B0B0B0B0B0B0B0B030404042B
S31508042D000405050505060606060607020202020369
S31508042D100303030404040404050505050506060659
S31508042D200202020207070304060704040303030353
S31508042D300405060303050607080405060403040434
S31508042D40030304050606030405060708C7BFBEBE33
S31508042D50BEB5B5B4B4ABABDCDCDBDBD2D2D1D1C8FF
S31508042D60C8C8C7BFBEBEBEBDB5B5B4B4B4DCDBDB2C
S31508042D70D2D2D2D11B1B16162E2D2D2A2929292546
S31508042D80242420201F1B1B1B162E2D2D2A2A2929F5
S31508042D902524242020201F1B1B1B2D2DBEB5B5B4AE
S31508042DA0B4ABABABAAA2A1A1A1A099999898C7BFA5
S31508042DB0BEBEBDB5B5B4B4B4ABABABAAAAA2A1A109
S31508042DC0A199999900000000030303030302020270
S31508042DD002020202030302020202010101010101C5
S31508042DE0000000000303030303020202D0C7C6C699
S31508042DF0C6BDBDBCBCB3B3B2B2B2A9DBDBDADAD1A9
S31508042E00D1D0D0C7C7C6C6C6BDBDBCBCBCB3B3B299
S31508042E10DBDBDADA1F1F2D2B221E2E2E323232313D
S31508042E202D2624303028231F1B2B26222E322E2E05
S31508042E3031312D282424302C27231E1A62675F6D0E
S31508042E406573736167652072656365697665727310
S31508042E5000BE83605ADB0B376038A5F5AA918388D0
S31508042E606C01020300000000D1F71737D1F717B732
S31508042E708071313F807131BF0000003F000000BF00
S30D08042E80C0D9FB7F0100000024
S31108042E88942E0408C0370020BE00000089
S31508042E9400000000C0EA2101C0EA21010080000004
S31508042EA4C0175302D83700200040310800A0000098
S31508042EB49C0F0020C8000000FE000000000000006B
S31508042EC474A50308C00A0020FFFFFFFFFFFFFFFFE6
S31508042ED4FFFFFFFFFFFFFFFF4CD70308DEFE640076
S31508042EE40A002800FFFFFFFF100E000060DA03083B
S31508042EF424380020A41A002005C10308020000008F
S31508042F04C9CB00080000000000000000000000000F
S31508042F14000000000E0F0000A41A0020330000006D
S31508042F2489CC0008A83800208C3800207038002082
S31508042F34008004501027000000010000000000006F
S31508042F44000000000000000002010000FF00010068
S31508042F54008004501027000000010000000000004F
S31508042F640000000001000400FF0001000080045072
S31508042F741027000000010000000000000000000003
S31508042F8400030700FF000100008004501027000016
S31508042F9400010000D41A002000000000010000000B
S31508042FA400000000100000001000000000000000EB
S31508042FB400FFFFFFFF000000695703086D57030865
S31508042FC47157030800000000156F03080000000089
S31508042FD435C50108000000000000000000000000D8
S31508042FE4E1C401080000000000000000000000001D
S31508042FF4CDC5010800000000000000000000000020
S3150804300415C90108000000000000000000000000C3
S3150804301449D001080000000000000000FFFFFFFF7C
S315080430240000000000000000FFFF0000D8EF0308BA
S31508043034EF700308FFFFFFFF9B73030897730308E6
S31508043044FFFFFFFFFFFFFFFF9F730308FFFFFFFF59
S3150804305419790308DF2500009944020800000000D2
S3150804306403000000D43000209C390020000000002E
S31508043074D43000203C310020A43100200000000094
S31508043084000000000000000000000000000000002A
S31508043094000000000000000000000000000000001A
S315080430A4000000000000000000000000000000000A
S315080430B40000000000000000FFFFFFFFFFFFFFFF02
S315080430C420000400000000000000020010000000B4
S315080430D400000000000000000000000000000000DA
S315080430E40A000100000000000A000D000000456DF6
S315080430F4707479204578616D706C650002000A0065
S31508043104080030303030303030300000020005001A
S315080431140300303030000000020008000500302E99
S31508043124302E3000000002000800000000000000F1
S315080431340000000012000100000000000000000066
S315080431440103020000000000010202001700FFFF49
S315080431540D0000000000BF8FAF7F8700370F1010E3
S315080431640004040F05140A2801010101FF010307D9
S31508043174000A01FF0D01FF0F030100001D080008E2
S30D080431845DD20008F5070008F6
S70508027C7BF9
